"../../../Engine/Content/Functions/Engine_MaterialFunctions01/Shading/PowerToRoughness.uasset" 0
"../../../Engine/Content/Functions/Engine_MaterialFunctions01/Shading/PowerToRoughness.uexp" 1
"../../../Engine/Content/Functions/Engine_MaterialFunctions01/Shading/ConvertFromDiffSpec.uasset" 2
"../../../Engine/Content/Functions/Engine_MaterialFunctions01/Shading/ConvertFromDiffSpec.uexp" 3
"../../../Engine/Content/EngineSounds/Master.uasset" 4
"../../../Engine/Content/EngineSounds/Master.uexp" 5
"../../../Engine/Content/EngineSky/M_SimpleSkyDome.uasset" 6
"../../../Engine/Content/EngineSky/M_SimpleSkyDome.uexp" 7
"../../../Engine/Content/EngineSky/VolumetricClouds/CloudWeatherTexture.uasset" 8
"../../../Engine/Content/EngineSky/VolumetricClouds/CloudWeatherTexture.uexp" 9
"../../../Engine/Content/Functions/Engine_MaterialFunctions02/Utility/MakeFloat2.uasset" 10
"../../../Engine/Content/Functions/Engine_MaterialFunctions02/Utility/MakeFloat2.uexp" 11
"../../../Engine/Content/EngineSky/VolumetricClouds/CloudGradientTexture.uasset" 12
"../../../Engine/Content/EngineSky/VolumetricClouds/CloudGradientTexture.uexp" 13
"../../../Engine/Content/EngineSky/VolumetricClouds/T_NoiseShape64.ubulk" 14
"../../../Engine/Content/EngineSky/VolumetricClouds/T_NoiseShape64.uasset" 15
"../../../Engine/Content/EngineSky/VolumetricClouds/T_NoiseShape64.uexp" 16
"../../../Engine/Content/EngineSky/VolumetricClouds/T_VolumeNoiseShape64.uasset" 17
"../../../Engine/Content/EngineSky/VolumetricClouds/T_VolumeNoiseShape64.uexp" 18
"../../../Engine/Content/EngineSky/VolumetricClouds/T_NoiseErosion.ubulk" 19
"../../../Engine/Content/EngineSky/VolumetricClouds/T_NoiseErosion.uasset" 20
"../../../Engine/Content/EngineSky/VolumetricClouds/T_NoiseErosion.uexp" 21
"../../../Engine/Content/EngineSky/VolumetricClouds/T_VolumeNoiseErosion32.uasset" 22
"../../../Engine/Content/EngineSky/VolumetricClouds/T_VolumeNoiseErosion32.uexp" 23
"../../../Engine/Content/EngineSky/VolumetricClouds/m_SimpleVolumetricCloud.uasset" 24
"../../../Engine/Content/EngineSky/VolumetricClouds/m_SimpleVolumetricCloud.uexp" 25
"../../../Engine/Content/EngineSky/VolumetricClouds/m_SimpleVolumetricCloud_Inst.uasset" 26
"../../../Engine/Content/EngineSky/VolumetricClouds/m_SimpleVolumetricCloud_Inst.uexp" 27
"../../../Engine/Content/EngineResources/GradientTexture0.uasset" 28
"../../../Engine/Content/EngineResources/GradientTexture0.uexp" 29
"../../../Engine/Content/EngineResources/DefaultVolumeTexture2D.uasset" 30
"../../../Engine/Content/EngineResources/DefaultVolumeTexture2D.uexp" 31
"../../../Engine/Content/EngineResources/DefaultVolumeTexture.uasset" 32
"../../../Engine/Content/EngineResources/DefaultVolumeTexture.uexp" 33
"../../../Engine/Content/EngineResources/DefaultTextureCube.uasset" 34
"../../../Engine/Content/EngineResources/DefaultTextureCube.uexp" 35
"../../../Engine/Content/EngineResources/DefaultTexture.ubulk" 36
"../../../Engine/Content/EngineResources/DefaultTexture.uasset" 37
"../../../Engine/Content/EngineResources/DefaultTexture.uexp" 38
"../../../Engine/Content/EngineResources/Black.uasset" 39
"../../../Engine/Content/EngineResources/Black.uexp" 40
"../../../Engine/Content/EngineResources/FilmGrains/Marcie_Grain_v3_128_M2_000.uasset" 41
"../../../Engine/Content/EngineResources/FilmGrains/Marcie_Grain_v3_128_M2_000.uexp" 42
"../../../Engine/Content/EngineMeshes/Sphere.ubulk" 43
"../../../Engine/Content/EngineMeshes/Sphere.uasset" 44
"../../../Engine/Content/EngineMeshes/Sphere.uexp" 45
"../../../Engine/Content/EngineResources/WhiteSquareTexture.uasset" 46
"../../../Engine/Content/EngineResources/WhiteSquareTexture.uexp" 47
"../../../Engine/Content/EngineMaterials/Widget3DPassThrough.uasset" 48
"../../../Engine/Content/EngineMaterials/Widget3DPassThrough.uexp" 49
"../../../Engine/Content/EngineMaterials/Widget3DPassThrough_Translucent.uasset" 50
"../../../Engine/Content/EngineMaterials/Widget3DPassThrough_Translucent.uexp" 51
"../../../Engine/Content/EngineMaterials/Widget3DPassThrough_Translucent_OneSided.uasset" 52
"../../../Engine/Content/EngineMaterials/Widget3DPassThrough_Translucent_OneSided.uexp" 53
"../../../Engine/Content/EngineMaterials/Widget3DPassThrough_Opaque.uasset" 54
"../../../Engine/Content/EngineMaterials/Widget3DPassThrough_Opaque.uexp" 55
"../../../Engine/Content/EngineMaterials/Widget3DPassThrough_Opaque_OneSided.uasset" 56
"../../../Engine/Content/EngineMaterials/Widget3DPassThrough_Opaque_OneSided.uexp" 57
"../../../Engine/Content/EngineMaterials/Widget3DPassThrough_Masked_OneSided.uasset" 58
"../../../Engine/Content/EngineMaterials/Widget3DPassThrough_Masked_OneSided.uexp" 59
"../../../Engine/Content/EngineMaterials/Widget3DPassThrough_Masked.uasset" 60
"../../../Engine/Content/EngineMaterials/Widget3DPassThrough_Masked.uexp" 61
"../../../Engine/Content/EngineMaterials/WeightMapPlaceholderTexture.uasset" 62
"../../../Engine/Content/EngineMaterials/WeightMapPlaceholderTexture.uexp" 63
"../../../Engine/Content/EngineMaterials/RemoveSurfaceMaterial.uasset" 64
"../../../Engine/Content/EngineMaterials/RemoveSurfaceMaterial.uexp" 65
"../../../Engine/Content/EngineMaterials/PreintegratedSkinBRDF.uasset" 66
"../../../Engine/Content/EngineMaterials/PreintegratedSkinBRDF.uexp" 67
"../../../Engine/Content/EngineMaterials/DefaultCalibrationGrayscale.uasset" 68
"../../../Engine/Content/EngineMaterials/DefaultCalibrationGrayscale.uexp" 69
"../../../Engine/Content/EngineMaterials/PPM_DefaultCalibrationGrayscale.uasset" 70
"../../../Engine/Content/EngineMaterials/PPM_DefaultCalibrationGrayscale.uexp" 71
"../../../Engine/Content/EngineMaterials/DefaultCalibrationColor.uasset" 72
"../../../Engine/Content/EngineMaterials/DefaultCalibrationColor.uexp" 73
"../../../Engine/Content/EngineMaterials/PPM_DefaultCalibrationColor.uasset" 74
"../../../Engine/Content/EngineMaterials/PPM_DefaultCalibrationColor.uexp" 75
"../../../Engine/Content/Functions/Engine_MaterialFunctions02/WorldPositionOffset/CameraOffset.uasset" 76
"../../../Engine/Content/Functions/Engine_MaterialFunctions02/WorldPositionOffset/CameraOffset.uexp" 77
"../../../Engine/Content/EngineMaterials/PhAT_JointLimitMaterial.uasset" 78
"../../../Engine/Content/EngineMaterials/PhAT_JointLimitMaterial.uexp" 79
"../../../Engine/Content/EngineMaterials/InvalidLightmapSettings.ubulk" 80
"../../../Engine/Content/EngineMaterials/InvalidLightmapSettings.uasset" 81
"../../../Engine/Content/EngineMaterials/InvalidLightmapSettings.uexp" 82
"../../../Engine/Content/EngineMaterials/M_InvalidLightmapSettings.uasset" 83
"../../../Engine/Content/EngineMaterials/M_InvalidLightmapSettings.uexp" 84
"../../../Engine/Content/EngineMaterials/MiniFont.uasset" 85
"../../../Engine/Content/EngineMaterials/MiniFont.uexp" 86
"../../../Engine/Content/EngineMaterials/Good64x64TilingNoiseHighFreq.uasset" 87
"../../../Engine/Content/EngineMaterials/Good64x64TilingNoiseHighFreq.uexp" 88
"../../../Engine/Content/EngineMaterials/GizmoMaterial.uasset" 89
"../../../Engine/Content/EngineMaterials/GizmoMaterial.uexp" 90
"../../../Engine/Content/EngineMaterials/BaseFlattenEmissiveMap_VT.uasset" 91
"../../../Engine/Content/EngineMaterials/BaseFlattenEmissiveMap_VT.uexp" 92
"../../../Engine/Content/EngineMaterials/BaseFlattenGrayscaleMap_VT.uasset" 93
"../../../Engine/Content/EngineMaterials/BaseFlattenGrayscaleMap_VT.uexp" 94
"../../../Engine/Content/EngineMaterials/BaseFlattenLinearColor_VT.uasset" 95
"../../../Engine/Content/EngineMaterials/BaseFlattenLinearColor_VT.uexp" 96
"../../../Engine/Content/EngineMaterials/Black_1x1_EXR_Texture_VT.uasset" 97
"../../../Engine/Content/EngineMaterials/Black_1x1_EXR_Texture_VT.uexp" 98
"../../../Engine/Content/EngineMaterials/BaseFlattenDiffuseMap_VT.uasset" 99
"../../../Engine/Content/EngineMaterials/BaseFlattenDiffuseMap_VT.uexp" 100
"../../../Engine/Content/EngineMaterials/BaseFlattenNormalMap_VT.uasset" 101
"../../../Engine/Content/EngineMaterials/BaseFlattenNormalMap_VT.uexp" 102
"../../../Engine/Content/EngineMaterials/FlattenMaterial_WS_Normal_VT.uasset" 103
"../../../Engine/Content/EngineMaterials/FlattenMaterial_WS_Normal_VT.uexp" 104
"../../../Engine/Content/EngineMaterials/FlattenMaterial_VT.uasset" 105
"../../../Engine/Content/EngineMaterials/FlattenMaterial_VT.uexp" 106
"../../../Engine/Content/EngineMaterials/BaseFlattenNormalMap.uasset" 107
"../../../Engine/Content/EngineMaterials/BaseFlattenNormalMap.uexp" 108
"../../../Engine/Content/EngineMaterials/BaseFlattenGrayscaleMap.uasset" 109
"../../../Engine/Content/EngineMaterials/BaseFlattenGrayscaleMap.uexp" 110
"../../../Engine/Content/EngineMaterials/BaseFlattenDiffuseMap.uasset" 111
"../../../Engine/Content/EngineMaterials/BaseFlattenDiffuseMap.uexp" 112
"../../../Engine/Content/Functions/Engine_MaterialFunctions02/PivotPainter2/Black_1x1_EXR_Texture.uasset" 113
"../../../Engine/Content/Functions/Engine_MaterialFunctions02/PivotPainter2/Black_1x1_EXR_Texture.uexp" 114
"../../../Engine/Content/EngineMaterials/BaseFlattenEmissiveMap.uasset" 115
"../../../Engine/Content/EngineMaterials/BaseFlattenEmissiveMap.uexp" 116
"../../../Engine/Content/EngineMaterials/BaseFlattenLinearColor.uasset" 117
"../../../Engine/Content/EngineMaterials/BaseFlattenLinearColor.uexp" 118
"../../../Engine/Content/EngineMaterials/FlattenMaterial.uasset" 119
"../../../Engine/Content/EngineMaterials/FlattenMaterial.uexp" 120
"../../../Engine/Content/EngineMaterials/DefaultWhiteGrid_Low.uasset" 121
"../../../Engine/Content/EngineMaterials/DefaultWhiteGrid_Low.uexp" 122
"../../../Engine/Content/EngineMaterials/EmissiveMeshMaterial.uasset" 123
"../../../Engine/Content/EngineMaterials/EmissiveMeshMaterial.uexp" 124
"../../../Engine/Content/EngineMaterials/DefaultWhiteGrid.ubulk" 125
"../../../Engine/Content/EngineMaterials/DefaultWhiteGrid.uasset" 126
"../../../Engine/Content/EngineMaterials/DefaultWhiteGrid.uexp" 127
"../../../Engine/Content/EngineFonts/RobotoDistanceField.uasset" 128
"../../../Engine/Content/EngineFonts/RobotoDistanceField.uexp" 129
"../../../Engine/Content/EngineMaterials/DefaultTextMaterialOpaque.uasset" 130
"../../../Engine/Content/EngineMaterials/DefaultTextMaterialOpaque.uexp" 131
"../../../Engine/Content/EngineMaterials/DefaultDiffuse.ubulk" 132
"../../../Engine/Content/EngineMaterials/DefaultDiffuse.uasset" 133
"../../../Engine/Content/EngineMaterials/DefaultDiffuse.uexp" 134
"../../../Engine/Content/Functions/Engine_MaterialFunctions02/Utility/BreakOutFloat2Components.uasset" 135
"../../../Engine/Content/Functions/Engine_MaterialFunctions02/Utility/BreakOutFloat2Components.uexp" 136
"../../../Engine/Content/EngineMaterials/DefaultPostProcessMaterial.uasset" 137
"../../../Engine/Content/EngineMaterials/DefaultPostProcessMaterial.uexp" 138
"../../../Engine/Content/EngineMaterials/DefaultLightFunctionMaterial.uasset" 139
"../../../Engine/Content/EngineMaterials/DefaultLightFunctionMaterial.uexp" 140
"../../../Engine/Content/EngineMaterials/DefaultDeferredDecalMaterial.uasset" 141
"../../../Engine/Content/EngineMaterials/DefaultDeferredDecalMaterial.uexp" 142
"../../../Engine/Content/EngineMaterials/DefaultBokeh.uasset" 143
"../../../Engine/Content/EngineMaterials/DefaultBokeh.uexp" 144
"../../../Engine/Content/EngineMaterials/DefaultBloomKernel.uasset" 145
"../../../Engine/Content/EngineMaterials/DefaultBloomKernel.uexp" 146
"../../../Engine/Content/EngineMaterials/BlueNoise.uasset" 147
"../../../Engine/Content/EngineMaterials/BlueNoise.uexp" 148
"../../../Engine/Content/EngineFonts/Faces/RobotoLight.uexp" 149
"../../../Engine/Content/EngineFonts/Faces/RobotoLight.uasset" 150
"../../../Engine/Content/EngineFonts/Faces/RobotoLight.ufont" 151
"../../../Engine/Content/EngineFonts/Faces/RobotoBold.uexp" 152
"../../../Engine/Content/EngineFonts/Faces/RobotoBold.uasset" 153
"../../../Engine/Content/EngineFonts/Faces/RobotoBold.ufont" 154
"../../../Engine/Content/EngineFonts/Faces/RobotoRegular.uexp" 155
"../../../Engine/Content/EngineFonts/Faces/RobotoRegular.uasset" 156
"../../../Engine/Content/EngineFonts/Faces/RobotoRegular.ufont" 157
"../../../Engine/Content/EngineFonts/Faces/DroidSansFallback.uexp" 158
"../../../Engine/Content/EngineFonts/Faces/DroidSansFallback.uasset" 159
"../../../Engine/Content/EngineFonts/Faces/DroidSansFallback.ufont" 160
"../../../Engine/Content/EngineFonts/Faces/RobotoItalic.uexp" 161
"../../../Engine/Content/EngineFonts/Faces/RobotoItalic.uasset" 162
"../../../Engine/Content/EngineFonts/Faces/RobotoItalic.ufont" 163
"../../../Engine/Content/EngineFonts/Faces/RobotoBoldItalic.uexp" 164
"../../../Engine/Content/EngineFonts/Faces/RobotoBoldItalic.uasset" 165
"../../../Engine/Content/EngineFonts/Faces/RobotoBoldItalic.ufont" 166
"../../../Engine/Content/EngineFonts/Roboto.uasset" 167
"../../../Engine/Content/EngineFonts/Roboto.uexp" 168
"../../../Engine/Content/Functions/Engine_MaterialFunctions02/Utility/CameraDirectionVector.uasset" 169
"../../../Engine/Content/Functions/Engine_MaterialFunctions02/Utility/CameraDirectionVector.uexp" 170
"../../../Engine/Content/EngineDebugMaterials/VolumeToRender.uasset" 171
"../../../Engine/Content/EngineDebugMaterials/VolumeToRender.uexp" 172
"../../../Engine/Content/EngineDebugMaterials/M_VolumeRenderSphereTracePP.uasset" 173
"../../../Engine/Content/EngineDebugMaterials/M_VolumeRenderSphereTracePP.uexp" 174
"../../../Engine/Content/EngineDebugMaterials/M_SimpleUnlitTranslucent.uasset" 175
"../../../Engine/Content/EngineDebugMaterials/M_SimpleUnlitTranslucent.uexp" 176
"../../../Engine/Content/EngineDebugMaterials/DebugMeshMaterial.uasset" 177
"../../../Engine/Content/EngineDebugMaterials/DebugMeshMaterial.uexp" 178
"../../../Engine/Content/EngineDebugMaterials/DebugEditorMaterial.uasset" 179
"../../../Engine/Content/EngineDebugMaterials/DebugEditorMaterial.uexp" 180
"../../../Engine/Content/EngineDamageTypes/DmgTypeBP_Environmental.uasset" 181
"../../../Engine/Content/EngineDamageTypes/DmgTypeBP_Environmental.uexp" 182
"../../../Engine/Content/EditorResources/S_TriggerSphere.uasset" 183
"../../../Engine/Content/EditorResources/S_TriggerSphere.uexp" 184
"../../../Engine/Content/EditorResources/S_TriggerCapsule.uasset" 185
"../../../Engine/Content/EditorResources/S_TriggerCapsule.uexp" 186
"../../../Engine/Content/EditorResources/S_TriggerBox.uasset" 187
"../../../Engine/Content/EditorResources/S_TriggerBox.uexp" 188
"../../../Engine/Content/EditorResources/S_Trigger.ubulk" 189
"../../../Engine/Content/EditorResources/S_Trigger.uasset" 190
"../../../Engine/Content/EditorResources/S_Trigger.uexp" 191
"../../../Engine/Content/EditorResources/S_Terrain.ubulk" 192
"../../../Engine/Content/EditorResources/S_Terrain.uasset" 193
"../../../Engine/Content/EditorResources/S_Terrain.uexp" 194
"../../../Engine/Content/EditorResources/S_Solver.ubulk" 195
"../../../Engine/Content/EditorResources/S_Solver.uasset" 196
"../../../Engine/Content/EditorResources/S_Solver.uexp" 197
"../../../Engine/Content/EditorResources/S_BoxReflectionCapture.uasset" 198
"../../../Engine/Content/EditorResources/S_BoxReflectionCapture.uexp" 199
"../../../Engine/Content/EditorResources/S_Actor.ubulk" 200
"../../../Engine/Content/EditorResources/S_Actor.uasset" 201
"../../../Engine/Content/EditorResources/S_Actor.uexp" 202
"../../../Engine/Content/EditorResources/EmptyActor.uasset" 203
"../../../Engine/Content/EditorResources/EmptyActor.uexp" 204
"../../../Engine/Content/EditorResources/BSPVertex.uasset" 205
"../../../Engine/Content/EditorResources/BSPVertex.uexp" 206
"../../../Engine/Content/EditorResources/SequenceRecorder/RecordingIndicator.uasset" 207
"../../../Engine/Content/EditorResources/SequenceRecorder/RecordingIndicator.uexp" 208
"../../../Engine/Content/EditorResources/SequenceRecorder/Countdown.uasset" 209
"../../../Engine/Content/EditorResources/SequenceRecorder/Countdown.uexp" 210
"../../../Engine/Content/EditorResources/LightIcons/S_LightError.uasset" 211
"../../../Engine/Content/EditorResources/LightIcons/S_LightError.uexp" 212
"../../../Engine/Content/EditorResources/AudioIcons/S_AudioComponent_AutoActivate.uasset" 213
"../../../Engine/Content/EditorResources/AudioIcons/S_AudioComponent_AutoActivate.uexp" 214
"../../../Engine/Content/EditorResources/AudioIcons/S_AudioComponent.uasset" 215
"../../../Engine/Content/EditorResources/AudioIcons/S_AudioComponent.uexp" 216
"../../../Engine/Content/EditorMaterials/Camera/CineMat.uasset" 217
"../../../Engine/Content/EditorMaterials/Camera/CineMat.uexp" 218
"../../../Engine/Content/EditorMaterials/Camera/MI_CineMat_Rig.uasset" 219
"../../../Engine/Content/EditorMaterials/Camera/MI_CineMat_Rig.uexp" 220
"../../../Engine/Content/EditorMeshes/Camera/SM_RailRig_Track.ubulk" 221
"../../../Engine/Content/EditorMeshes/Camera/SM_RailRig_Track.uasset" 222
"../../../Engine/Content/EditorMeshes/Camera/SM_RailRig_Track.uexp" 223
"../../../Engine/Content/EditorMeshes/Camera/SM_RailRig_Mount.ubulk" 224
"../../../Engine/Content/EditorMeshes/Camera/SM_RailRig_Mount.uasset" 225
"../../../Engine/Content/EditorMeshes/Camera/SM_RailRig_Mount.uexp" 226
"../../../Engine/Content/EditorMeshes/Camera/SM_CraneRig_Mount.ubulk" 227
"../../../Engine/Content/EditorMeshes/Camera/SM_CraneRig_Mount.uasset" 228
"../../../Engine/Content/EditorMeshes/Camera/SM_CraneRig_Mount.uexp" 229
"../../../Engine/Content/EditorMeshes/Camera/SM_CraneRig_Body.ubulk" 230
"../../../Engine/Content/EditorMeshes/Camera/SM_CraneRig_Body.uasset" 231
"../../../Engine/Content/EditorMeshes/Camera/SM_CraneRig_Body.uexp" 232
"../../../Engine/Content/EditorMeshes/Camera/SM_CraneRig_Base.ubulk" 233
"../../../Engine/Content/EditorMeshes/Camera/SM_CraneRig_Base.uasset" 234
"../../../Engine/Content/EditorMeshes/Camera/SM_CraneRig_Base.uexp" 235
"../../../Engine/Content/EditorMeshes/Camera/SM_CraneRig_Arm.ubulk" 236
"../../../Engine/Content/EditorMeshes/Camera/SM_CraneRig_Arm.uasset" 237
"../../../Engine/Content/EditorMeshes/Camera/SM_CraneRig_Arm.uexp" 238
"../../../Engine/Content/EditorMaterials/PreviewShadowIndicator.ubulk" 239
"../../../Engine/Content/EditorMaterials/PreviewShadowIndicator.uasset" 240
"../../../Engine/Content/EditorMaterials/PreviewShadowIndicator.uexp" 241
"../../../Engine/Content/EditorMaterials/PreviewShadowIndicatorMaterial.uasset" 242
"../../../Engine/Content/EditorMaterials/PreviewShadowIndicatorMaterial.uexp" 243
"../../../Engine/Content/EditorMaterials/MAT_Groups_Visibility.uasset" 244
"../../../Engine/Content/EditorMaterials/MAT_Groups_Visibility.uexp" 245
"../../../Engine/Content/EditorMaterials/MAT_Groups_Toggle.uasset" 246
"../../../Engine/Content/EditorMaterials/MAT_Groups_Toggle.uexp" 247
"../../../Engine/Content/Functions/Engine_MaterialFunctions02/Utility/MakeFloat4.uasset" 248
"../../../Engine/Content/Functions/Engine_MaterialFunctions02/Utility/MakeFloat4.uexp" 249
"../../../Engine/Content/Functions/Engine_MaterialFunctions02/Utility/MakeFloat3.uasset" 250
"../../../Engine/Content/Functions/Engine_MaterialFunctions02/Utility/MakeFloat3.uexp" 251
"../../../Engine/Content/Functions/Engine_MaterialFunctions02/Utility/BreakOutFloat3Components.uasset" 252
"../../../Engine/Content/Functions/Engine_MaterialFunctions02/Utility/BreakOutFloat3Components.uexp" 253
"../../../Engine/Content/EditorMaterials/WorldPartition/WorldPartitionSpatialHashGridPreviewMaterial.uasset" 254
"../../../Engine/Content/EditorMaterials/WorldPartition/WorldPartitionSpatialHashGridPreviewMaterial.uexp" 255
"../../../Engine/Content/EditorMaterials/ParticleSystems/PSysThumbnail_OOD.ubulk" 256
"../../../Engine/Content/EditorMaterials/ParticleSystems/PSysThumbnail_OOD.uasset" 257
"../../../Engine/Content/EditorMaterials/ParticleSystems/PSysThumbnail_OOD.uexp" 258
"../../../Engine/Content/EditorMaterials/ParticleSystems/PSysThumbnail_NoImage.ubulk" 259
"../../../Engine/Content/EditorMaterials/ParticleSystems/PSysThumbnail_NoImage.uasset" 260
"../../../Engine/Content/EditorMaterials/ParticleSystems/PSysThumbnail_NoImage.uexp" 261
"../../../Engine/Content/EditorMaterials/MatineeGroups/MAT_Groups_Vector.uasset" 262
"../../../Engine/Content/EditorMaterials/MatineeGroups/MAT_Groups_Vector.uexp" 263
"../../../Engine/Content/EditorMaterials/MatineeGroups/MAT_Groups_Sound.uasset" 264
"../../../Engine/Content/EditorMaterials/MatineeGroups/MAT_Groups_Sound.uexp" 265
"../../../Engine/Content/EditorMaterials/MatineeGroups/MAT_Groups_Slomo.uasset" 266
"../../../Engine/Content/EditorMaterials/MatineeGroups/MAT_Groups_Slomo.uexp" 267
"../../../Engine/Content/EditorMaterials/MatineeGroups/MAT_Groups_Move.uasset" 268
"../../../Engine/Content/EditorMaterials/MatineeGroups/MAT_Groups_Move.uexp" 269
"../../../Engine/Content/EditorMaterials/MatineeGroups/MAT_Groups_Float.uasset" 270
"../../../Engine/Content/EditorMaterials/MatineeGroups/MAT_Groups_Float.uexp" 271
"../../../Engine/Content/EditorMaterials/MatineeGroups/MAT_Groups_Fade.uasset" 272
"../../../Engine/Content/EditorMaterials/MatineeGroups/MAT_Groups_Fade.uexp" 273
"../../../Engine/Content/EditorMaterials/MatineeGroups/MAT_Groups_Event.uasset" 274
"../../../Engine/Content/EditorMaterials/MatineeGroups/MAT_Groups_Event.uexp" 275
"../../../Engine/Content/EditorMaterials/MatineeGroups/MAT_Groups_Director.uasset" 276
"../../../Engine/Content/EditorMaterials/MatineeGroups/MAT_Groups_Director.uexp" 277
"../../../Engine/Content/EditorMaterials/MatineeGroups/MAT_Groups_AudioMaster.uasset" 278
"../../../Engine/Content/EditorMaterials/MatineeGroups/MAT_Groups_AudioMaster.uexp" 279
"../../../Engine/Content/EditorMaterials/MatineeGroups/MAT_Groups_Anim.uasset" 280
"../../../Engine/Content/EditorMaterials/MatineeGroups/MAT_Groups_Anim.uexp" 281
"../../../Engine/Content/EditorMaterials/MatineeGroups/MAT_ColorTrack.uasset" 282
"../../../Engine/Content/EditorMaterials/MatineeGroups/MAT_ColorTrack.uexp" 283
"../../../Engine/Content/EditorLandscapeResources/DefaultAlphaTexture.uasset" 284
"../../../Engine/Content/EditorLandscapeResources/DefaultAlphaTexture.uexp" 285
"../../../Engine/Content/EditorLandscapeResources/DataLayer.uasset" 286
"../../../Engine/Content/EditorLandscapeResources/DataLayer.uexp" 287
"../../../Engine/Content/EngineMaterials/T_Default_Material_Grid_M.ubulk" 288
"../../../Engine/Content/EngineMaterials/T_Default_Material_Grid_M.uasset" 289
"../../../Engine/Content/EngineMaterials/T_Default_Material_Grid_M.uexp" 290
"../../../Engine/Content/EngineMaterials/T_Default_Material_Grid_N.ubulk" 291
"../../../Engine/Content/EngineMaterials/T_Default_Material_Grid_N.uasset" 292
"../../../Engine/Content/EngineMaterials/T_Default_Material_Grid_N.uexp" 293
"../../../Engine/Content/Functions/Engine_MaterialFunctions01/Opacity/CameraDepthFade.uasset" 294
"../../../Engine/Content/Functions/Engine_MaterialFunctions01/Opacity/CameraDepthFade.uexp" 295
"../../../Engine/Content/EngineMaterials/WorldGridMaterial.uasset" 296
"../../../Engine/Content/EngineMaterials/WorldGridMaterial.uexp" 297
"../../../Engine/Content/ArtTools/RenderToTexture/Meshes/S_1_Unit_Plane.ubulk" 298
"../../../Engine/Content/ArtTools/RenderToTexture/Meshes/S_1_Unit_Plane.uasset" 299
"../../../Engine/Content/ArtTools/RenderToTexture/Meshes/S_1_Unit_Plane.uexp" 300
"../../../Engine/Content/MobileResources/HUD/VirtualJoystick_Background.uasset" 301
"../../../Engine/Content/MobileResources/HUD/VirtualJoystick_Background.uexp" 302
"../../../Engine/Content/MobileResources/HUD/VirtualJoystick_Thumb.uasset" 303
"../../../Engine/Content/MobileResources/HUD/VirtualJoystick_Thumb.uexp" 304
"../../../Engine/Content/MobileResources/HUD/DefaultVirtualJoysticks.uasset" 305
"../../../Engine/Content/MobileResources/HUD/DefaultVirtualJoysticks.uexp" 306
"../../../Engine/Content/Tutorial/ContentIntroCurve.uasset" 307
"../../../Engine/Content/Tutorial/ContentIntroCurve.uexp" 308
"../../../Engine/Content/VREditor/TransformGizmo/Main.uasset" 309
"../../../Engine/Content/VREditor/TransformGizmo/Main.uexp" 310
"../../../Engine/Content/VREditor/TransformGizmo/Xray.uasset" 311
"../../../Engine/Content/VREditor/TransformGizmo/Xray.uexp" 312
"../../../Engine/Content/VREditor/TransformGizmo/SM_Sequencer_Node.ubulk" 313
"../../../Engine/Content/VREditor/TransformGizmo/SM_Sequencer_Node.uasset" 314
"../../../Engine/Content/VREditor/TransformGizmo/SM_Sequencer_Node.uexp" 315
"../../../Engine/Content/VREditor/LaserPointer/VR_LaserPower_01.ubulk" 316
"../../../Engine/Content/VREditor/LaserPointer/VR_LaserPower_01.uasset" 317
"../../../Engine/Content/VREditor/LaserPointer/VR_LaserPower_01.uexp" 318
"../../../Engine/Content/VREditor/TransformGizmo/TransformGizmoMaterial.uasset" 319
"../../../Engine/Content/VREditor/TransformGizmo/TransformGizmoMaterial.uexp" 320
"../../../Engine/Content/VREditor/TransformGizmo/TranslucentTransformGizmoMaterial.uasset" 321
"../../../Engine/Content/VREditor/TransformGizmo/TranslucentTransformGizmoMaterial.uexp" 322
"../../../Engine/Content/VREditor/TransformGizmo/PlaneTranslationHandle.ubulk" 323
"../../../Engine/Content/VREditor/TransformGizmo/PlaneTranslationHandle.uasset" 324
"../../../Engine/Content/VREditor/TransformGizmo/PlaneTranslationHandle.uexp" 325
"../../../Engine/Content/VREditor/TransformGizmo/BoundingBoxEdge.ubulk" 326
"../../../Engine/Content/VREditor/TransformGizmo/BoundingBoxEdge.uasset" 327
"../../../Engine/Content/VREditor/TransformGizmo/BoundingBoxEdge.uexp" 328
"../../../Engine/Content/VREditor/TransformGizmo/BoundingBoxCorner.ubulk" 329
"../../../Engine/Content/VREditor/TransformGizmo/BoundingBoxCorner.uasset" 330
"../../../Engine/Content/VREditor/TransformGizmo/BoundingBoxCorner.uexp" 331
"../../../Engine/Plugins/2D/Paper2D/Content/PlaceholderTextures/DummySpriteTexture.ubulk" 332
"../../../Engine/Plugins/2D/Paper2D/Content/PlaceholderTextures/DummySpriteTexture.uasset" 333
"../../../Engine/Plugins/2D/Paper2D/Content/PlaceholderTextures/DummySpriteTexture.uexp" 334
"../../../Engine/Plugins/2D/Paper2D/Content/DefaultSpriteMaterial.uasset" 335
"../../../Engine/Plugins/2D/Paper2D/Content/DefaultSpriteMaterial.uexp" 336
"../../../Engine/Plugins/2D/Paper2D/Content/OpaqueUnlitSpriteMaterial.uasset" 337
"../../../Engine/Plugins/2D/Paper2D/Content/OpaqueUnlitSpriteMaterial.uexp" 338
"../../../Engine/Plugins/2D/Paper2D/Content/MaskedUnlitSpriteMaterial.uasset" 339
"../../../Engine/Plugins/2D/Paper2D/Content/MaskedUnlitSpriteMaterial.uexp" 340
"../../../Engine/Plugins/2D/Paper2D/Content/DummySprite.uasset" 341
"../../../Engine/Plugins/2D/Paper2D/Content/DummySprite.uexp" 342
"../../../Engine/Plugins/2D/Paper2D/Content/DefaultPaperTerrainMaterial.uasset" 343
"../../../Engine/Plugins/2D/Paper2D/Content/DefaultPaperTerrainMaterial.uexp" 344
"../../../Engine/Plugins/Animation/ControlRig/Content/M_Manip.uasset" 345
"../../../Engine/Plugins/Animation/ControlRig/Content/M_Manip.uexp" 346
"../../../Engine/Plugins/Animation/ControlRig/Content/Controls/ControlRig_Wedge_solid.ubulk" 347
"../../../Engine/Plugins/Animation/ControlRig/Content/Controls/ControlRig_Wedge_solid.uasset" 348
"../../../Engine/Plugins/Animation/ControlRig/Content/Controls/ControlRig_Wedge_solid.uexp" 349
"../../../Engine/Plugins/Animation/ControlRig/Content/Controls/ControlRig_Wedge_3mm.ubulk" 350
"../../../Engine/Plugins/Animation/ControlRig/Content/Controls/ControlRig_Wedge_3mm.uasset" 351
"../../../Engine/Plugins/Animation/ControlRig/Content/Controls/ControlRig_Wedge_3mm.uexp" 352
"../../../Engine/Plugins/Animation/ControlRig/Content/Controls/ControlRig_Wedge_1mm.ubulk" 353
"../../../Engine/Plugins/Animation/ControlRig/Content/Controls/ControlRig_Wedge_1mm.uasset" 354
"../../../Engine/Plugins/Animation/ControlRig/Content/Controls/ControlRig_Wedge_1mm.uexp" 355
"../../../Engine/Plugins/Animation/ControlRig/Content/Controls/ControlRig_Triangle_solid.ubulk" 356
"../../../Engine/Plugins/Animation/ControlRig/Content/Controls/ControlRig_Triangle_solid.uasset" 357
"../../../Engine/Plugins/Animation/ControlRig/Content/Controls/ControlRig_Triangle_solid.uexp" 358
"../../../Engine/Plugins/Animation/ControlRig/Content/Controls/ControlRig_Triangle_3mm.ubulk" 359
"../../../Engine/Plugins/Animation/ControlRig/Content/Controls/ControlRig_Triangle_3mm.uasset" 360
"../../../Engine/Plugins/Animation/ControlRig/Content/Controls/ControlRig_Triangle_3mm.uexp" 361
"../../../Engine/Plugins/Animation/ControlRig/Content/Controls/ControlRig_Triangle_1mm.ubulk" 362
"../../../Engine/Plugins/Animation/ControlRig/Content/Controls/ControlRig_Triangle_1mm.uasset" 363
"../../../Engine/Plugins/Animation/ControlRig/Content/Controls/ControlRig_Triangle_1mm.uexp" 364
"../../../Engine/Plugins/Animation/ControlRig/Content/Controls/ControlRig_Star4_solid.ubulk" 365
"../../../Engine/Plugins/Animation/ControlRig/Content/Controls/ControlRig_Star4_solid.uasset" 366
"../../../Engine/Plugins/Animation/ControlRig/Content/Controls/ControlRig_Star4_solid.uexp" 367
"../../../Engine/Plugins/Animation/ControlRig/Content/Controls/ControlRig_Star4_3mm.ubulk" 368
"../../../Engine/Plugins/Animation/ControlRig/Content/Controls/ControlRig_Star4_3mm.uasset" 369
"../../../Engine/Plugins/Animation/ControlRig/Content/Controls/ControlRig_Star4_3mm.uexp" 370
"../../../Engine/Plugins/Animation/ControlRig/Content/Controls/ControlRig_Star4_1mm.ubulk" 371
"../../../Engine/Plugins/Animation/ControlRig/Content/Controls/ControlRig_Star4_1mm.uasset" 372
"../../../Engine/Plugins/Animation/ControlRig/Content/Controls/ControlRig_Star4_1mm.uexp" 373
"../../../Engine/Plugins/Animation/ControlRig/Content/Controls/ControlRig_Square_solid.ubulk" 374
"../../../Engine/Plugins/Animation/ControlRig/Content/Controls/ControlRig_Square_solid.uasset" 375
"../../../Engine/Plugins/Animation/ControlRig/Content/Controls/ControlRig_Square_solid.uexp" 376
"../../../Engine/Plugins/Animation/ControlRig/Content/Controls/ControlRig_Square_3mm.ubulk" 377
"../../../Engine/Plugins/Animation/ControlRig/Content/Controls/ControlRig_Square_3mm.uasset" 378
"../../../Engine/Plugins/Animation/ControlRig/Content/Controls/ControlRig_Square_3mm.uexp" 379
"../../../Engine/Plugins/Animation/ControlRig/Content/Controls/ControlRig_Square_1mm.ubulk" 380
"../../../Engine/Plugins/Animation/ControlRig/Content/Controls/ControlRig_Square_1mm.uasset" 381
"../../../Engine/Plugins/Animation/ControlRig/Content/Controls/ControlRig_Square_1mm.uexp" 382
"../../../Engine/Plugins/Animation/ControlRig/Content/Controls/ControlRig_Sphere_solid.ubulk" 383
"../../../Engine/Plugins/Animation/ControlRig/Content/Controls/ControlRig_Sphere_solid.uasset" 384
"../../../Engine/Plugins/Animation/ControlRig/Content/Controls/ControlRig_Sphere_solid.uexp" 385
"../../../Engine/Plugins/Animation/ControlRig/Content/Controls/ControlRig_Sphere_3mm.ubulk" 386
"../../../Engine/Plugins/Animation/ControlRig/Content/Controls/ControlRig_Sphere_3mm.uasset" 387
"../../../Engine/Plugins/Animation/ControlRig/Content/Controls/ControlRig_Sphere_3mm.uexp" 388
"../../../Engine/Plugins/Animation/ControlRig/Content/Controls/ControlRig_Sphere_1mm.ubulk" 389
"../../../Engine/Plugins/Animation/ControlRig/Content/Controls/ControlRig_Sphere_1mm.uasset" 390
"../../../Engine/Plugins/Animation/ControlRig/Content/Controls/ControlRig_Sphere_1mm.uexp" 391
"../../../Engine/Plugins/Animation/ControlRig/Content/Controls/ControlRig_RoundedTriangle_solid.ubulk" 392
"../../../Engine/Plugins/Animation/ControlRig/Content/Controls/ControlRig_RoundedTriangle_solid.uasset" 393
"../../../Engine/Plugins/Animation/ControlRig/Content/Controls/ControlRig_RoundedTriangle_solid.uexp" 394
"../../../Engine/Plugins/Animation/ControlRig/Content/Controls/ControlRig_RoundedTriangle_3mm.ubulk" 395
"../../../Engine/Plugins/Animation/ControlRig/Content/Controls/ControlRig_RoundedTriangle_3mm.uasset" 396
"../../../Engine/Plugins/Animation/ControlRig/Content/Controls/ControlRig_RoundedTriangle_3mm.uexp" 397
"../../../Engine/Plugins/Animation/ControlRig/Content/Controls/ControlRig_RoundedTriangle_1mm.ubulk" 398
"../../../Engine/Plugins/Animation/ControlRig/Content/Controls/ControlRig_RoundedTriangle_1mm.uasset" 399
"../../../Engine/Plugins/Animation/ControlRig/Content/Controls/ControlRig_RoundedTriangle_1mm.uexp" 400
"../../../Engine/Plugins/Animation/ControlRig/Content/Controls/ControlRig_RoundedSquare_solid.ubulk" 401
"../../../Engine/Plugins/Animation/ControlRig/Content/Controls/ControlRig_RoundedSquare_solid.uasset" 402
"../../../Engine/Plugins/Animation/ControlRig/Content/Controls/ControlRig_RoundedSquare_solid.uexp" 403
"../../../Engine/Plugins/Animation/ControlRig/Content/Controls/ControlRig_RoundedSquare_3mm.ubulk" 404
"../../../Engine/Plugins/Animation/ControlRig/Content/Controls/ControlRig_RoundedSquare_3mm.uasset" 405
"../../../Engine/Plugins/Animation/ControlRig/Content/Controls/ControlRig_RoundedSquare_3mm.uexp" 406
"../../../Engine/Plugins/Animation/ControlRig/Content/Controls/ControlRig_RoundedSquare_1mm.ubulk" 407
"../../../Engine/Plugins/Animation/ControlRig/Content/Controls/ControlRig_RoundedSquare_1mm.uasset" 408
"../../../Engine/Plugins/Animation/ControlRig/Content/Controls/ControlRig_RoundedSquare_1mm.uexp" 409
"../../../Engine/Plugins/Animation/ControlRig/Content/Controls/ControlRig_QuarterCircle_solid.ubulk" 410
"../../../Engine/Plugins/Animation/ControlRig/Content/Controls/ControlRig_QuarterCircle_solid.uasset" 411
"../../../Engine/Plugins/Animation/ControlRig/Content/Controls/ControlRig_QuarterCircle_solid.uexp" 412
"../../../Engine/Plugins/Animation/ControlRig/Content/Controls/ControlRig_QuarterCircle_3mm.ubulk" 413
"../../../Engine/Plugins/Animation/ControlRig/Content/Controls/ControlRig_QuarterCircle_3mm.uasset" 414
"../../../Engine/Plugins/Animation/ControlRig/Content/Controls/ControlRig_QuarterCircle_3mm.uexp" 415
"../../../Engine/Plugins/Animation/ControlRig/Content/Controls/ControlRig_QuarterCircle_1mm.ubulk" 416
"../../../Engine/Plugins/Animation/ControlRig/Content/Controls/ControlRig_QuarterCircle_1mm.uasset" 417
"../../../Engine/Plugins/Animation/ControlRig/Content/Controls/ControlRig_QuarterCircle_1mm.uexp" 418
"../../../Engine/Plugins/Animation/ControlRig/Content/Controls/ControlRig_Pyramid_solid.ubulk" 419
"../../../Engine/Plugins/Animation/ControlRig/Content/Controls/ControlRig_Pyramid_solid.uasset" 420
"../../../Engine/Plugins/Animation/ControlRig/Content/Controls/ControlRig_Pyramid_solid.uexp" 421
"../../../Engine/Plugins/Animation/ControlRig/Content/Controls/ControlRig_Pyramid_3mm.ubulk" 422
"../../../Engine/Plugins/Animation/ControlRig/Content/Controls/ControlRig_Pyramid_3mm.uasset" 423
"../../../Engine/Plugins/Animation/ControlRig/Content/Controls/ControlRig_Pyramid_3mm.uexp" 424
"../../../Engine/Plugins/Animation/ControlRig/Content/Controls/ControlRig_Pyramid_1mm.ubulk" 425
"../../../Engine/Plugins/Animation/ControlRig/Content/Controls/ControlRig_Pyramid_1mm.uasset" 426
"../../../Engine/Plugins/Animation/ControlRig/Content/Controls/ControlRig_Pyramid_1mm.uexp" 427
"../../../Engine/Plugins/Animation/ControlRig/Content/Controls/ControlRig_Octagon_solid.ubulk" 428
"../../../Engine/Plugins/Animation/ControlRig/Content/Controls/ControlRig_Octagon_solid.uasset" 429
"../../../Engine/Plugins/Animation/ControlRig/Content/Controls/ControlRig_Octagon_solid.uexp" 430
"../../../Engine/Plugins/Animation/ControlRig/Content/Controls/ControlRig_Octagon_3mm.ubulk" 431
"../../../Engine/Plugins/Animation/ControlRig/Content/Controls/ControlRig_Octagon_3mm.uasset" 432
"../../../Engine/Plugins/Animation/ControlRig/Content/Controls/ControlRig_Octagon_3mm.uexp" 433
"../../../Engine/Plugins/Animation/ControlRig/Content/Controls/ControlRig_Octagon_1mm.ubulk" 434
"../../../Engine/Plugins/Animation/ControlRig/Content/Controls/ControlRig_Octagon_1mm.uasset" 435
"../../../Engine/Plugins/Animation/ControlRig/Content/Controls/ControlRig_Octagon_1mm.uexp" 436
"../../../Engine/Plugins/Animation/ControlRig/Content/Controls/ControlRig_Hexagon_solid.ubulk" 437
"../../../Engine/Plugins/Animation/ControlRig/Content/Controls/ControlRig_Hexagon_solid.uasset" 438
"../../../Engine/Plugins/Animation/ControlRig/Content/Controls/ControlRig_Hexagon_solid.uexp" 439
"../../../Engine/Plugins/Animation/ControlRig/Content/Controls/ControlRig_Hexagon_3mm.ubulk" 440
"../../../Engine/Plugins/Animation/ControlRig/Content/Controls/ControlRig_Hexagon_3mm.uasset" 441
"../../../Engine/Plugins/Animation/ControlRig/Content/Controls/ControlRig_Hexagon_3mm.uexp" 442
"../../../Engine/Plugins/Animation/ControlRig/Content/Controls/ControlRig_Hexagon_1mm.ubulk" 443
"../../../Engine/Plugins/Animation/ControlRig/Content/Controls/ControlRig_Hexagon_1mm.uasset" 444
"../../../Engine/Plugins/Animation/ControlRig/Content/Controls/ControlRig_Hexagon_1mm.uexp" 445
"../../../Engine/Plugins/Animation/ControlRig/Content/Controls/ControlRig_HalfCircle_solid.ubulk" 446
"../../../Engine/Plugins/Animation/ControlRig/Content/Controls/ControlRig_HalfCircle_solid.uasset" 447
"../../../Engine/Plugins/Animation/ControlRig/Content/Controls/ControlRig_HalfCircle_solid.uexp" 448
"../../../Engine/Plugins/Animation/ControlRig/Content/Controls/ControlRig_HalfCircle_3mm.ubulk" 449
"../../../Engine/Plugins/Animation/ControlRig/Content/Controls/ControlRig_HalfCircle_3mm.uasset" 450
"../../../Engine/Plugins/Animation/ControlRig/Content/Controls/ControlRig_HalfCircle_3mm.uexp" 451
"../../../Engine/Plugins/Animation/ControlRig/Content/Controls/ControlRig_HalfCircle_1mm.ubulk" 452
"../../../Engine/Plugins/Animation/ControlRig/Content/Controls/ControlRig_HalfCircle_1mm.uasset" 453
"../../../Engine/Plugins/Animation/ControlRig/Content/Controls/ControlRig_HalfCircle_1mm.uexp" 454
"../../../Engine/Plugins/Animation/ControlRig/Content/Controls/ControlRig_Diamond_solid.ubulk" 455
"../../../Engine/Plugins/Animation/ControlRig/Content/Controls/ControlRig_Diamond_solid.uasset" 456
"../../../Engine/Plugins/Animation/ControlRig/Content/Controls/ControlRig_Diamond_solid.uexp" 457
"../../../Engine/Plugins/Animation/ControlRig/Content/Controls/ControlRig_Diamond_3mm.ubulk" 458
"../../../Engine/Plugins/Animation/ControlRig/Content/Controls/ControlRig_Diamond_3mm.uasset" 459
"../../../Engine/Plugins/Animation/ControlRig/Content/Controls/ControlRig_Diamond_3mm.uexp" 460
"../../../Engine/Plugins/Animation/ControlRig/Content/Controls/ControlRig_Diamond_1mm.ubulk" 461
"../../../Engine/Plugins/Animation/ControlRig/Content/Controls/ControlRig_Diamond_1mm.uasset" 462
"../../../Engine/Plugins/Animation/ControlRig/Content/Controls/ControlRig_Diamond_1mm.uexp" 463
"../../../Engine/Plugins/Animation/ControlRig/Content/Controls/ControlRig_Circle_solid.ubulk" 464
"../../../Engine/Plugins/Animation/ControlRig/Content/Controls/ControlRig_Circle_solid.uasset" 465
"../../../Engine/Plugins/Animation/ControlRig/Content/Controls/ControlRig_Circle_solid.uexp" 466
"../../../Engine/Plugins/Animation/ControlRig/Content/Controls/ControlRig_Circle_3mm.ubulk" 467
"../../../Engine/Plugins/Animation/ControlRig/Content/Controls/ControlRig_Circle_3mm.uasset" 468
"../../../Engine/Plugins/Animation/ControlRig/Content/Controls/ControlRig_Circle_3mm.uexp" 469
"../../../Engine/Plugins/Animation/ControlRig/Content/Controls/ControlRig_Circle_1mm.ubulk" 470
"../../../Engine/Plugins/Animation/ControlRig/Content/Controls/ControlRig_Circle_1mm.uasset" 471
"../../../Engine/Plugins/Animation/ControlRig/Content/Controls/ControlRig_Circle_1mm.uexp" 472
"../../../Engine/Plugins/Animation/ControlRig/Content/Controls/ControlRig_Box_solid.ubulk" 473
"../../../Engine/Plugins/Animation/ControlRig/Content/Controls/ControlRig_Box_solid.uasset" 474
"../../../Engine/Plugins/Animation/ControlRig/Content/Controls/ControlRig_Box_solid.uexp" 475
"../../../Engine/Plugins/Animation/ControlRig/Content/Controls/ControlRig_Box_3mm.ubulk" 476
"../../../Engine/Plugins/Animation/ControlRig/Content/Controls/ControlRig_Box_3mm.uasset" 477
"../../../Engine/Plugins/Animation/ControlRig/Content/Controls/ControlRig_Box_3mm.uexp" 478
"../../../Engine/Plugins/Animation/ControlRig/Content/Controls/ControlRig_Box_1mm.ubulk" 479
"../../../Engine/Plugins/Animation/ControlRig/Content/Controls/ControlRig_Box_1mm.uasset" 480
"../../../Engine/Plugins/Animation/ControlRig/Content/Controls/ControlRig_Box_1mm.uexp" 481
"../../../Engine/Plugins/Animation/ControlRig/Content/Controls/ControlRig_Arrow_solid.ubulk" 482
"../../../Engine/Plugins/Animation/ControlRig/Content/Controls/ControlRig_Arrow_solid.uasset" 483
"../../../Engine/Plugins/Animation/ControlRig/Content/Controls/ControlRig_Arrow_solid.uexp" 484
"../../../Engine/Plugins/Animation/ControlRig/Content/Controls/ControlRig_Arrow_3mm.ubulk" 485
"../../../Engine/Plugins/Animation/ControlRig/Content/Controls/ControlRig_Arrow_3mm.uasset" 486
"../../../Engine/Plugins/Animation/ControlRig/Content/Controls/ControlRig_Arrow_3mm.uexp" 487
"../../../Engine/Plugins/Animation/ControlRig/Content/Controls/ControlRig_Arrow_1mm.ubulk" 488
"../../../Engine/Plugins/Animation/ControlRig/Content/Controls/ControlRig_Arrow_1mm.uasset" 489
"../../../Engine/Plugins/Animation/ControlRig/Content/Controls/ControlRig_Arrow_1mm.uexp" 490
"../../../Engine/Plugins/Animation/ControlRig/Content/Controls/ControlRig_Arrow4_solid.ubulk" 491
"../../../Engine/Plugins/Animation/ControlRig/Content/Controls/ControlRig_Arrow4_solid.uasset" 492
"../../../Engine/Plugins/Animation/ControlRig/Content/Controls/ControlRig_Arrow4_solid.uexp" 493
"../../../Engine/Plugins/Animation/ControlRig/Content/Controls/ControlRig_Arrow4_3mm.ubulk" 494
"../../../Engine/Plugins/Animation/ControlRig/Content/Controls/ControlRig_Arrow4_3mm.uasset" 495
"../../../Engine/Plugins/Animation/ControlRig/Content/Controls/ControlRig_Arrow4_3mm.uexp" 496
"../../../Engine/Plugins/Animation/ControlRig/Content/Controls/ControlRig_Arrow4_1mm.ubulk" 497
"../../../Engine/Plugins/Animation/ControlRig/Content/Controls/ControlRig_Arrow4_1mm.uasset" 498
"../../../Engine/Plugins/Animation/ControlRig/Content/Controls/ControlRig_Arrow4_1mm.uexp" 499
"../../../Engine/Plugins/Animation/ControlRig/Content/Controls/ControlRig_Arrow2_solid.ubulk" 500
"../../../Engine/Plugins/Animation/ControlRig/Content/Controls/ControlRig_Arrow2_solid.uasset" 501
"../../../Engine/Plugins/Animation/ControlRig/Content/Controls/ControlRig_Arrow2_solid.uexp" 502
"../../../Engine/Plugins/Animation/ControlRig/Content/Controls/ControlRig_Arrow2_3mm.ubulk" 503
"../../../Engine/Plugins/Animation/ControlRig/Content/Controls/ControlRig_Arrow2_3mm.uasset" 504
"../../../Engine/Plugins/Animation/ControlRig/Content/Controls/ControlRig_Arrow2_3mm.uexp" 505
"../../../Engine/Plugins/Animation/ControlRig/Content/Controls/ControlRig_Arrow2_1mm.ubulk" 506
"../../../Engine/Plugins/Animation/ControlRig/Content/Controls/ControlRig_Arrow2_1mm.uasset" 507
"../../../Engine/Plugins/Animation/ControlRig/Content/Controls/ControlRig_Arrow2_1mm.uexp" 508
"../../../Engine/Plugins/Animation/ControlRig/Content/Controls/ControlRigGizmoMaterial.uasset" 509
"../../../Engine/Plugins/Animation/ControlRig/Content/Controls/ControlRigGizmoMaterial.uexp" 510
"../../../Engine/Plugins/Editor/SpeedTreeImporter/Content/SpeedTree9/game_wind_noise.ubulk" 511
"../../../Engine/Plugins/Editor/SpeedTreeImporter/Content/SpeedTree9/game_wind_noise.uasset" 512
"../../../Engine/Plugins/Editor/SpeedTreeImporter/Content/SpeedTree9/game_wind_noise.uexp" 513
"../../../Engine/Plugins/Editor/SpeedTreeImporter/Content/SpeedTree9/UnpackDirection.uasset" 514
"../../../Engine/Plugins/Editor/SpeedTreeImporter/Content/SpeedTree9/UnpackDirection.uexp" 515
"../../../Engine/Content/Functions/Engine_MaterialFunctions02/ObjectLocalBounds.uasset" 516
"../../../Engine/Content/Functions/Engine_MaterialFunctions02/ObjectLocalBounds.uexp" 517
"../../../Engine/Content/Functions/Engine_MaterialFunctions02/UVs/BoundingBoxBased_0-1_UVW.uasset" 518
"../../../Engine/Content/Functions/Engine_MaterialFunctions02/UVs/BoundingBoxBased_0-1_UVW.uexp" 519
"../../../Engine/Content/Functions/Engine_MaterialFunctions02/Utility/VectorLength.uasset" 520
"../../../Engine/Content/Functions/Engine_MaterialFunctions02/Utility/VectorLength.uexp" 521
"../../../Engine/Plugins/Editor/SpeedTreeImporter/Content/SpeedTree9/UnpackInteger3.uasset" 522
"../../../Engine/Plugins/Editor/SpeedTreeImporter/Content/SpeedTree9/UnpackInteger3.uexp" 523
"../../../Engine/Plugins/Editor/SpeedTreeImporter/Content/SpeedTree9/SpeedTreeCameraFacing.uasset" 524
"../../../Engine/Plugins/Editor/SpeedTreeImporter/Content/SpeedTree9/SpeedTreeCameraFacing.uexp" 525
"../../../Engine/Content/Functions/Engine_MaterialFunctions02/WorldPositionOffset/ObjectScale.uasset" 526
"../../../Engine/Content/Functions/Engine_MaterialFunctions02/WorldPositionOffset/ObjectScale.uexp" 527
"../../../Engine/Content/Functions/Engine_MaterialFunctions02/SafeNormalize.uasset" 528
"../../../Engine/Content/Functions/Engine_MaterialFunctions02/SafeNormalize.uexp" 529
"../../../Engine/Plugins/Editor/SpeedTreeImporter/Content/SpeedTree9/SpeedTreeWindMotion.uasset" 530
"../../../Engine/Plugins/Editor/SpeedTreeImporter/Content/SpeedTree9/SpeedTreeWindMotion.uexp" 531
"../../../Engine/Plugins/Editor/SpeedTreeImporter/Content/SpeedTree9/SpeedTreeBranchMotion.uasset" 532
"../../../Engine/Plugins/Editor/SpeedTreeImporter/Content/SpeedTree9/SpeedTreeBranchMotion.uexp" 533
"../../../Engine/Plugins/Editor/SpeedTreeImporter/Content/SpeedTree9/SpeedTreeWind.uasset" 534
"../../../Engine/Plugins/Editor/SpeedTreeImporter/Content/SpeedTree9/SpeedTreeWind.uexp" 535
"../../../Engine/Plugins/Editor/SpeedTreeImporter/Content/SpeedTree9/EmptyNormal.uasset" 536
"../../../Engine/Plugins/Editor/SpeedTreeImporter/Content/SpeedTree9/EmptyNormal.uexp" 537
"../../../Engine/Plugins/Editor/SpeedTreeImporter/Content/SpeedTree9/Empty.uasset" 538
"../../../Engine/Plugins/Editor/SpeedTreeImporter/Content/SpeedTree9/Empty.uexp" 539
"../../../Engine/Plugins/Editor/SpeedTreeImporter/Content/SpeedTree9/SpeedTreeMaster.uasset" 540
"../../../Engine/Plugins/Editor/SpeedTreeImporter/Content/SpeedTree9/SpeedTreeMaster.uexp" 541
"../../../Engine/Plugins/Editor/SpeedTreeImporter/Content/SpeedTree9/SpeedTreeBillboard.uasset" 542
"../../../Engine/Plugins/Editor/SpeedTreeImporter/Content/SpeedTree9/SpeedTreeBillboard.uexp" 543
"../../../Engine/Plugins/Editor/SpeedTreeImporter/Content/SpeedTree9/SpeedTreeBillboardMaster.uasset" 544
"../../../Engine/Plugins/Editor/SpeedTreeImporter/Content/SpeedTree9/SpeedTreeBillboardMaster.uexp" 545
"../../../Engine/Plugins/Runtime/HairStrands/Content/Materials/HairMeshesDefaultMaterial.uasset" 546
"../../../Engine/Plugins/Runtime/HairStrands/Content/Materials/HairMeshesDefaultMaterial.uexp" 547
"../../../Engine/Plugins/Runtime/HairStrands/Content/Materials/HairDefaultMaterial.uasset" 548
"../../../Engine/Plugins/Runtime/HairStrands/Content/Materials/HairDefaultMaterial.uexp" 549
"../../../Engine/Plugins/Runtime/HairStrands/Content/Materials/HairGroupColors.uasset" 550
"../../../Engine/Plugins/Runtime/HairStrands/Content/Materials/HairGroupColors.uexp" 551
"../../../Engine/Content/EngineMaterials/HairColorMap.uasset" 552
"../../../Engine/Content/EngineMaterials/HairColorMap.uexp" 553
"../../../Engine/Content/EngineMaterials/HairDebugColor.uasset" 554
"../../../Engine/Content/EngineMaterials/HairDebugColor.uexp" 555
"../../../Engine/Plugins/Runtime/HairStrands/Content/Materials/HairDebugMaterial.uasset" 556
"../../../Engine/Plugins/Runtime/HairStrands/Content/Materials/HairDebugMaterial.uexp" 557
"../../../Engine/Plugins/Runtime/HairStrands/Content/Materials/HairCardsDefaultMaterial.uasset" 558
"../../../Engine/Plugins/Runtime/HairStrands/Content/Materials/HairCardsDefaultMaterial.uexp" 559
"C:/Users/ROG Primary/Documents/GitHub/Oops-All-Ruins-/Oops_All_Ruins_U5/Content/Cinematics/Level_1/Level1_opening_flythrough_01.uasset" 560
"C:/Users/ROG Primary/Documents/GitHub/Oops-All-Ruins-/Oops_All_Ruins_U5/Content/Cinematics/Level_1/Level1_opening_flythrough_01.uexp" 561
"C:/Users/ROG Primary/Documents/GitHub/Oops-All-Ruins-/Oops_All_Ruins_U5/Content/Materials/TestMat_white.uasset" 562
"C:/Users/ROG Primary/Documents/GitHub/Oops-All-Ruins-/Oops_All_Ruins_U5/Content/Materials/TestMat_white.uexp" 563
"C:/Users/ROG Primary/Documents/GitHub/Oops-All-Ruins-/Oops_All_Ruins_U5/Content/StarterContent/Materials/M_Basic_Wall.uasset" 564
"C:/Users/ROG Primary/Documents/GitHub/Oops-All-Ruins-/Oops_All_Ruins_U5/Content/StarterContent/Materials/M_Basic_Wall.uexp" 565
"C:/Users/ROG Primary/Documents/GitHub/Oops-All-Ruins-/Oops_All_Ruins_U5/Content/StarterContent/Shapes/Shape_Plane.ubulk" 566
"C:/Users/ROG Primary/Documents/GitHub/Oops-All-Ruins-/Oops_All_Ruins_U5/Content/StarterContent/Shapes/Shape_Plane.uasset" 567
"C:/Users/ROG Primary/Documents/GitHub/Oops-All-Ruins-/Oops_All_Ruins_U5/Content/StarterContent/Shapes/Shape_Plane.uexp" 568
"C:/Users/ROG Primary/Documents/GitHub/Oops-All-Ruins-/Oops_All_Ruins_U5/Content/advance/Advance_levels.uasset" 569
"C:/Users/ROG Primary/Documents/GitHub/Oops-All-Ruins-/Oops_All_Ruins_U5/Content/advance/Advance_levels.uexp" 570
"C:/Users/ROG Primary/Documents/GitHub/Oops-All-Ruins-/Oops_All_Ruins_U5/Content/Materials/Textures/TriDoor/Triangle_Door_Final_Geo_1001_Normal.ubulk" 571
"C:/Users/ROG Primary/Documents/GitHub/Oops-All-Ruins-/Oops_All_Ruins_U5/Content/Materials/Textures/TriDoor/Triangle_Door_Final_Geo_1001_Normal.uasset" 572
"C:/Users/ROG Primary/Documents/GitHub/Oops-All-Ruins-/Oops_All_Ruins_U5/Content/Materials/Textures/TriDoor/Triangle_Door_Final_Geo_1001_Normal.uexp" 573
"C:/Users/ROG Primary/Documents/GitHub/Oops-All-Ruins-/Oops_All_Ruins_U5/Content/Materials/Textures/TriDoor/Triangle_Door_Final_Geo_1001_BaseColor.ubulk" 574
"C:/Users/ROG Primary/Documents/GitHub/Oops-All-Ruins-/Oops_All_Ruins_U5/Content/Materials/Textures/TriDoor/Triangle_Door_Final_Geo_1001_BaseColor.uasset" 575
"C:/Users/ROG Primary/Documents/GitHub/Oops-All-Ruins-/Oops_All_Ruins_U5/Content/Materials/Textures/TriDoor/Triangle_Door_Final_Geo_1001_BaseColor.uexp" 576
"C:/Users/ROG Primary/Documents/GitHub/Oops-All-Ruins-/Oops_All_Ruins_U5/Content/Materials/Textures/TriDoor/Triangle_Door_Final_Geo_1001_OcclusionRoughnessMetallic.ubulk" 577
"C:/Users/ROG Primary/Documents/GitHub/Oops-All-Ruins-/Oops_All_Ruins_U5/Content/Materials/Textures/TriDoor/Triangle_Door_Final_Geo_1001_OcclusionRoughnessMetallic.uasset" 578
"C:/Users/ROG Primary/Documents/GitHub/Oops-All-Ruins-/Oops_All_Ruins_U5/Content/Materials/Textures/TriDoor/Triangle_Door_Final_Geo_1001_OcclusionRoughnessMetallic.uexp" 579
"C:/Users/ROG Primary/Documents/GitHub/Oops-All-Ruins-/Oops_All_Ruins_U5/Content/Materials/TriagularDoor_mat.uasset" 580
"C:/Users/ROG Primary/Documents/GitHub/Oops-All-Ruins-/Oops_All_Ruins_U5/Content/Materials/TriagularDoor_mat.uexp" 581
"C:/Users/ROG Primary/Documents/GitHub/Oops-All-Ruins-/Oops_All_Ruins_U5/Content/Assets/Triangle_Door_Final_Geo.ubulk" 582
"C:/Users/ROG Primary/Documents/GitHub/Oops-All-Ruins-/Oops_All_Ruins_U5/Content/Assets/Triangle_Door_Final_Geo.uasset" 583
"C:/Users/ROG Primary/Documents/GitHub/Oops-All-Ruins-/Oops_All_Ruins_U5/Content/Assets/Triangle_Door_Final_Geo.uexp" 584
"C:/Users/ROG Primary/Documents/GitHub/Oops-All-Ruins-/Oops_All_Ruins_U5/Content/Assets/Trap_Spike_Geo_Trap_Spikes_Geo.ubulk" 585
"C:/Users/ROG Primary/Documents/GitHub/Oops-All-Ruins-/Oops_All_Ruins_U5/Content/Assets/Trap_Spike_Geo_Trap_Spikes_Geo.uasset" 586
"C:/Users/ROG Primary/Documents/GitHub/Oops-All-Ruins-/Oops_All_Ruins_U5/Content/Assets/Trap_Spike_Geo_Trap_Spikes_Geo.uexp" 587
"C:/Users/ROG Primary/Documents/GitHub/Oops-All-Ruins-/Oops_All_Ruins_U5/Content/Assets/Trap_Spike_Geo_Trap_Rock_Geo.ubulk" 588
"C:/Users/ROG Primary/Documents/GitHub/Oops-All-Ruins-/Oops_All_Ruins_U5/Content/Assets/Trap_Spike_Geo_Trap_Rock_Geo.uasset" 589
"C:/Users/ROG Primary/Documents/GitHub/Oops-All-Ruins-/Oops_All_Ruins_U5/Content/Assets/Trap_Spike_Geo_Trap_Rock_Geo.uexp" 590
"C:/Users/ROG Primary/Documents/GitHub/Oops-All-Ruins-/Oops_All_Ruins_U5/Content/Assets/Ramp_V2_Geo.ubulk" 591
"C:/Users/ROG Primary/Documents/GitHub/Oops-All-Ruins-/Oops_All_Ruins_U5/Content/Assets/Ramp_V2_Geo.uasset" 592
"C:/Users/ROG Primary/Documents/GitHub/Oops-All-Ruins-/Oops_All_Ruins_U5/Content/Assets/Ramp_V2_Geo.uexp" 593
"C:/Users/ROG Primary/Documents/GitHub/Oops-All-Ruins-/Oops_All_Ruins_U5/Content/Assets/Ramp_Landing_V1_Geo.ubulk" 594
"C:/Users/ROG Primary/Documents/GitHub/Oops-All-Ruins-/Oops_All_Ruins_U5/Content/Assets/Ramp_Landing_V1_Geo.uasset" 595
"C:/Users/ROG Primary/Documents/GitHub/Oops-All-Ruins-/Oops_All_Ruins_U5/Content/Assets/Ramp_Landing_V1_Geo.uexp" 596
"C:/Users/ROG Primary/Documents/GitHub/Oops-All-Ruins-/Oops_All_Ruins_U5/Content/Materials/Textures/PyramidStep_Edge_1/M_StepSlope_Edge30_v1_geo_DefaultMaterial_BaseColor.ubulk" 597
"C:/Users/ROG Primary/Documents/GitHub/Oops-All-Ruins-/Oops_All_Ruins_U5/Content/Materials/Textures/PyramidStep_Edge_1/M_StepSlope_Edge30_v1_geo_DefaultMaterial_BaseColor.uasset" 598
"C:/Users/ROG Primary/Documents/GitHub/Oops-All-Ruins-/Oops_All_Ruins_U5/Content/Materials/Textures/PyramidStep_Edge_1/M_StepSlope_Edge30_v1_geo_DefaultMaterial_BaseColor.uexp" 599
"C:/Users/ROG Primary/Documents/GitHub/Oops-All-Ruins-/Oops_All_Ruins_U5/Content/Materials/Textures/PyramidStep_Edge_1/M_StepSlope_Edge30_v1_geo_DefaultMaterial_OcclusionRoughnessMetallic.ubulk" 600
"C:/Users/ROG Primary/Documents/GitHub/Oops-All-Ruins-/Oops_All_Ruins_U5/Content/Materials/Textures/PyramidStep_Edge_1/M_StepSlope_Edge30_v1_geo_DefaultMaterial_OcclusionRoughnessMetallic.uasset" 601
"C:/Users/ROG Primary/Documents/GitHub/Oops-All-Ruins-/Oops_All_Ruins_U5/Content/Materials/Textures/PyramidStep_Edge_1/M_StepSlope_Edge30_v1_geo_DefaultMaterial_OcclusionRoughnessMetallic.uexp" 602
"C:/Users/ROG Primary/Documents/GitHub/Oops-All-Ruins-/Oops_All_Ruins_U5/Content/Materials/Textures/PyramidStep_Edge_1/M_StepSlope_Edge30_v1_geo_DefaultMaterial_Normal.ubulk" 603
"C:/Users/ROG Primary/Documents/GitHub/Oops-All-Ruins-/Oops_All_Ruins_U5/Content/Materials/Textures/PyramidStep_Edge_1/M_StepSlope_Edge30_v1_geo_DefaultMaterial_Normal.uasset" 604
"C:/Users/ROG Primary/Documents/GitHub/Oops-All-Ruins-/Oops_All_Ruins_U5/Content/Materials/Textures/PyramidStep_Edge_1/M_StepSlope_Edge30_v1_geo_DefaultMaterial_Normal.uexp" 605
"C:/Users/ROG Primary/Documents/GitHub/Oops-All-Ruins-/Oops_All_Ruins_U5/Content/Materials/StepSlope_Edge_30_mat.uasset" 606
"C:/Users/ROG Primary/Documents/GitHub/Oops-All-Ruins-/Oops_All_Ruins_U5/Content/Materials/StepSlope_Edge_30_mat.uexp" 607
"C:/Users/ROG Primary/Documents/GitHub/Oops-All-Ruins-/Oops_All_Ruins_U5/Content/Assets/M_StepSlope_Edge30_v1_geo.ubulk" 608
"C:/Users/ROG Primary/Documents/GitHub/Oops-All-Ruins-/Oops_All_Ruins_U5/Content/Assets/M_StepSlope_Edge30_v1_geo.uasset" 609
"C:/Users/ROG Primary/Documents/GitHub/Oops-All-Ruins-/Oops_All_Ruins_U5/Content/Assets/M_StepSlope_Edge30_v1_geo.uexp" 610
"C:/Users/ROG Primary/Documents/GitHub/Oops-All-Ruins-/Oops_All_Ruins_U5/Content/Assets/M_Stairs_Right_V2_Geo.ubulk" 611
"C:/Users/ROG Primary/Documents/GitHub/Oops-All-Ruins-/Oops_All_Ruins_U5/Content/Assets/M_Stairs_Right_V2_Geo.uasset" 612
"C:/Users/ROG Primary/Documents/GitHub/Oops-All-Ruins-/Oops_All_Ruins_U5/Content/Assets/M_Stairs_Right_V2_Geo.uexp" 613
"C:/Users/ROG Primary/Documents/GitHub/Oops-All-Ruins-/Oops_All_Ruins_U5/Content/Assets/M_Stairs_Right_V1_Geo.ubulk" 614
"C:/Users/ROG Primary/Documents/GitHub/Oops-All-Ruins-/Oops_All_Ruins_U5/Content/Assets/M_Stairs_Right_V1_Geo.uasset" 615
"C:/Users/ROG Primary/Documents/GitHub/Oops-All-Ruins-/Oops_All_Ruins_U5/Content/Assets/M_Stairs_Right_V1_Geo.uexp" 616
"C:/Users/ROG Primary/Documents/GitHub/Oops-All-Ruins-/Oops_All_Ruins_U5/Content/Assets/M_Stairs_Middle_V1_Geo.ubulk" 617
"C:/Users/ROG Primary/Documents/GitHub/Oops-All-Ruins-/Oops_All_Ruins_U5/Content/Assets/M_Stairs_Middle_V1_Geo.uasset" 618
"C:/Users/ROG Primary/Documents/GitHub/Oops-All-Ruins-/Oops_All_Ruins_U5/Content/Assets/M_Stairs_Middle_V1_Geo.uexp" 619
"C:/Users/ROG Primary/Documents/GitHub/Oops-All-Ruins-/Oops_All_Ruins_U5/Content/Assets/M_Stairs_Left_V2_Geo.ubulk" 620
"C:/Users/ROG Primary/Documents/GitHub/Oops-All-Ruins-/Oops_All_Ruins_U5/Content/Assets/M_Stairs_Left_V2_Geo.uasset" 621
"C:/Users/ROG Primary/Documents/GitHub/Oops-All-Ruins-/Oops_All_Ruins_U5/Content/Assets/M_Stairs_Left_V2_Geo.uexp" 622
"C:/Users/ROG Primary/Documents/GitHub/Oops-All-Ruins-/Oops_All_Ruins_U5/Content/Assets/M_Stairs_Left_V1_Geo.ubulk" 623
"C:/Users/ROG Primary/Documents/GitHub/Oops-All-Ruins-/Oops_All_Ruins_U5/Content/Assets/M_Stairs_Left_V1_Geo.uasset" 624
"C:/Users/ROG Primary/Documents/GitHub/Oops-All-Ruins-/Oops_All_Ruins_U5/Content/Assets/M_Stairs_Left_V1_Geo.uexp" 625
"C:/Users/ROG Primary/Documents/GitHub/Oops-All-Ruins-/Oops_All_Ruins_U5/Content/Assets/M_Stairs_Combined_V2_Geo.ubulk" 626
"C:/Users/ROG Primary/Documents/GitHub/Oops-All-Ruins-/Oops_All_Ruins_U5/Content/Assets/M_Stairs_Combined_V2_Geo.uasset" 627
"C:/Users/ROG Primary/Documents/GitHub/Oops-All-Ruins-/Oops_All_Ruins_U5/Content/Assets/M_Stairs_Combined_V2_Geo.uexp" 628
"C:/Users/ROG Primary/Documents/GitHub/Oops-All-Ruins-/Oops_All_Ruins_U5/Content/Assets/M_Stairs_Combined_V1_Geo.ubulk" 629
"C:/Users/ROG Primary/Documents/GitHub/Oops-All-Ruins-/Oops_All_Ruins_U5/Content/Assets/M_Stairs_Combined_V1_Geo.uasset" 630
"C:/Users/ROG Primary/Documents/GitHub/Oops-All-Ruins-/Oops_All_Ruins_U5/Content/Assets/M_Stairs_Combined_V1_Geo.uexp" 631
"C:/Users/ROG Primary/Documents/GitHub/Oops-All-Ruins-/Oops_All_Ruins_U5/Content/Materials/Textures/TreeTrunk/Tree_trunk_1001_BaseColor.ubulk" 632
"C:/Users/ROG Primary/Documents/GitHub/Oops-All-Ruins-/Oops_All_Ruins_U5/Content/Materials/Textures/TreeTrunk/Tree_trunk_1001_BaseColor.uasset" 633
"C:/Users/ROG Primary/Documents/GitHub/Oops-All-Ruins-/Oops_All_Ruins_U5/Content/Materials/Textures/TreeTrunk/Tree_trunk_1001_BaseColor.uexp" 634
"C:/Users/ROG Primary/Documents/GitHub/Oops-All-Ruins-/Oops_All_Ruins_U5/Content/Materials/Textures/TreeTrunk/Tree_trunk_1001_OcclusionRoughnessMetallic.ubulk" 635
"C:/Users/ROG Primary/Documents/GitHub/Oops-All-Ruins-/Oops_All_Ruins_U5/Content/Materials/Textures/TreeTrunk/Tree_trunk_1001_OcclusionRoughnessMetallic.uasset" 636
"C:/Users/ROG Primary/Documents/GitHub/Oops-All-Ruins-/Oops_All_Ruins_U5/Content/Materials/Textures/TreeTrunk/Tree_trunk_1001_OcclusionRoughnessMetallic.uexp" 637
"C:/Users/ROG Primary/Documents/GitHub/Oops-All-Ruins-/Oops_All_Ruins_U5/Content/Materials/Textures/TreeTrunk/Tree_trunk_1001_Normal.ubulk" 638
"C:/Users/ROG Primary/Documents/GitHub/Oops-All-Ruins-/Oops_All_Ruins_U5/Content/Materials/Textures/TreeTrunk/Tree_trunk_1001_Normal.uasset" 639
"C:/Users/ROG Primary/Documents/GitHub/Oops-All-Ruins-/Oops_All_Ruins_U5/Content/Materials/Textures/TreeTrunk/Tree_trunk_1001_Normal.uexp" 640
"C:/Users/ROG Primary/Documents/GitHub/Oops-All-Ruins-/Oops_All_Ruins_U5/Content/Materials/TreeTrunk_mat.uasset" 641
"C:/Users/ROG Primary/Documents/GitHub/Oops-All-Ruins-/Oops_All_Ruins_U5/Content/Materials/TreeTrunk_mat.uexp" 642
"C:/Users/ROG Primary/Documents/GitHub/Oops-All-Ruins-/Oops_All_Ruins_U5/Content/Assets/Tree_trunk.ubulk" 643
"C:/Users/ROG Primary/Documents/GitHub/Oops-All-Ruins-/Oops_All_Ruins_U5/Content/Assets/Tree_trunk.uasset" 644
"C:/Users/ROG Primary/Documents/GitHub/Oops-All-Ruins-/Oops_All_Ruins_U5/Content/Assets/Tree_trunk.uexp" 645
"C:/Users/ROG Primary/Documents/GitHub/Oops-All-Ruins-/Oops_All_Ruins_U5/Content/Materials/Textures/Leaves_2/PlaneLeaves_low_lambert1_Roughness.ubulk" 646
"C:/Users/ROG Primary/Documents/GitHub/Oops-All-Ruins-/Oops_All_Ruins_U5/Content/Materials/Textures/Leaves_2/PlaneLeaves_low_lambert1_Roughness.uasset" 647
"C:/Users/ROG Primary/Documents/GitHub/Oops-All-Ruins-/Oops_All_Ruins_U5/Content/Materials/Textures/Leaves_2/PlaneLeaves_low_lambert1_Roughness.uexp" 648
"C:/Users/ROG Primary/Documents/GitHub/Oops-All-Ruins-/Oops_All_Ruins_U5/Content/Materials/Textures/Leaves_2/PlantLeaves_low_lambert1_Opacity.ubulk" 649
"C:/Users/ROG Primary/Documents/GitHub/Oops-All-Ruins-/Oops_All_Ruins_U5/Content/Materials/Textures/Leaves_2/PlantLeaves_low_lambert1_Opacity.uasset" 650
"C:/Users/ROG Primary/Documents/GitHub/Oops-All-Ruins-/Oops_All_Ruins_U5/Content/Materials/Textures/Leaves_2/PlantLeaves_low_lambert1_Opacity.uexp" 651
"C:/Users/ROG Primary/Documents/GitHub/Oops-All-Ruins-/Oops_All_Ruins_U5/Content/Materials/Textures/Leaves_2/PlaneLeaves_low_lambert1_Normal.ubulk" 652
"C:/Users/ROG Primary/Documents/GitHub/Oops-All-Ruins-/Oops_All_Ruins_U5/Content/Materials/Textures/Leaves_2/PlaneLeaves_low_lambert1_Normal.uasset" 653
"C:/Users/ROG Primary/Documents/GitHub/Oops-All-Ruins-/Oops_All_Ruins_U5/Content/Materials/Textures/Leaves_2/PlaneLeaves_low_lambert1_Normal.uexp" 654
"C:/Users/ROG Primary/Documents/GitHub/Oops-All-Ruins-/Oops_All_Ruins_U5/Content/Materials/Textures/Leaves_2/PlaneLeaves_low_lambert1_Metallic.ubulk" 655
"C:/Users/ROG Primary/Documents/GitHub/Oops-All-Ruins-/Oops_All_Ruins_U5/Content/Materials/Textures/Leaves_2/PlaneLeaves_low_lambert1_Metallic.uasset" 656
"C:/Users/ROG Primary/Documents/GitHub/Oops-All-Ruins-/Oops_All_Ruins_U5/Content/Materials/Textures/Leaves_2/PlaneLeaves_low_lambert1_Metallic.uexp" 657
"C:/Users/ROG Primary/Documents/GitHub/Oops-All-Ruins-/Oops_All_Ruins_U5/Content/Materials/Textures/Leaves_2/PlaneLeaves_low_lambert1_BaseColor.ubulk" 658
"C:/Users/ROG Primary/Documents/GitHub/Oops-All-Ruins-/Oops_All_Ruins_U5/Content/Materials/Textures/Leaves_2/PlaneLeaves_low_lambert1_BaseColor.uasset" 659
"C:/Users/ROG Primary/Documents/GitHub/Oops-All-Ruins-/Oops_All_Ruins_U5/Content/Materials/Textures/Leaves_2/PlaneLeaves_low_lambert1_BaseColor.uexp" 660
"C:/Users/ROG Primary/Documents/GitHub/Oops-All-Ruins-/Oops_All_Ruins_U5/Content/Materials/Tree_Leaves_mat.uasset" 661
"C:/Users/ROG Primary/Documents/GitHub/Oops-All-Ruins-/Oops_All_Ruins_U5/Content/Materials/Tree_Leaves_mat.uexp" 662
"C:/Users/ROG Primary/Documents/GitHub/Oops-All-Ruins-/Oops_All_Ruins_U5/Content/Materials/Tree_Leaves_mat_Inst.uasset" 663
"C:/Users/ROG Primary/Documents/GitHub/Oops-All-Ruins-/Oops_All_Ruins_U5/Content/Materials/Tree_Leaves_mat_Inst.uexp" 664
"C:/Users/ROG Primary/Documents/GitHub/Oops-All-Ruins-/Oops_All_Ruins_U5/Content/Assets/Tree_Leafs.ubulk" 665
"C:/Users/ROG Primary/Documents/GitHub/Oops-All-Ruins-/Oops_All_Ruins_U5/Content/Assets/Tree_Leafs.uasset" 666
"C:/Users/ROG Primary/Documents/GitHub/Oops-All-Ruins-/Oops_All_Ruins_U5/Content/Assets/Tree_Leafs.uexp" 667
"C:/Users/ROG Primary/Documents/GitHub/Oops-All-Ruins-/Oops_All_Ruins_U5/Content/Blueprints/Tree_BP.uasset" 668
"C:/Users/ROG Primary/Documents/GitHub/Oops-All-Ruins-/Oops_All_Ruins_U5/Content/Blueprints/Tree_BP.uexp" 669
"../../../Engine/Content/BasicShapes/Cube.ubulk" 670
"../../../Engine/Content/BasicShapes/Cube.uasset" 671
"../../../Engine/Content/BasicShapes/Cube.uexp" 672
"../../../Engine/Content/BasicShapes/BasicShapeMaterial.uasset" 673
"../../../Engine/Content/BasicShapes/BasicShapeMaterial.uexp" 674
"C:/Users/ROG Primary/Documents/GitHub/Oops-All-Ruins-/Oops_All_Ruins_U5/Content/Blueprints/Speed.uasset" 675
"C:/Users/ROG Primary/Documents/GitHub/Oops-All-Ruins-/Oops_All_Ruins_U5/Content/Blueprints/Speed.uexp" 676
"C:/Users/ROG Primary/Documents/GitHub/Oops-All-Ruins-/Oops_All_Ruins_U5/Content/Blueprints/ReverseControls.uasset" 677
"C:/Users/ROG Primary/Documents/GitHub/Oops-All-Ruins-/Oops_All_Ruins_U5/Content/Blueprints/ReverseControls.uexp" 678
"C:/Users/ROG Primary/Documents/GitHub/Oops-All-Ruins-/Oops_All_Ruins_U5/Content/Blueprints/Ragdoll.uasset" 679
"C:/Users/ROG Primary/Documents/GitHub/Oops-All-Ruins-/Oops_All_Ruins_U5/Content/Blueprints/Ragdoll.uexp" 680
"C:/Users/ROG Primary/Documents/GitHub/Oops-All-Ruins-/Oops_All_Ruins_U5/Content/Character_Animations/Medalion/Medalion_Material/C_Medalion_unwrp_lp_1001_BaseColor.ubulk" 681
"C:/Users/ROG Primary/Documents/GitHub/Oops-All-Ruins-/Oops_All_Ruins_U5/Content/Character_Animations/Medalion/Medalion_Material/C_Medalion_unwrp_lp_1001_BaseColor.uasset" 682
"C:/Users/ROG Primary/Documents/GitHub/Oops-All-Ruins-/Oops_All_Ruins_U5/Content/Character_Animations/Medalion/Medalion_Material/C_Medalion_unwrp_lp_1001_BaseColor.uexp" 683
"C:/Users/ROG Primary/Documents/GitHub/Oops-All-Ruins-/Oops_All_Ruins_U5/Content/Character_Animations/Medalion/Medalion_Material/C_Medalion_unwrp_lp_1001_Normal.ubulk" 684
"C:/Users/ROG Primary/Documents/GitHub/Oops-All-Ruins-/Oops_All_Ruins_U5/Content/Character_Animations/Medalion/Medalion_Material/C_Medalion_unwrp_lp_1001_Normal.uasset" 685
"C:/Users/ROG Primary/Documents/GitHub/Oops-All-Ruins-/Oops_All_Ruins_U5/Content/Character_Animations/Medalion/Medalion_Material/C_Medalion_unwrp_lp_1001_Normal.uexp" 686
"C:/Users/ROG Primary/Documents/GitHub/Oops-All-Ruins-/Oops_All_Ruins_U5/Content/Character_Animations/Medalion/Medalion_Material/C_Medalion_unwrp_lp_1001_OcclusionRoughnessMetallic.ubulk" 687
"C:/Users/ROG Primary/Documents/GitHub/Oops-All-Ruins-/Oops_All_Ruins_U5/Content/Character_Animations/Medalion/Medalion_Material/C_Medalion_unwrp_lp_1001_OcclusionRoughnessMetallic.uasset" 688
"C:/Users/ROG Primary/Documents/GitHub/Oops-All-Ruins-/Oops_All_Ruins_U5/Content/Character_Animations/Medalion/Medalion_Material/C_Medalion_unwrp_lp_1001_OcclusionRoughnessMetallic.uexp" 689
"C:/Users/ROG Primary/Documents/GitHub/Oops-All-Ruins-/Oops_All_Ruins_U5/Content/Character_Animations/Medalion/Medalion_Material/Medalion.uasset" 690
"C:/Users/ROG Primary/Documents/GitHub/Oops-All-Ruins-/Oops_All_Ruins_U5/Content/Character_Animations/Medalion/Medalion_Material/Medalion.uexp" 691
"C:/Users/ROG Primary/Documents/GitHub/Oops-All-Ruins-/Oops_All_Ruins_U5/Content/Character_Animations/Medalion/C_Medalion_unwrp_lp.ubulk" 692
"C:/Users/ROG Primary/Documents/GitHub/Oops-All-Ruins-/Oops_All_Ruins_U5/Content/Character_Animations/Medalion/C_Medalion_unwrp_lp.uasset" 693
"C:/Users/ROG Primary/Documents/GitHub/Oops-All-Ruins-/Oops_All_Ruins_U5/Content/Character_Animations/Medalion/C_Medalion_unwrp_lp.uexp" 694
"C:/Users/ROG Primary/Documents/GitHub/Oops-All-Ruins-/Oops_All_Ruins_U5/Content/Character_Animations/Mask/C_Mask_lp_unwrp_geo_1001_Normal.ubulk" 695
"C:/Users/ROG Primary/Documents/GitHub/Oops-All-Ruins-/Oops_All_Ruins_U5/Content/Character_Animations/Mask/C_Mask_lp_unwrp_geo_1001_Normal.uasset" 696
"C:/Users/ROG Primary/Documents/GitHub/Oops-All-Ruins-/Oops_All_Ruins_U5/Content/Character_Animations/Mask/C_Mask_lp_unwrp_geo_1001_Normal.uexp" 697
"C:/Users/ROG Primary/Documents/GitHub/Oops-All-Ruins-/Oops_All_Ruins_U5/Content/Character_Animations/Mask/C_Mask_lp_unwrp_geo_1001_OcclusionRoughnessMetallic.ubulk" 698
"C:/Users/ROG Primary/Documents/GitHub/Oops-All-Ruins-/Oops_All_Ruins_U5/Content/Character_Animations/Mask/C_Mask_lp_unwrp_geo_1001_OcclusionRoughnessMetallic.uasset" 699
"C:/Users/ROG Primary/Documents/GitHub/Oops-All-Ruins-/Oops_All_Ruins_U5/Content/Character_Animations/Mask/C_Mask_lp_unwrp_geo_1001_OcclusionRoughnessMetallic.uexp" 700
"C:/Users/ROG Primary/Documents/GitHub/Oops-All-Ruins-/Oops_All_Ruins_U5/Content/Character_Animations/Mask/C_Mask_lp_unwrp_geo_1001_BaseColor.ubulk" 701
"C:/Users/ROG Primary/Documents/GitHub/Oops-All-Ruins-/Oops_All_Ruins_U5/Content/Character_Animations/Mask/C_Mask_lp_unwrp_geo_1001_BaseColor.uasset" 702
"C:/Users/ROG Primary/Documents/GitHub/Oops-All-Ruins-/Oops_All_Ruins_U5/Content/Character_Animations/Mask/C_Mask_lp_unwrp_geo_1001_BaseColor.uexp" 703
"C:/Users/ROG Primary/Documents/GitHub/Oops-All-Ruins-/Oops_All_Ruins_U5/Content/Character_Animations/Mask/Mask_mat.uasset" 704
"C:/Users/ROG Primary/Documents/GitHub/Oops-All-Ruins-/Oops_All_Ruins_U5/Content/Character_Animations/Mask/Mask_mat.uexp" 705
"C:/Users/ROG Primary/Documents/GitHub/Oops-All-Ruins-/Oops_All_Ruins_U5/Content/Character_Animations/Mask/Mask_mat_Inst.uasset" 706
"C:/Users/ROG Primary/Documents/GitHub/Oops-All-Ruins-/Oops_All_Ruins_U5/Content/Character_Animations/Mask/Mask_mat_Inst.uexp" 707
"C:/Users/ROG Primary/Documents/GitHub/Oops-All-Ruins-/Oops_All_Ruins_U5/Content/Character_Animations/C_Mask_lp_unwrp_geo.ubulk" 708
"C:/Users/ROG Primary/Documents/GitHub/Oops-All-Ruins-/Oops_All_Ruins_U5/Content/Character_Animations/C_Mask_lp_unwrp_geo.uasset" 709
"C:/Users/ROG Primary/Documents/GitHub/Oops-All-Ruins-/Oops_All_Ruins_U5/Content/Character_Animations/C_Mask_lp_unwrp_geo.uexp" 710
"C:/Users/ROG Primary/Documents/GitHub/Oops-All-Ruins-/Oops_All_Ruins_U5/Content/Character_Materials/Bones_Normal1001.ubulk" 711
"C:/Users/ROG Primary/Documents/GitHub/Oops-All-Ruins-/Oops_All_Ruins_U5/Content/Character_Materials/Bones_Normal1001.uasset" 712
"C:/Users/ROG Primary/Documents/GitHub/Oops-All-Ruins-/Oops_All_Ruins_U5/Content/Character_Materials/Bones_Normal1001.uexp" 713
"C:/Users/ROG Primary/Documents/GitHub/Oops-All-Ruins-/Oops_All_Ruins_U5/Content/Character_Materials/Bones_OcclusionRoughnessMetallic1001.ubulk" 714
"C:/Users/ROG Primary/Documents/GitHub/Oops-All-Ruins-/Oops_All_Ruins_U5/Content/Character_Materials/Bones_OcclusionRoughnessMetallic1001.uasset" 715
"C:/Users/ROG Primary/Documents/GitHub/Oops-All-Ruins-/Oops_All_Ruins_U5/Content/Character_Materials/Bones_OcclusionRoughnessMetallic1001.uexp" 716
"C:/Users/ROG Primary/Documents/GitHub/Oops-All-Ruins-/Oops_All_Ruins_U5/Content/Character_Materials/Bones_BaseColor1001.ubulk" 717
"C:/Users/ROG Primary/Documents/GitHub/Oops-All-Ruins-/Oops_All_Ruins_U5/Content/Character_Materials/Bones_BaseColor1001.uasset" 718
"C:/Users/ROG Primary/Documents/GitHub/Oops-All-Ruins-/Oops_All_Ruins_U5/Content/Character_Materials/Bones_BaseColor1001.uexp" 719
"C:/Users/ROG Primary/Documents/GitHub/Oops-All-Ruins-/Oops_All_Ruins_U5/Content/Character_Materials/Skeleton_Bones.uasset" 720
"C:/Users/ROG Primary/Documents/GitHub/Oops-All-Ruins-/Oops_All_Ruins_U5/Content/Character_Materials/Skeleton_Bones.uexp" 721
"C:/Users/ROG Primary/Documents/GitHub/Oops-All-Ruins-/Oops_All_Ruins_U5/Content/Character_Materials/Skeleton_Bones_Inst.uasset" 722
"C:/Users/ROG Primary/Documents/GitHub/Oops-All-Ruins-/Oops_All_Ruins_U5/Content/Character_Materials/Skeleton_Bones_Inst.uexp" 723
"C:/Users/ROG Primary/Documents/GitHub/Oops-All-Ruins-/Oops_All_Ruins_U5/Content/Character_Materials/Body_BaseColor1001.ubulk" 724
"C:/Users/ROG Primary/Documents/GitHub/Oops-All-Ruins-/Oops_All_Ruins_U5/Content/Character_Materials/Body_BaseColor1001.uasset" 725
"C:/Users/ROG Primary/Documents/GitHub/Oops-All-Ruins-/Oops_All_Ruins_U5/Content/Character_Materials/Body_BaseColor1001.uexp" 726
"C:/Users/ROG Primary/Documents/GitHub/Oops-All-Ruins-/Oops_All_Ruins_U5/Content/Character_Materials/Body_OcclusionRoughnessMetallic1001.ubulk" 727
"C:/Users/ROG Primary/Documents/GitHub/Oops-All-Ruins-/Oops_All_Ruins_U5/Content/Character_Materials/Body_OcclusionRoughnessMetallic1001.uasset" 728
"C:/Users/ROG Primary/Documents/GitHub/Oops-All-Ruins-/Oops_All_Ruins_U5/Content/Character_Materials/Body_OcclusionRoughnessMetallic1001.uexp" 729
"C:/Users/ROG Primary/Documents/GitHub/Oops-All-Ruins-/Oops_All_Ruins_U5/Content/Character_Materials/Body_Normal1001.ubulk" 730
"C:/Users/ROG Primary/Documents/GitHub/Oops-All-Ruins-/Oops_All_Ruins_U5/Content/Character_Materials/Body_Normal1001.uasset" 731
"C:/Users/ROG Primary/Documents/GitHub/Oops-All-Ruins-/Oops_All_Ruins_U5/Content/Character_Materials/Body_Normal1001.uexp" 732
"C:/Users/ROG Primary/Documents/GitHub/Oops-All-Ruins-/Oops_All_Ruins_U5/Content/Character_Materials/Body_Opacity1001.ubulk" 733
"C:/Users/ROG Primary/Documents/GitHub/Oops-All-Ruins-/Oops_All_Ruins_U5/Content/Character_Materials/Body_Opacity1001.uasset" 734
"C:/Users/ROG Primary/Documents/GitHub/Oops-All-Ruins-/Oops_All_Ruins_U5/Content/Character_Materials/Body_Opacity1001.uexp" 735
"C:/Users/ROG Primary/Documents/GitHub/Oops-All-Ruins-/Oops_All_Ruins_U5/Content/Character_Materials/Skeleton_Body.uasset" 736
"C:/Users/ROG Primary/Documents/GitHub/Oops-All-Ruins-/Oops_All_Ruins_U5/Content/Character_Materials/Skeleton_Body.uexp" 737
"C:/Users/ROG Primary/Documents/GitHub/Oops-All-Ruins-/Oops_All_Ruins_U5/Content/Character_Animations/Character_Skeleton.uasset" 738
"C:/Users/ROG Primary/Documents/GitHub/Oops-All-Ruins-/Oops_All_Ruins_U5/Content/Character_Animations/Character_Skeleton.uexp" 739
"C:/Users/ROG Primary/Documents/GitHub/Oops-All-Ruins-/Oops_All_Ruins_U5/Content/Character_Animations/Character_PhysicsAsset.uasset" 740
"C:/Users/ROG Primary/Documents/GitHub/Oops-All-Ruins-/Oops_All_Ruins_U5/Content/Character_Animations/Character_PhysicsAsset.uexp" 741
"C:/Users/ROG Primary/Documents/GitHub/Oops-All-Ruins-/Oops_All_Ruins_U5/Content/Character_Animations/Character_geo.uasset" 742
"C:/Users/ROG Primary/Documents/GitHub/Oops-All-Ruins-/Oops_All_Ruins_U5/Content/Character_Animations/Character_geo.uexp" 743
"../../../Engine/Content/EditorBlueprintResources/StandardMacros.uasset" 744
"../../../Engine/Content/EditorBlueprintResources/StandardMacros.uexp" 745
"../../../Engine/Content/EditorBlueprintResources/ActorMacros.uasset" 746
"../../../Engine/Content/EditorBlueprintResources/ActorMacros.uexp" 747
"C:/Users/ROG Primary/Documents/GitHub/Oops-All-Ruins-/Oops_All_Ruins_U5/Content/ThirdPerson/Blueprints/MainMenu/BP_Spectator.uasset" 748
"C:/Users/ROG Primary/Documents/GitHub/Oops-All-Ruins-/Oops_All_Ruins_U5/Content/ThirdPerson/Blueprints/MainMenu/BP_Spectator.uexp" 749
"../../../Engine/Content/Animation/DefaultAnimCurveCompressionSettings.uasset" 750
"../../../Engine/Content/Animation/DefaultAnimCurveCompressionSettings.uexp" 751
"../../../Engine/Content/Animation/DefaultAnimBoneCompressionSettings.uasset" 752
"../../../Engine/Content/Animation/DefaultAnimBoneCompressionSettings.uexp" 753
"C:/Users/ROG Primary/Documents/GitHub/Oops-All-Ruins-/Oops_All_Ruins_U5/Content/Character_Animations/Character_Grab_Anim.uasset" 754
"C:/Users/ROG Primary/Documents/GitHub/Oops-All-Ruins-/Oops_All_Ruins_U5/Content/Character_Animations/Character_Grab_Anim.uexp" 755
"C:/Users/ROG Primary/Documents/GitHub/Oops-All-Ruins-/Oops_All_Ruins_U5/Content/Character_Animations/Character_Run_Anim.uasset" 756
"C:/Users/ROG Primary/Documents/GitHub/Oops-All-Ruins-/Oops_All_Ruins_U5/Content/Character_Animations/Character_Run_Anim.uexp" 757
"C:/Users/ROG Primary/Documents/GitHub/Oops-All-Ruins-/Oops_All_Ruins_U5/Content/Character_Animations/Character_Idle_Anim.uasset" 758
"C:/Users/ROG Primary/Documents/GitHub/Oops-All-Ruins-/Oops_All_Ruins_U5/Content/Character_Animations/Character_Idle_Anim.uexp" 759
"C:/Users/ROG Primary/Documents/GitHub/Oops-All-Ruins-/Oops_All_Ruins_U5/Content/Character_Animations/Character_BS.uasset" 760
"C:/Users/ROG Primary/Documents/GitHub/Oops-All-Ruins-/Oops_All_Ruins_U5/Content/Character_Animations/Character_BS.uexp" 761
"C:/Users/ROG Primary/Documents/GitHub/Oops-All-Ruins-/Oops_All_Ruins_U5/Content/Character_Animations/Character_DashJump_Anim.uasset" 762
"C:/Users/ROG Primary/Documents/GitHub/Oops-All-Ruins-/Oops_All_Ruins_U5/Content/Character_Animations/Character_DashJump_Anim.uexp" 763
"C:/Users/ROG Primary/Documents/GitHub/Oops-All-Ruins-/Oops_All_Ruins_U5/Content/Character_Animations/Character_Jump_Anim.uasset" 764
"C:/Users/ROG Primary/Documents/GitHub/Oops-All-Ruins-/Oops_All_Ruins_U5/Content/Character_Animations/Character_Jump_Anim.uexp" 765
"C:/Users/ROG Primary/Documents/GitHub/Oops-All-Ruins-/Oops_All_Ruins_U5/Content/Character_Animations/Character_AnimBP.uasset" 766
"C:/Users/ROG Primary/Documents/GitHub/Oops-All-Ruins-/Oops_All_Ruins_U5/Content/Character_Animations/Character_AnimBP.uexp" 767
"C:/Users/ROG Primary/Documents/GitHub/Oops-All-Ruins-/Oops_All_Ruins_U5/Content/ThirdPerson/Blueprints/BP_ThirdPersonCharacter.uasset" 768
"C:/Users/ROG Primary/Documents/GitHub/Oops-All-Ruins-/Oops_All_Ruins_U5/Content/ThirdPerson/Blueprints/BP_ThirdPersonCharacter.uexp" 769
"C:/Users/ROG Primary/Documents/GitHub/Oops-All-Ruins-/Oops_All_Ruins_U5/Content/Blueprints/Jump-pad.uasset" 770
"C:/Users/ROG Primary/Documents/GitHub/Oops-All-Ruins-/Oops_All_Ruins_U5/Content/Blueprints/Jump-pad.uexp" 771
"../../../Engine/Content/EngineMaterials/DefaultMaterial.uasset" 772
"../../../Engine/Content/EngineMaterials/DefaultMaterial.uexp" 773
"../../../Engine/Content/BasicShapes/Cylinder.ubulk" 774
"../../../Engine/Content/BasicShapes/Cylinder.uasset" 775
"../../../Engine/Content/BasicShapes/Cylinder.uexp" 776
"C:/Users/ROG Primary/Documents/GitHub/Oops-All-Ruins-/Oops_All_Ruins_U5/Content/Blueprints/Bumper.uasset" 777
"C:/Users/ROG Primary/Documents/GitHub/Oops-All-Ruins-/Oops_All_Ruins_U5/Content/Blueprints/Bumper.uexp" 778
"C:/Users/ROG Primary/Documents/GitHub/Oops-All-Ruins-/Oops_All_Ruins_U5/Content/Blueprints/BP_Rope_Spawn.uasset" 779
"C:/Users/ROG Primary/Documents/GitHub/Oops-All-Ruins-/Oops_All_Ruins_U5/Content/Blueprints/BP_Rope_Spawn.uexp" 780
"../../../Engine/Content/BasicShapes/Sphere.ubulk" 781
"../../../Engine/Content/BasicShapes/Sphere.uasset" 782
"../../../Engine/Content/BasicShapes/Sphere.uexp" 783
"C:/Users/ROG Primary/Documents/GitHub/Oops-All-Ruins-/Oops_All_Ruins_U5/Content/Blueprints/BP_Rope_long_Y.uasset" 784
"C:/Users/ROG Primary/Documents/GitHub/Oops-All-Ruins-/Oops_All_Ruins_U5/Content/Blueprints/BP_Rope_long_Y.uexp" 785
"C:/Users/ROG Primary/Documents/GitHub/Oops-All-Ruins-/Oops_All_Ruins_U5/Content/Blueprints/BP_Rope_long.uasset" 786
"C:/Users/ROG Primary/Documents/GitHub/Oops-All-Ruins-/Oops_All_Ruins_U5/Content/Blueprints/BP_Rope_long.uexp" 787
"C:/Users/ROG Primary/Documents/GitHub/Oops-All-Ruins-/Oops_All_Ruins_U5/Content/Blueprints/BP_Rope.uasset" 788
"C:/Users/ROG Primary/Documents/GitHub/Oops-All-Ruins-/Oops_All_Ruins_U5/Content/Blueprints/BP_Rope.uexp" 789
"C:/Users/ROG Primary/Documents/GitHub/Oops-All-Ruins-/Oops_All_Ruins_U5/Content/Blueprints/BP_Ledge.uasset" 790
"C:/Users/ROG Primary/Documents/GitHub/Oops-All-Ruins-/Oops_All_Ruins_U5/Content/Blueprints/BP_Ledge.uexp" 791
"C:/Users/ROG Primary/Documents/GitHub/Oops-All-Ruins-/Oops_All_Ruins_U5/Content/Blueprints/advancetolevel2.uasset" 792
"C:/Users/ROG Primary/Documents/GitHub/Oops-All-Ruins-/Oops_All_Ruins_U5/Content/Blueprints/advancetolevel2.uexp" 793
"C:/Users/ROG Primary/Documents/GitHub/Oops-All-Ruins-/Oops_All_Ruins_U5/Content/Assets/Log_Spike_Geo.ubulk" 794
"C:/Users/ROG Primary/Documents/GitHub/Oops-All-Ruins-/Oops_All_Ruins_U5/Content/Assets/Log_Spike_Geo.uasset" 795
"C:/Users/ROG Primary/Documents/GitHub/Oops-All-Ruins-/Oops_All_Ruins_U5/Content/Assets/Log_Spike_Geo.uexp" 796
"C:/Users/ROG Primary/Documents/GitHub/Oops-All-Ruins-/Oops_All_Ruins_U5/Content/Materials/Textures/LogNoSpikes/K_Log_LP_V3_geo_Material_001_BaseColor.ubulk" 797
"C:/Users/ROG Primary/Documents/GitHub/Oops-All-Ruins-/Oops_All_Ruins_U5/Content/Materials/Textures/LogNoSpikes/K_Log_LP_V3_geo_Material_001_BaseColor.uasset" 798
"C:/Users/ROG Primary/Documents/GitHub/Oops-All-Ruins-/Oops_All_Ruins_U5/Content/Materials/Textures/LogNoSpikes/K_Log_LP_V3_geo_Material_001_BaseColor.uexp" 799
"C:/Users/ROG Primary/Documents/GitHub/Oops-All-Ruins-/Oops_All_Ruins_U5/Content/Materials/Textures/LogNoSpikes/K_Log_LP_V3_geo_Material_001_OcclusionRoughnessMetallic.ubulk" 800
"C:/Users/ROG Primary/Documents/GitHub/Oops-All-Ruins-/Oops_All_Ruins_U5/Content/Materials/Textures/LogNoSpikes/K_Log_LP_V3_geo_Material_001_OcclusionRoughnessMetallic.uasset" 801
"C:/Users/ROG Primary/Documents/GitHub/Oops-All-Ruins-/Oops_All_Ruins_U5/Content/Materials/Textures/LogNoSpikes/K_Log_LP_V3_geo_Material_001_OcclusionRoughnessMetallic.uexp" 802
"C:/Users/ROG Primary/Documents/GitHub/Oops-All-Ruins-/Oops_All_Ruins_U5/Content/Materials/Textures/LogNoSpikes/K_Log_LP_V3_geo_Material_001_Normal.ubulk" 803
"C:/Users/ROG Primary/Documents/GitHub/Oops-All-Ruins-/Oops_All_Ruins_U5/Content/Materials/Textures/LogNoSpikes/K_Log_LP_V3_geo_Material_001_Normal.uasset" 804
"C:/Users/ROG Primary/Documents/GitHub/Oops-All-Ruins-/Oops_All_Ruins_U5/Content/Materials/Textures/LogNoSpikes/K_Log_LP_V3_geo_Material_001_Normal.uexp" 805
"C:/Users/ROG Primary/Documents/GitHub/Oops-All-Ruins-/Oops_All_Ruins_U5/Content/Materials/LogNoSpikes_mat.uasset" 806
"C:/Users/ROG Primary/Documents/GitHub/Oops-All-Ruins-/Oops_All_Ruins_U5/Content/Materials/LogNoSpikes_mat.uexp" 807
"C:/Users/ROG Primary/Documents/GitHub/Oops-All-Ruins-/Oops_All_Ruins_U5/Content/Assets/K_Log_LP_V3_geo.ubulk" 808
"C:/Users/ROG Primary/Documents/GitHub/Oops-All-Ruins-/Oops_All_Ruins_U5/Content/Assets/K_Log_LP_V3_geo.uasset" 809
"C:/Users/ROG Primary/Documents/GitHub/Oops-All-Ruins-/Oops_All_Ruins_U5/Content/Assets/K_Log_LP_V3_geo.uexp" 810
"C:/Users/ROG Primary/Documents/GitHub/Oops-All-Ruins-/Oops_All_Ruins_U5/Content/Materials/Textures/SpikeTrapSpikes/K_Floor_Spike_Trap_Spikes_v1_geo_1001_OcclusionRoughnessMetallic.ubulk" 811
"C:/Users/ROG Primary/Documents/GitHub/Oops-All-Ruins-/Oops_All_Ruins_U5/Content/Materials/Textures/SpikeTrapSpikes/K_Floor_Spike_Trap_Spikes_v1_geo_1001_OcclusionRoughnessMetallic.uasset" 812
"C:/Users/ROG Primary/Documents/GitHub/Oops-All-Ruins-/Oops_All_Ruins_U5/Content/Materials/Textures/SpikeTrapSpikes/K_Floor_Spike_Trap_Spikes_v1_geo_1001_OcclusionRoughnessMetallic.uexp" 813
"C:/Users/ROG Primary/Documents/GitHub/Oops-All-Ruins-/Oops_All_Ruins_U5/Content/Materials/Textures/SpikeTrapSpikes/K_Floor_Spike_Trap_Spikes_v1_geo_1001_BaseColor.ubulk" 814
"C:/Users/ROG Primary/Documents/GitHub/Oops-All-Ruins-/Oops_All_Ruins_U5/Content/Materials/Textures/SpikeTrapSpikes/K_Floor_Spike_Trap_Spikes_v1_geo_1001_BaseColor.uasset" 815
"C:/Users/ROG Primary/Documents/GitHub/Oops-All-Ruins-/Oops_All_Ruins_U5/Content/Materials/Textures/SpikeTrapSpikes/K_Floor_Spike_Trap_Spikes_v1_geo_1001_BaseColor.uexp" 816
"C:/Users/ROG Primary/Documents/GitHub/Oops-All-Ruins-/Oops_All_Ruins_U5/Content/Materials/Textures/SpikeTrapSpikes/K_Floor_Spike_Trap_Spikes_v1_geo_1001_Normal.ubulk" 817
"C:/Users/ROG Primary/Documents/GitHub/Oops-All-Ruins-/Oops_All_Ruins_U5/Content/Materials/Textures/SpikeTrapSpikes/K_Floor_Spike_Trap_Spikes_v1_geo_1001_Normal.uasset" 818
"C:/Users/ROG Primary/Documents/GitHub/Oops-All-Ruins-/Oops_All_Ruins_U5/Content/Materials/Textures/SpikeTrapSpikes/K_Floor_Spike_Trap_Spikes_v1_geo_1001_Normal.uexp" 819
"C:/Users/ROG Primary/Documents/GitHub/Oops-All-Ruins-/Oops_All_Ruins_U5/Content/Materials/SpikeTrapSpikes_mat.uasset" 820
"C:/Users/ROG Primary/Documents/GitHub/Oops-All-Ruins-/Oops_All_Ruins_U5/Content/Materials/SpikeTrapSpikes_mat.uexp" 821
"C:/Users/ROG Primary/Documents/GitHub/Oops-All-Ruins-/Oops_All_Ruins_U5/Content/Assets/K_Floor_Spike_Trap_Spikes_v1_geo.ubulk" 822
"C:/Users/ROG Primary/Documents/GitHub/Oops-All-Ruins-/Oops_All_Ruins_U5/Content/Assets/K_Floor_Spike_Trap_Spikes_v1_geo.uasset" 823
"C:/Users/ROG Primary/Documents/GitHub/Oops-All-Ruins-/Oops_All_Ruins_U5/Content/Assets/K_Floor_Spike_Trap_Spikes_v1_geo.uexp" 824
"C:/Users/ROG Primary/Documents/GitHub/Oops-All-Ruins-/Oops_All_Ruins_U5/Content/Assets/BreakableWall_5_geo.ubulk" 825
"C:/Users/ROG Primary/Documents/GitHub/Oops-All-Ruins-/Oops_All_Ruins_U5/Content/Assets/BreakableWall_5_geo.uasset" 826
"C:/Users/ROG Primary/Documents/GitHub/Oops-All-Ruins-/Oops_All_Ruins_U5/Content/Assets/BreakableWall_5_geo.uexp" 827
"C:/Users/ROG Primary/Documents/GitHub/Oops-All-Ruins-/Oops_All_Ruins_U5/Content/Assets/BreakableWall_4_geo.ubulk" 828
"C:/Users/ROG Primary/Documents/GitHub/Oops-All-Ruins-/Oops_All_Ruins_U5/Content/Assets/BreakableWall_4_geo.uasset" 829
"C:/Users/ROG Primary/Documents/GitHub/Oops-All-Ruins-/Oops_All_Ruins_U5/Content/Assets/BreakableWall_4_geo.uexp" 830
"C:/Users/ROG Primary/Documents/GitHub/Oops-All-Ruins-/Oops_All_Ruins_U5/Content/Assets/BreakableWall_3_geo.ubulk" 831
"C:/Users/ROG Primary/Documents/GitHub/Oops-All-Ruins-/Oops_All_Ruins_U5/Content/Assets/BreakableWall_3_geo.uasset" 832
"C:/Users/ROG Primary/Documents/GitHub/Oops-All-Ruins-/Oops_All_Ruins_U5/Content/Assets/BreakableWall_3_geo.uexp" 833
"C:/Users/ROG Primary/Documents/GitHub/Oops-All-Ruins-/Oops_All_Ruins_U5/Content/Assets/BreakableWall_2_geo.ubulk" 834
"C:/Users/ROG Primary/Documents/GitHub/Oops-All-Ruins-/Oops_All_Ruins_U5/Content/Assets/BreakableWall_2_geo.uasset" 835
"C:/Users/ROG Primary/Documents/GitHub/Oops-All-Ruins-/Oops_All_Ruins_U5/Content/Assets/BreakableWall_2_geo.uexp" 836
"C:/Users/ROG Primary/Documents/GitHub/Oops-All-Ruins-/Oops_All_Ruins_U5/Content/Assets/BreakableWall_1_geo.ubulk" 837
"C:/Users/ROG Primary/Documents/GitHub/Oops-All-Ruins-/Oops_All_Ruins_U5/Content/Assets/BreakableWall_1_geo.uasset" 838
"C:/Users/ROG Primary/Documents/GitHub/Oops-All-Ruins-/Oops_All_Ruins_U5/Content/Assets/BreakableWall_1_geo.uexp" 839
"C:/Users/ROG Primary/Documents/GitHub/Oops-All-Ruins-/Oops_All_Ruins_U5/Content/Assets/ball_court_bigger_right_hoop.ubulk" 840
"C:/Users/ROG Primary/Documents/GitHub/Oops-All-Ruins-/Oops_All_Ruins_U5/Content/Assets/ball_court_bigger_right_hoop.uasset" 841
"C:/Users/ROG Primary/Documents/GitHub/Oops-All-Ruins-/Oops_All_Ruins_U5/Content/Assets/ball_court_bigger_right_hoop.uexp" 842
"C:/Users/ROG Primary/Documents/GitHub/Oops-All-Ruins-/Oops_All_Ruins_U5/Content/Characters/Mannequins/Meshes/SK_Mannequin.uasset" 843
"C:/Users/ROG Primary/Documents/GitHub/Oops-All-Ruins-/Oops_All_Ruins_U5/Content/Characters/Mannequins/Meshes/SK_Mannequin.uexp" 844
"C:/Users/ROG Primary/Documents/GitHub/Oops-All-Ruins-/Oops_All_Ruins_U5/Content/Characters/Mannequins/Animations/Quinn/MF_Run_Fwd.uasset" 845
"C:/Users/ROG Primary/Documents/GitHub/Oops-All-Ruins-/Oops_All_Ruins_U5/Content/Characters/Mannequins/Animations/Quinn/MF_Run_Fwd.uexp" 846
"C:/Users/ROG Primary/Documents/GitHub/Oops-All-Ruins-/Oops_All_Ruins_U5/Content/Characters/Mannequins/Animations/Quinn/MF_Walk_Fwd.uasset" 847
"C:/Users/ROG Primary/Documents/GitHub/Oops-All-Ruins-/Oops_All_Ruins_U5/Content/Characters/Mannequins/Animations/Quinn/MF_Walk_Fwd.uexp" 848
"../../../Engine/Content/Animation/DefaultRecorderBoneCompression.uasset" 849
"../../../Engine/Content/Animation/DefaultRecorderBoneCompression.uexp" 850
"C:/Users/ROG Primary/Documents/GitHub/Oops-All-Ruins-/Oops_All_Ruins_U5/Content/Characters/Mannequins/Animations/Manny/MM_Walk_InPlace.uasset" 851
"C:/Users/ROG Primary/Documents/GitHub/Oops-All-Ruins-/Oops_All_Ruins_U5/Content/Characters/Mannequins/Animations/Manny/MM_Walk_InPlace.uexp" 852
"C:/Users/ROG Primary/Documents/GitHub/Oops-All-Ruins-/Oops_All_Ruins_U5/Content/Characters/Mannequins/Animations/Quinn/BS_MF_Unarmed_WalkRun.uasset" 853
"C:/Users/ROG Primary/Documents/GitHub/Oops-All-Ruins-/Oops_All_Ruins_U5/Content/Characters/Mannequins/Animations/Quinn/BS_MF_Unarmed_WalkRun.uexp" 854
"C:/Users/ROG Primary/Documents/GitHub/Oops-All-Ruins-/Oops_All_Ruins_U5/Content/Characters/Mannequins/Animations/Quinn/MF_Idle.uasset" 855
"C:/Users/ROG Primary/Documents/GitHub/Oops-All-Ruins-/Oops_All_Ruins_U5/Content/Characters/Mannequins/Animations/Quinn/MF_Idle.uexp" 856
"C:/Users/ROG Primary/Documents/GitHub/Oops-All-Ruins-/Oops_All_Ruins_U5/Content/Characters/Mannequins/Animations/Manny/MM_Fall_Loop.uasset" 857
"C:/Users/ROG Primary/Documents/GitHub/Oops-All-Ruins-/Oops_All_Ruins_U5/Content/Characters/Mannequins/Animations/Manny/MM_Fall_Loop.uexp" 858
"C:/Users/ROG Primary/Documents/GitHub/Oops-All-Ruins-/Oops_All_Ruins_U5/Content/Characters/Mannequins/Animations/Manny/MM_Jump.uasset" 859
"C:/Users/ROG Primary/Documents/GitHub/Oops-All-Ruins-/Oops_All_Ruins_U5/Content/Characters/Mannequins/Animations/Manny/MM_Jump.uexp" 860
"../../../Engine/Plugins/Animation/ControlRig/Content/Controls/DefaultGizmoLibrary.uasset" 861
"../../../Engine/Plugins/Animation/ControlRig/Content/Controls/DefaultGizmoLibrary.uexp" 862
"C:/Users/ROG Primary/Documents/GitHub/Oops-All-Ruins-/Oops_All_Ruins_U5/Content/Characters/Mannequins/Rigs/CR_Mannequin_BasicFootIK.uasset" 863
"C:/Users/ROG Primary/Documents/GitHub/Oops-All-Ruins-/Oops_All_Ruins_U5/Content/Characters/Mannequins/Rigs/CR_Mannequin_BasicFootIK.uexp" 864
"C:/Users/ROG Primary/Documents/GitHub/Oops-All-Ruins-/Oops_All_Ruins_U5/Content/Characters/Mannequins/Animations/Manny/MM_Run_Fwd.uasset" 865
"C:/Users/ROG Primary/Documents/GitHub/Oops-All-Ruins-/Oops_All_Ruins_U5/Content/Characters/Mannequins/Animations/Manny/MM_Run_Fwd.uexp" 866
"C:/Users/ROG Primary/Documents/GitHub/Oops-All-Ruins-/Oops_All_Ruins_U5/Content/Characters/Mannequins/Animations/Manny/MM_Walk_Fwd.uasset" 867
"C:/Users/ROG Primary/Documents/GitHub/Oops-All-Ruins-/Oops_All_Ruins_U5/Content/Characters/Mannequins/Animations/Manny/MM_Walk_Fwd.uexp" 868
"C:/Users/ROG Primary/Documents/GitHub/Oops-All-Ruins-/Oops_All_Ruins_U5/Content/Characters/Mannequins/Animations/Manny/BS_MM_WalkRun.uasset" 869
"C:/Users/ROG Primary/Documents/GitHub/Oops-All-Ruins-/Oops_All_Ruins_U5/Content/Characters/Mannequins/Animations/Manny/BS_MM_WalkRun.uexp" 870
"C:/Users/ROG Primary/Documents/GitHub/Oops-All-Ruins-/Oops_All_Ruins_U5/Content/Characters/Mannequins/Animations/Manny/MM_Land.uasset" 871
"C:/Users/ROG Primary/Documents/GitHub/Oops-All-Ruins-/Oops_All_Ruins_U5/Content/Characters/Mannequins/Animations/Manny/MM_Land.uexp" 872
"C:/Users/ROG Primary/Documents/GitHub/Oops-All-Ruins-/Oops_All_Ruins_U5/Content/Characters/Mannequins/Animations/Manny/MM_Idle.uasset" 873
"C:/Users/ROG Primary/Documents/GitHub/Oops-All-Ruins-/Oops_All_Ruins_U5/Content/Characters/Mannequins/Animations/Manny/MM_Idle.uexp" 874
"C:/Users/ROG Primary/Documents/GitHub/Oops-All-Ruins-/Oops_All_Ruins_U5/Content/Characters/Mannequins/Animations/ABP_Manny.uasset" 875
"C:/Users/ROG Primary/Documents/GitHub/Oops-All-Ruins-/Oops_All_Ruins_U5/Content/Characters/Mannequins/Animations/ABP_Manny.uexp" 876
"C:/Users/ROG Primary/Documents/GitHub/Oops-All-Ruins-/Oops_All_Ruins_U5/Content/Characters/Mannequins/Animations/ABP_Quinn.uasset" 877
"C:/Users/ROG Primary/Documents/GitHub/Oops-All-Ruins-/Oops_All_Ruins_U5/Content/Characters/Mannequins/Animations/ABP_Quinn.uexp" 878
"C:/Users/ROG Primary/Documents/GitHub/Oops-All-Ruins-/Oops_All_Ruins_U5/Content/Characters/Mannequins/Textures/Quinn/T_Quinn_02ID_MSR_MSK.ubulk" 879
"C:/Users/ROG Primary/Documents/GitHub/Oops-All-Ruins-/Oops_All_Ruins_U5/Content/Characters/Mannequins/Textures/Quinn/T_Quinn_02ID_MSR_MSK.uasset" 880
"C:/Users/ROG Primary/Documents/GitHub/Oops-All-Ruins-/Oops_All_Ruins_U5/Content/Characters/Mannequins/Textures/Quinn/T_Quinn_02ID_MSR_MSK.uexp" 881
"C:/Users/ROG Primary/Documents/GitHub/Oops-All-Ruins-/Oops_All_Ruins_U5/Content/Characters/Mannequins/Textures/Quinn/T_Quinn_02ID_BN.ubulk" 882
"C:/Users/ROG Primary/Documents/GitHub/Oops-All-Ruins-/Oops_All_Ruins_U5/Content/Characters/Mannequins/Textures/Quinn/T_Quinn_02ID_BN.uasset" 883
"C:/Users/ROG Primary/Documents/GitHub/Oops-All-Ruins-/Oops_All_Ruins_U5/Content/Characters/Mannequins/Textures/Quinn/T_Quinn_02ID_BN.uexp" 884
"C:/Users/ROG Primary/Documents/GitHub/Oops-All-Ruins-/Oops_All_Ruins_U5/Content/Characters/Mannequins/Textures/Quinn/T_Quinn_02_ASAOMASK_MSK.ubulk" 885
"C:/Users/ROG Primary/Documents/GitHub/Oops-All-Ruins-/Oops_All_Ruins_U5/Content/Characters/Mannequins/Textures/Quinn/T_Quinn_02_ASAOMASK_MSK.uasset" 886
"C:/Users/ROG Primary/Documents/GitHub/Oops-All-Ruins-/Oops_All_Ruins_U5/Content/Characters/Mannequins/Textures/Quinn/T_Quinn_02_ASAOMASK_MSK.uexp" 887
"C:/Users/ROG Primary/Documents/GitHub/Oops-All-Ruins-/Oops_All_Ruins_U5/Content/Characters/Mannequins/Textures/Quinn/T_Quinn_02_CCRCCPlastic_MSK.ubulk" 888
"C:/Users/ROG Primary/Documents/GitHub/Oops-All-Ruins-/Oops_All_Ruins_U5/Content/Characters/Mannequins/Textures/Quinn/T_Quinn_02_CCRCCPlastic_MSK.uasset" 889
"C:/Users/ROG Primary/Documents/GitHub/Oops-All-Ruins-/Oops_All_Ruins_U5/Content/Characters/Mannequins/Textures/Quinn/T_Quinn_02_CCRCCPlastic_MSK.uexp" 890
"C:/Users/ROG Primary/Documents/GitHub/Oops-All-Ruins-/Oops_All_Ruins_U5/Content/Characters/Mannequins/Textures/Quinn/T_Quinn_02ID_Tan.ubulk" 891
"C:/Users/ROG Primary/Documents/GitHub/Oops-All-Ruins-/Oops_All_Ruins_U5/Content/Characters/Mannequins/Textures/Quinn/T_Quinn_02ID_Tan.uasset" 892
"C:/Users/ROG Primary/Documents/GitHub/Oops-All-Ruins-/Oops_All_Ruins_U5/Content/Characters/Mannequins/Textures/Quinn/T_Quinn_02ID_Tan.uexp" 893
"C:/Users/ROG Primary/Documents/GitHub/Oops-All-Ruins-/Oops_All_Ruins_U5/Content/Characters/Mannequins/Textures/Quinn/T_Quinn_02ID_D.ubulk" 894
"C:/Users/ROG Primary/Documents/GitHub/Oops-All-Ruins-/Oops_All_Ruins_U5/Content/Characters/Mannequins/Textures/Quinn/T_Quinn_02ID_D.uasset" 895
"C:/Users/ROG Primary/Documents/GitHub/Oops-All-Ruins-/Oops_All_Ruins_U5/Content/Characters/Mannequins/Textures/Quinn/T_Quinn_02ID_D.uexp" 896
"C:/Users/ROG Primary/Documents/GitHub/Oops-All-Ruins-/Oops_All_Ruins_U5/Content/Characters/Mannequins/Textures/Quinn/T_Quinn_01ID_MSR_MSK.ubulk" 897
"C:/Users/ROG Primary/Documents/GitHub/Oops-All-Ruins-/Oops_All_Ruins_U5/Content/Characters/Mannequins/Textures/Quinn/T_Quinn_01ID_MSR_MSK.uasset" 898
"C:/Users/ROG Primary/Documents/GitHub/Oops-All-Ruins-/Oops_All_Ruins_U5/Content/Characters/Mannequins/Textures/Quinn/T_Quinn_01ID_MSR_MSK.uexp" 899
"C:/Users/ROG Primary/Documents/GitHub/Oops-All-Ruins-/Oops_All_Ruins_U5/Content/Characters/Mannequins/Materials/Functions/ChromaticCurve.uasset" 900
"C:/Users/ROG Primary/Documents/GitHub/Oops-All-Ruins-/Oops_All_Ruins_U5/Content/Characters/Mannequins/Materials/Functions/ChromaticCurve.uexp" 901
"C:/Users/ROG Primary/Documents/GitHub/Oops-All-Ruins-/Oops_All_Ruins_U5/Content/Characters/Mannequins/Materials/Functions/CA_Mannequin.uasset" 902
"C:/Users/ROG Primary/Documents/GitHub/Oops-All-Ruins-/Oops_All_Ruins_U5/Content/Characters/Mannequins/Materials/Functions/CA_Mannequin.uexp" 903
"C:/Users/ROG Primary/Documents/GitHub/Oops-All-Ruins-/Oops_All_Ruins_U5/Content/Characters/Mannequins/Materials/Functions/MF_Diffraction.uasset" 904
"C:/Users/ROG Primary/Documents/GitHub/Oops-All-Ruins-/Oops_All_Ruins_U5/Content/Characters/Mannequins/Materials/Functions/MF_Diffraction.uexp" 905
"C:/Users/ROG Primary/Documents/GitHub/Oops-All-Ruins-/Oops_All_Ruins_U5/Content/Characters/Mannequins/Textures/Manny/T_Manny_01_N.ubulk" 906
"C:/Users/ROG Primary/Documents/GitHub/Oops-All-Ruins-/Oops_All_Ruins_U5/Content/Characters/Mannequins/Textures/Manny/T_Manny_01_N.uasset" 907
"C:/Users/ROG Primary/Documents/GitHub/Oops-All-Ruins-/Oops_All_Ruins_U5/Content/Characters/Mannequins/Textures/Manny/T_Manny_01_N.uexp" 908
"C:/Users/ROG Primary/Documents/GitHub/Oops-All-Ruins-/Oops_All_Ruins_U5/Content/Characters/Mannequins/Materials/Functions/ML_BaseColorFallOff.uasset" 909
"C:/Users/ROG Primary/Documents/GitHub/Oops-All-Ruins-/Oops_All_Ruins_U5/Content/Characters/Mannequins/Materials/Functions/ML_BaseColorFallOff.uexp" 910
"../../../Engine/Content/Functions/Engine_MaterialFunctions01/Texturing/ScaleUVsByCenter.uasset" 911
"../../../Engine/Content/Functions/Engine_MaterialFunctions01/Texturing/ScaleUVsByCenter.uexp" 912
"C:/Users/ROG Primary/Documents/GitHub/Oops-All-Ruins-/Oops_All_Ruins_U5/Content/Characters/Mannequins/Textures/Shared/T_UE_Logo_M.uasset" 913
"C:/Users/ROG Primary/Documents/GitHub/Oops-All-Ruins-/Oops_All_Ruins_U5/Content/Characters/Mannequins/Textures/Shared/T_UE_Logo_M.uexp" 914
"C:/Users/ROG Primary/Documents/GitHub/Oops-All-Ruins-/Oops_All_Ruins_U5/Content/Characters/Mannequins/Materials/Functions/MF_logo3layers.uasset" 915
"C:/Users/ROG Primary/Documents/GitHub/Oops-All-Ruins-/Oops_All_Ruins_U5/Content/Characters/Mannequins/Materials/Functions/MF_logo3layers.uexp" 916
"C:/Users/ROG Primary/Documents/GitHub/Oops-All-Ruins-/Oops_All_Ruins_U5/Content/Characters/Mannequins/Textures/Manny/T_Manny_01_CCRCCPlastic_MSK.ubulk" 917
"C:/Users/ROG Primary/Documents/GitHub/Oops-All-Ruins-/Oops_All_Ruins_U5/Content/Characters/Mannequins/Textures/Manny/T_Manny_01_CCRCCPlastic_MSK.uasset" 918
"C:/Users/ROG Primary/Documents/GitHub/Oops-All-Ruins-/Oops_All_Ruins_U5/Content/Characters/Mannequins/Textures/Manny/T_Manny_01_CCRCCPlastic_MSK.uexp" 919
"C:/Users/ROG Primary/Documents/GitHub/Oops-All-Ruins-/Oops_All_Ruins_U5/Content/Characters/Mannequins/Textures/Manny/T_Manny_01_ASAOPMASK_MSK.ubulk" 920
"C:/Users/ROG Primary/Documents/GitHub/Oops-All-Ruins-/Oops_All_Ruins_U5/Content/Characters/Mannequins/Textures/Manny/T_Manny_01_ASAOPMASK_MSK.uasset" 921
"C:/Users/ROG Primary/Documents/GitHub/Oops-All-Ruins-/Oops_All_Ruins_U5/Content/Characters/Mannequins/Textures/Manny/T_Manny_01_ASAOPMASK_MSK.uexp" 922
"C:/Users/ROG Primary/Documents/GitHub/Oops-All-Ruins-/Oops_All_Ruins_U5/Content/Characters/Mannequins/Textures/Manny/T_Manny_01_MSR_MSK.ubulk" 923
"C:/Users/ROG Primary/Documents/GitHub/Oops-All-Ruins-/Oops_All_Ruins_U5/Content/Characters/Mannequins/Textures/Manny/T_Manny_01_MSR_MSK.uasset" 924
"C:/Users/ROG Primary/Documents/GitHub/Oops-All-Ruins-/Oops_All_Ruins_U5/Content/Characters/Mannequins/Textures/Manny/T_Manny_01_MSR_MSK.uexp" 925
"C:/Users/ROG Primary/Documents/GitHub/Oops-All-Ruins-/Oops_All_Ruins_U5/Content/Characters/Mannequins/Textures/Manny/T_Manny_01_BN.ubulk" 926
"C:/Users/ROG Primary/Documents/GitHub/Oops-All-Ruins-/Oops_All_Ruins_U5/Content/Characters/Mannequins/Textures/Manny/T_Manny_01_BN.uasset" 927
"C:/Users/ROG Primary/Documents/GitHub/Oops-All-Ruins-/Oops_All_Ruins_U5/Content/Characters/Mannequins/Textures/Manny/T_Manny_01_BN.uexp" 928
"C:/Users/ROG Primary/Documents/GitHub/Oops-All-Ruins-/Oops_All_Ruins_U5/Content/Characters/Mannequins/Textures/Manny/T_Manny_01_D.ubulk" 929
"C:/Users/ROG Primary/Documents/GitHub/Oops-All-Ruins-/Oops_All_Ruins_U5/Content/Characters/Mannequins/Textures/Manny/T_Manny_01_D.uasset" 930
"C:/Users/ROG Primary/Documents/GitHub/Oops-All-Ruins-/Oops_All_Ruins_U5/Content/Characters/Mannequins/Textures/Manny/T_Manny_01_D.uexp" 931
"C:/Users/ROG Primary/Documents/GitHub/Oops-All-Ruins-/Oops_All_Ruins_U5/Content/Characters/Mannequins/Textures/Manny/T_Manny_01_Tan.ubulk" 932
"C:/Users/ROG Primary/Documents/GitHub/Oops-All-Ruins-/Oops_All_Ruins_U5/Content/Characters/Mannequins/Textures/Manny/T_Manny_01_Tan.uasset" 933
"C:/Users/ROG Primary/Documents/GitHub/Oops-All-Ruins-/Oops_All_Ruins_U5/Content/Characters/Mannequins/Textures/Manny/T_Manny_01_Tan.uexp" 934
"C:/Users/ROG Primary/Documents/GitHub/Oops-All-Ruins-/Oops_All_Ruins_U5/Content/Characters/Mannequins/Materials/M_Mannequin.uasset" 935
"C:/Users/ROG Primary/Documents/GitHub/Oops-All-Ruins-/Oops_All_Ruins_U5/Content/Characters/Mannequins/Materials/M_Mannequin.uexp" 936
"C:/Users/ROG Primary/Documents/GitHub/Oops-All-Ruins-/Oops_All_Ruins_U5/Content/Characters/Mannequins/Textures/Quinn/T_Quinn_01_ASAOMASK_MSK.ubulk" 937
"C:/Users/ROG Primary/Documents/GitHub/Oops-All-Ruins-/Oops_All_Ruins_U5/Content/Characters/Mannequins/Textures/Quinn/T_Quinn_01_ASAOMASK_MSK.uasset" 938
"C:/Users/ROG Primary/Documents/GitHub/Oops-All-Ruins-/Oops_All_Ruins_U5/Content/Characters/Mannequins/Textures/Quinn/T_Quinn_01_ASAOMASK_MSK.uexp" 939
"C:/Users/ROG Primary/Documents/GitHub/Oops-All-Ruins-/Oops_All_Ruins_U5/Content/Characters/Mannequins/Textures/Quinn/T_Quinn_01ID_N.ubulk" 940
"C:/Users/ROG Primary/Documents/GitHub/Oops-All-Ruins-/Oops_All_Ruins_U5/Content/Characters/Mannequins/Textures/Quinn/T_Quinn_01ID_N.uasset" 941
"C:/Users/ROG Primary/Documents/GitHub/Oops-All-Ruins-/Oops_All_Ruins_U5/Content/Characters/Mannequins/Textures/Quinn/T_Quinn_01ID_N.uexp" 942
"C:/Users/ROG Primary/Documents/GitHub/Oops-All-Ruins-/Oops_All_Ruins_U5/Content/Characters/Mannequins/Textures/Quinn/T_Quinn_01ID_BN.ubulk" 943
"C:/Users/ROG Primary/Documents/GitHub/Oops-All-Ruins-/Oops_All_Ruins_U5/Content/Characters/Mannequins/Textures/Quinn/T_Quinn_01ID_BN.uasset" 944
"C:/Users/ROG Primary/Documents/GitHub/Oops-All-Ruins-/Oops_All_Ruins_U5/Content/Characters/Mannequins/Textures/Quinn/T_Quinn_01ID_BN.uexp" 945
"C:/Users/ROG Primary/Documents/GitHub/Oops-All-Ruins-/Oops_All_Ruins_U5/Content/Characters/Mannequins/Textures/Quinn/T_Quinn_01ID_D.ubulk" 946
"C:/Users/ROG Primary/Documents/GitHub/Oops-All-Ruins-/Oops_All_Ruins_U5/Content/Characters/Mannequins/Textures/Quinn/T_Quinn_01ID_D.uasset" 947
"C:/Users/ROG Primary/Documents/GitHub/Oops-All-Ruins-/Oops_All_Ruins_U5/Content/Characters/Mannequins/Textures/Quinn/T_Quinn_01ID_D.uexp" 948
"C:/Users/ROG Primary/Documents/GitHub/Oops-All-Ruins-/Oops_All_Ruins_U5/Content/Characters/Mannequins/Textures/Quinn/T_Quinn_01ID_Tan.ubulk" 949
"C:/Users/ROG Primary/Documents/GitHub/Oops-All-Ruins-/Oops_All_Ruins_U5/Content/Characters/Mannequins/Textures/Quinn/T_Quinn_01ID_Tan.uasset" 950
"C:/Users/ROG Primary/Documents/GitHub/Oops-All-Ruins-/Oops_All_Ruins_U5/Content/Characters/Mannequins/Textures/Quinn/T_Quinn_01ID_Tan.uexp" 951
"C:/Users/ROG Primary/Documents/GitHub/Oops-All-Ruins-/Oops_All_Ruins_U5/Content/Characters/Mannequins/Textures/Quinn/T_Quinn_01_CCRCCPlastic_MSK.ubulk" 952
"C:/Users/ROG Primary/Documents/GitHub/Oops-All-Ruins-/Oops_All_Ruins_U5/Content/Characters/Mannequins/Textures/Quinn/T_Quinn_01_CCRCCPlastic_MSK.uasset" 953
"C:/Users/ROG Primary/Documents/GitHub/Oops-All-Ruins-/Oops_All_Ruins_U5/Content/Characters/Mannequins/Textures/Quinn/T_Quinn_01_CCRCCPlastic_MSK.uexp" 954
"C:/Users/ROG Primary/Documents/GitHub/Oops-All-Ruins-/Oops_All_Ruins_U5/Content/Characters/Mannequins/Materials/Instances/Quinn/MI_Quinn_01.uasset" 955
"C:/Users/ROG Primary/Documents/GitHub/Oops-All-Ruins-/Oops_All_Ruins_U5/Content/Characters/Mannequins/Materials/Instances/Quinn/MI_Quinn_01.uexp" 956
"C:/Users/ROG Primary/Documents/GitHub/Oops-All-Ruins-/Oops_All_Ruins_U5/Content/Characters/Mannequins/Textures/Quinn/T_Quinn_02ID_N.ubulk" 957
"C:/Users/ROG Primary/Documents/GitHub/Oops-All-Ruins-/Oops_All_Ruins_U5/Content/Characters/Mannequins/Textures/Quinn/T_Quinn_02ID_N.uasset" 958
"C:/Users/ROG Primary/Documents/GitHub/Oops-All-Ruins-/Oops_All_Ruins_U5/Content/Characters/Mannequins/Textures/Quinn/T_Quinn_02ID_N.uexp" 959
"C:/Users/ROG Primary/Documents/GitHub/Oops-All-Ruins-/Oops_All_Ruins_U5/Content/Characters/Mannequins/Materials/Instances/Quinn/MI_Quinn_02.uasset" 960
"C:/Users/ROG Primary/Documents/GitHub/Oops-All-Ruins-/Oops_All_Ruins_U5/Content/Characters/Mannequins/Materials/Instances/Quinn/MI_Quinn_02.uexp" 961
"C:/Users/ROG Primary/Documents/GitHub/Oops-All-Ruins-/Oops_All_Ruins_U5/Content/Characters/Mannequins/Rigs/PA_Mannequin.uasset" 962
"C:/Users/ROG Primary/Documents/GitHub/Oops-All-Ruins-/Oops_All_Ruins_U5/Content/Characters/Mannequins/Rigs/PA_Mannequin.uexp" 963
"C:/Users/ROG Primary/Documents/GitHub/Oops-All-Ruins-/Oops_All_Ruins_U5/Content/Characters/Mannequins/Meshes/SKM_Quinn_Simple.uasset" 964
"C:/Users/ROG Primary/Documents/GitHub/Oops-All-Ruins-/Oops_All_Ruins_U5/Content/Characters/Mannequins/Meshes/SKM_Quinn_Simple.uexp" 965
"C:/Users/ROG Primary/Documents/GitHub/Oops-All-Ruins-/Oops_All_Ruins_U5/Content/Characters/Mannequins/Rigs/Poses/Quinn/Quinn_foot_l_anim.uasset" 966
"C:/Users/ROG Primary/Documents/GitHub/Oops-All-Ruins-/Oops_All_Ruins_U5/Content/Characters/Mannequins/Rigs/Poses/Quinn/Quinn_foot_l_anim.uexp" 967
"C:/Users/ROG Primary/Documents/GitHub/Oops-All-Ruins-/Oops_All_Ruins_U5/Content/Characters/Mannequins/Rigs/Poses/Quinn/Quinn_foot_l_pose.uasset" 968
"C:/Users/ROG Primary/Documents/GitHub/Oops-All-Ruins-/Oops_All_Ruins_U5/Content/Characters/Mannequins/Rigs/Poses/Quinn/Quinn_foot_l_pose.uexp" 969
"C:/Users/ROG Primary/Documents/GitHub/Oops-All-Ruins-/Oops_All_Ruins_U5/Content/Characters/Mannequins/Rigs/Poses/Quinn/Quinn_clavicle_l_anim.uasset" 970
"C:/Users/ROG Primary/Documents/GitHub/Oops-All-Ruins-/Oops_All_Ruins_U5/Content/Characters/Mannequins/Rigs/Poses/Quinn/Quinn_clavicle_l_anim.uexp" 971
"C:/Users/ROG Primary/Documents/GitHub/Oops-All-Ruins-/Oops_All_Ruins_U5/Content/Characters/Mannequins/Rigs/Poses/Quinn/Quinn_clavicle_l_pose.uasset" 972
"C:/Users/ROG Primary/Documents/GitHub/Oops-All-Ruins-/Oops_All_Ruins_U5/Content/Characters/Mannequins/Rigs/Poses/Quinn/Quinn_clavicle_l_pose.uexp" 973
"C:/Users/ROG Primary/Documents/GitHub/Oops-All-Ruins-/Oops_All_Ruins_U5/Content/Characters/Mannequins/Rigs/Poses/Quinn/Quinn_clavicle_r_anim.uasset" 974
"C:/Users/ROG Primary/Documents/GitHub/Oops-All-Ruins-/Oops_All_Ruins_U5/Content/Characters/Mannequins/Rigs/Poses/Quinn/Quinn_clavicle_r_anim.uexp" 975
"C:/Users/ROG Primary/Documents/GitHub/Oops-All-Ruins-/Oops_All_Ruins_U5/Content/Characters/Mannequins/Rigs/Poses/Quinn/Quinn_clavicle_r_pose.uasset" 976
"C:/Users/ROG Primary/Documents/GitHub/Oops-All-Ruins-/Oops_All_Ruins_U5/Content/Characters/Mannequins/Rigs/Poses/Quinn/Quinn_clavicle_r_pose.uexp" 977
"C:/Users/ROG Primary/Documents/GitHub/Oops-All-Ruins-/Oops_All_Ruins_U5/Content/Characters/Mannequins/Rigs/Poses/Quinn/Quinn_upperarm_l_anim.uasset" 978
"C:/Users/ROG Primary/Documents/GitHub/Oops-All-Ruins-/Oops_All_Ruins_U5/Content/Characters/Mannequins/Rigs/Poses/Quinn/Quinn_upperarm_l_anim.uexp" 979
"C:/Users/ROG Primary/Documents/GitHub/Oops-All-Ruins-/Oops_All_Ruins_U5/Content/Characters/Mannequins/Rigs/Poses/Quinn/Quinn_upperarm_l_pose.uasset" 980
"C:/Users/ROG Primary/Documents/GitHub/Oops-All-Ruins-/Oops_All_Ruins_U5/Content/Characters/Mannequins/Rigs/Poses/Quinn/Quinn_upperarm_l_pose.uexp" 981
"C:/Users/ROG Primary/Documents/GitHub/Oops-All-Ruins-/Oops_All_Ruins_U5/Content/Characters/Mannequins/Rigs/Poses/Quinn/Quinn_lowerarm_l_anim.uasset" 982
"C:/Users/ROG Primary/Documents/GitHub/Oops-All-Ruins-/Oops_All_Ruins_U5/Content/Characters/Mannequins/Rigs/Poses/Quinn/Quinn_lowerarm_l_anim.uexp" 983
"C:/Users/ROG Primary/Documents/GitHub/Oops-All-Ruins-/Oops_All_Ruins_U5/Content/Characters/Mannequins/Rigs/Poses/Quinn/Quinn_lowerarm_l_pose.uasset" 984
"C:/Users/ROG Primary/Documents/GitHub/Oops-All-Ruins-/Oops_All_Ruins_U5/Content/Characters/Mannequins/Rigs/Poses/Quinn/Quinn_lowerarm_l_pose.uexp" 985
"C:/Users/ROG Primary/Documents/GitHub/Oops-All-Ruins-/Oops_All_Ruins_U5/Content/Characters/Mannequins/Rigs/Poses/Quinn/Quinn_calf_l_anim.uasset" 986
"C:/Users/ROG Primary/Documents/GitHub/Oops-All-Ruins-/Oops_All_Ruins_U5/Content/Characters/Mannequins/Rigs/Poses/Quinn/Quinn_calf_l_anim.uexp" 987
"C:/Users/ROG Primary/Documents/GitHub/Oops-All-Ruins-/Oops_All_Ruins_U5/Content/Characters/Mannequins/Rigs/Poses/Quinn/Quinn_calf_l_pose.uasset" 988
"C:/Users/ROG Primary/Documents/GitHub/Oops-All-Ruins-/Oops_All_Ruins_U5/Content/Characters/Mannequins/Rigs/Poses/Quinn/Quinn_calf_l_pose.uexp" 989
"C:/Users/ROG Primary/Documents/GitHub/Oops-All-Ruins-/Oops_All_Ruins_U5/Content/Characters/Mannequins/Rigs/CR_Mannequin_Procedural.uasset" 990
"C:/Users/ROG Primary/Documents/GitHub/Oops-All-Ruins-/Oops_All_Ruins_U5/Content/Characters/Mannequins/Rigs/CR_Mannequin_Procedural.uexp" 991
"C:/Users/ROG Primary/Documents/GitHub/Oops-All-Ruins-/Oops_All_Ruins_U5/Content/Characters/Mannequins/Rigs/Poses/Quinn/Quinn_upperarm_r_anim.uasset" 992
"C:/Users/ROG Primary/Documents/GitHub/Oops-All-Ruins-/Oops_All_Ruins_U5/Content/Characters/Mannequins/Rigs/Poses/Quinn/Quinn_upperarm_r_anim.uexp" 993
"C:/Users/ROG Primary/Documents/GitHub/Oops-All-Ruins-/Oops_All_Ruins_U5/Content/Characters/Mannequins/Rigs/Poses/Quinn/Quinn_upperarm_r_pose.uasset" 994
"C:/Users/ROG Primary/Documents/GitHub/Oops-All-Ruins-/Oops_All_Ruins_U5/Content/Characters/Mannequins/Rigs/Poses/Quinn/Quinn_upperarm_r_pose.uexp" 995
"C:/Users/ROG Primary/Documents/GitHub/Oops-All-Ruins-/Oops_All_Ruins_U5/Content/Characters/Mannequins/Rigs/Poses/Quinn/Quinn_calf_r_anim.uasset" 996
"C:/Users/ROG Primary/Documents/GitHub/Oops-All-Ruins-/Oops_All_Ruins_U5/Content/Characters/Mannequins/Rigs/Poses/Quinn/Quinn_calf_r_anim.uexp" 997
"C:/Users/ROG Primary/Documents/GitHub/Oops-All-Ruins-/Oops_All_Ruins_U5/Content/Characters/Mannequins/Rigs/Poses/Quinn/Quinn_calf_r_pose.uasset" 998
"C:/Users/ROG Primary/Documents/GitHub/Oops-All-Ruins-/Oops_All_Ruins_U5/Content/Characters/Mannequins/Rigs/Poses/Quinn/Quinn_calf_r_pose.uexp" 999
"C:/Users/ROG Primary/Documents/GitHub/Oops-All-Ruins-/Oops_All_Ruins_U5/Content/Characters/Mannequins/Rigs/Poses/Quinn/Quinn_foot_r_anim.uasset" 1000
"C:/Users/ROG Primary/Documents/GitHub/Oops-All-Ruins-/Oops_All_Ruins_U5/Content/Characters/Mannequins/Rigs/Poses/Quinn/Quinn_foot_r_anim.uexp" 1001
"C:/Users/ROG Primary/Documents/GitHub/Oops-All-Ruins-/Oops_All_Ruins_U5/Content/Characters/Mannequins/Rigs/Poses/Quinn/Quinn_foot_r_pose.uasset" 1002
"C:/Users/ROG Primary/Documents/GitHub/Oops-All-Ruins-/Oops_All_Ruins_U5/Content/Characters/Mannequins/Rigs/Poses/Quinn/Quinn_foot_r_pose.uexp" 1003
"C:/Users/ROG Primary/Documents/GitHub/Oops-All-Ruins-/Oops_All_Ruins_U5/Content/Characters/Mannequins/Rigs/Poses/Quinn/Quinn_lowerarm_r_anim.uasset" 1004
"C:/Users/ROG Primary/Documents/GitHub/Oops-All-Ruins-/Oops_All_Ruins_U5/Content/Characters/Mannequins/Rigs/Poses/Quinn/Quinn_lowerarm_r_anim.uexp" 1005
"C:/Users/ROG Primary/Documents/GitHub/Oops-All-Ruins-/Oops_All_Ruins_U5/Content/Characters/Mannequins/Rigs/Poses/Quinn/Quinn_lowerarm_r_pose.uasset" 1006
"C:/Users/ROG Primary/Documents/GitHub/Oops-All-Ruins-/Oops_All_Ruins_U5/Content/Characters/Mannequins/Rigs/Poses/Quinn/Quinn_lowerarm_r_pose.uexp" 1007
"C:/Users/ROG Primary/Documents/GitHub/Oops-All-Ruins-/Oops_All_Ruins_U5/Content/Characters/Mannequins/Rigs/Poses/Quinn/Quinn_thigh_l_anim.uasset" 1008
"C:/Users/ROG Primary/Documents/GitHub/Oops-All-Ruins-/Oops_All_Ruins_U5/Content/Characters/Mannequins/Rigs/Poses/Quinn/Quinn_thigh_l_anim.uexp" 1009
"C:/Users/ROG Primary/Documents/GitHub/Oops-All-Ruins-/Oops_All_Ruins_U5/Content/Characters/Mannequins/Rigs/Poses/Quinn/Quinn_thigh_l_pose.uasset" 1010
"C:/Users/ROG Primary/Documents/GitHub/Oops-All-Ruins-/Oops_All_Ruins_U5/Content/Characters/Mannequins/Rigs/Poses/Quinn/Quinn_thigh_l_pose.uexp" 1011
"C:/Users/ROG Primary/Documents/GitHub/Oops-All-Ruins-/Oops_All_Ruins_U5/Content/Characters/Mannequins/Rigs/Poses/Quinn/Quinn_thigh_r_anim.uasset" 1012
"C:/Users/ROG Primary/Documents/GitHub/Oops-All-Ruins-/Oops_All_Ruins_U5/Content/Characters/Mannequins/Rigs/Poses/Quinn/Quinn_thigh_r_anim.uexp" 1013
"C:/Users/ROG Primary/Documents/GitHub/Oops-All-Ruins-/Oops_All_Ruins_U5/Content/Characters/Mannequins/Rigs/Poses/Quinn/Quinn_thigh_r_pose.uasset" 1014
"C:/Users/ROG Primary/Documents/GitHub/Oops-All-Ruins-/Oops_All_Ruins_U5/Content/Characters/Mannequins/Rigs/Poses/Quinn/Quinn_thigh_r_pose.uexp" 1015
"C:/Users/ROG Primary/Documents/GitHub/Oops-All-Ruins-/Oops_All_Ruins_U5/Content/Characters/Mannequins/Rigs/Poses/Quinn/Quinn_hand_l_anim.uasset" 1016
"C:/Users/ROG Primary/Documents/GitHub/Oops-All-Ruins-/Oops_All_Ruins_U5/Content/Characters/Mannequins/Rigs/Poses/Quinn/Quinn_hand_l_anim.uexp" 1017
"C:/Users/ROG Primary/Documents/GitHub/Oops-All-Ruins-/Oops_All_Ruins_U5/Content/Characters/Mannequins/Rigs/Poses/Quinn/Quinn_hand_l_pose.uasset" 1018
"C:/Users/ROG Primary/Documents/GitHub/Oops-All-Ruins-/Oops_All_Ruins_U5/Content/Characters/Mannequins/Rigs/Poses/Quinn/Quinn_hand_l_pose.uexp" 1019
"C:/Users/ROG Primary/Documents/GitHub/Oops-All-Ruins-/Oops_All_Ruins_U5/Content/Characters/Mannequins/Rigs/Poses/Quinn/Quinn_hand_r_anim.uasset" 1020
"C:/Users/ROG Primary/Documents/GitHub/Oops-All-Ruins-/Oops_All_Ruins_U5/Content/Characters/Mannequins/Rigs/Poses/Quinn/Quinn_hand_r_anim.uexp" 1021
"C:/Users/ROG Primary/Documents/GitHub/Oops-All-Ruins-/Oops_All_Ruins_U5/Content/Characters/Mannequins/Rigs/Poses/Quinn/Quinn_hand_r_pose.uasset" 1022
"C:/Users/ROG Primary/Documents/GitHub/Oops-All-Ruins-/Oops_All_Ruins_U5/Content/Characters/Mannequins/Rigs/Poses/Quinn/Quinn_hand_r_pose.uexp" 1023
"C:/Users/ROG Primary/Documents/GitHub/Oops-All-Ruins-/Oops_All_Ruins_U5/Content/Characters/Mannequins/Rigs/ABP_Quinn_PostProcess.uasset" 1024
"C:/Users/ROG Primary/Documents/GitHub/Oops-All-Ruins-/Oops_All_Ruins_U5/Content/Characters/Mannequins/Rigs/ABP_Quinn_PostProcess.uexp" 1025
"C:/Users/ROG Primary/Documents/GitHub/Oops-All-Ruins-/Oops_All_Ruins_U5/Content/Characters/Mannequins/Meshes/SKM_Quinn.uasset" 1026
"C:/Users/ROG Primary/Documents/GitHub/Oops-All-Ruins-/Oops_All_Ruins_U5/Content/Characters/Mannequins/Meshes/SKM_Quinn.uexp" 1027
"C:/Users/ROG Primary/Documents/GitHub/Oops-All-Ruins-/Oops_All_Ruins_U5/Content/Characters/Mannequins/Textures/Manny/T_Manny_02_MSR_MSK.ubulk" 1028
"C:/Users/ROG Primary/Documents/GitHub/Oops-All-Ruins-/Oops_All_Ruins_U5/Content/Characters/Mannequins/Textures/Manny/T_Manny_02_MSR_MSK.uasset" 1029
"C:/Users/ROG Primary/Documents/GitHub/Oops-All-Ruins-/Oops_All_Ruins_U5/Content/Characters/Mannequins/Textures/Manny/T_Manny_02_MSR_MSK.uexp" 1030
"C:/Users/ROG Primary/Documents/GitHub/Oops-All-Ruins-/Oops_All_Ruins_U5/Content/Characters/Mannequins/Textures/Manny/T_Manny_02_CCRCCPlastic_MSK.ubulk" 1031
"C:/Users/ROG Primary/Documents/GitHub/Oops-All-Ruins-/Oops_All_Ruins_U5/Content/Characters/Mannequins/Textures/Manny/T_Manny_02_CCRCCPlastic_MSK.uasset" 1032
"C:/Users/ROG Primary/Documents/GitHub/Oops-All-Ruins-/Oops_All_Ruins_U5/Content/Characters/Mannequins/Textures/Manny/T_Manny_02_CCRCCPlastic_MSK.uexp" 1033
"C:/Users/ROG Primary/Documents/GitHub/Oops-All-Ruins-/Oops_All_Ruins_U5/Content/Characters/Mannequins/Textures/Manny/T_Manny_02_Tan.ubulk" 1034
"C:/Users/ROG Primary/Documents/GitHub/Oops-All-Ruins-/Oops_All_Ruins_U5/Content/Characters/Mannequins/Textures/Manny/T_Manny_02_Tan.uasset" 1035
"C:/Users/ROG Primary/Documents/GitHub/Oops-All-Ruins-/Oops_All_Ruins_U5/Content/Characters/Mannequins/Textures/Manny/T_Manny_02_Tan.uexp" 1036
"C:/Users/ROG Primary/Documents/GitHub/Oops-All-Ruins-/Oops_All_Ruins_U5/Content/Characters/Mannequins/Textures/Manny/T_Manny_02_N.ubulk" 1037
"C:/Users/ROG Primary/Documents/GitHub/Oops-All-Ruins-/Oops_All_Ruins_U5/Content/Characters/Mannequins/Textures/Manny/T_Manny_02_N.uasset" 1038
"C:/Users/ROG Primary/Documents/GitHub/Oops-All-Ruins-/Oops_All_Ruins_U5/Content/Characters/Mannequins/Textures/Manny/T_Manny_02_N.uexp" 1039
"C:/Users/ROG Primary/Documents/GitHub/Oops-All-Ruins-/Oops_All_Ruins_U5/Content/Characters/Mannequins/Materials/Instances/Manny/MI_Manny_01.uasset" 1040
"C:/Users/ROG Primary/Documents/GitHub/Oops-All-Ruins-/Oops_All_Ruins_U5/Content/Characters/Mannequins/Materials/Instances/Manny/MI_Manny_01.uexp" 1041
"C:/Users/ROG Primary/Documents/GitHub/Oops-All-Ruins-/Oops_All_Ruins_U5/Content/Characters/Mannequins/Textures/Manny/T_Manny_02_BN.ubulk" 1042
"C:/Users/ROG Primary/Documents/GitHub/Oops-All-Ruins-/Oops_All_Ruins_U5/Content/Characters/Mannequins/Textures/Manny/T_Manny_02_BN.uasset" 1043
"C:/Users/ROG Primary/Documents/GitHub/Oops-All-Ruins-/Oops_All_Ruins_U5/Content/Characters/Mannequins/Textures/Manny/T_Manny_02_BN.uexp" 1044
"C:/Users/ROG Primary/Documents/GitHub/Oops-All-Ruins-/Oops_All_Ruins_U5/Content/Characters/Mannequins/Textures/Manny/T_Manny_02_ASAOPMASK_MSK.ubulk" 1045
"C:/Users/ROG Primary/Documents/GitHub/Oops-All-Ruins-/Oops_All_Ruins_U5/Content/Characters/Mannequins/Textures/Manny/T_Manny_02_ASAOPMASK_MSK.uasset" 1046
"C:/Users/ROG Primary/Documents/GitHub/Oops-All-Ruins-/Oops_All_Ruins_U5/Content/Characters/Mannequins/Textures/Manny/T_Manny_02_ASAOPMASK_MSK.uexp" 1047
"C:/Users/ROG Primary/Documents/GitHub/Oops-All-Ruins-/Oops_All_Ruins_U5/Content/Characters/Mannequins/Textures/Manny/T_Manny_02_D.ubulk" 1048
"C:/Users/ROG Primary/Documents/GitHub/Oops-All-Ruins-/Oops_All_Ruins_U5/Content/Characters/Mannequins/Textures/Manny/T_Manny_02_D.uasset" 1049
"C:/Users/ROG Primary/Documents/GitHub/Oops-All-Ruins-/Oops_All_Ruins_U5/Content/Characters/Mannequins/Textures/Manny/T_Manny_02_D.uexp" 1050
"C:/Users/ROG Primary/Documents/GitHub/Oops-All-Ruins-/Oops_All_Ruins_U5/Content/Characters/Mannequins/Materials/Instances/Manny/MI_Manny_02.uasset" 1051
"C:/Users/ROG Primary/Documents/GitHub/Oops-All-Ruins-/Oops_All_Ruins_U5/Content/Characters/Mannequins/Materials/Instances/Manny/MI_Manny_02.uexp" 1052
"C:/Users/ROG Primary/Documents/GitHub/Oops-All-Ruins-/Oops_All_Ruins_U5/Content/Characters/Mannequins/Meshes/SKM_Manny_Simple.uasset" 1053
"C:/Users/ROG Primary/Documents/GitHub/Oops-All-Ruins-/Oops_All_Ruins_U5/Content/Characters/Mannequins/Meshes/SKM_Manny_Simple.uexp" 1054
"C:/Users/ROG Primary/Documents/GitHub/Oops-All-Ruins-/Oops_All_Ruins_U5/Content/Characters/Mannequins/Meshes/Mannequin_LODSettings.uasset" 1055
"C:/Users/ROG Primary/Documents/GitHub/Oops-All-Ruins-/Oops_All_Ruins_U5/Content/Characters/Mannequins/Meshes/Mannequin_LODSettings.uexp" 1056
"C:/Users/ROG Primary/Documents/GitHub/Oops-All-Ruins-/Oops_All_Ruins_U5/Content/Characters/Mannequins/Rigs/Poses/Manny/Manny_foot_l_anim.uasset" 1057
"C:/Users/ROG Primary/Documents/GitHub/Oops-All-Ruins-/Oops_All_Ruins_U5/Content/Characters/Mannequins/Rigs/Poses/Manny/Manny_foot_l_anim.uexp" 1058
"C:/Users/ROG Primary/Documents/GitHub/Oops-All-Ruins-/Oops_All_Ruins_U5/Content/Characters/Mannequins/Rigs/Poses/Manny/Manny_foot_l_pose.uasset" 1059
"C:/Users/ROG Primary/Documents/GitHub/Oops-All-Ruins-/Oops_All_Ruins_U5/Content/Characters/Mannequins/Rigs/Poses/Manny/Manny_foot_l_pose.uexp" 1060
"C:/Users/ROG Primary/Documents/GitHub/Oops-All-Ruins-/Oops_All_Ruins_U5/Content/Characters/Mannequins/Rigs/Poses/Manny/Manny_thigh_r_anim.uasset" 1061
"C:/Users/ROG Primary/Documents/GitHub/Oops-All-Ruins-/Oops_All_Ruins_U5/Content/Characters/Mannequins/Rigs/Poses/Manny/Manny_thigh_r_anim.uexp" 1062
"C:/Users/ROG Primary/Documents/GitHub/Oops-All-Ruins-/Oops_All_Ruins_U5/Content/Characters/Mannequins/Rigs/Poses/Manny/Manny_thigh_r_pose.uasset" 1063
"C:/Users/ROG Primary/Documents/GitHub/Oops-All-Ruins-/Oops_All_Ruins_U5/Content/Characters/Mannequins/Rigs/Poses/Manny/Manny_thigh_r_pose.uexp" 1064
"C:/Users/ROG Primary/Documents/GitHub/Oops-All-Ruins-/Oops_All_Ruins_U5/Content/Characters/Mannequins/Rigs/Poses/Manny/Manny_hand_r_anim.uasset" 1065
"C:/Users/ROG Primary/Documents/GitHub/Oops-All-Ruins-/Oops_All_Ruins_U5/Content/Characters/Mannequins/Rigs/Poses/Manny/Manny_hand_r_anim.uexp" 1066
"C:/Users/ROG Primary/Documents/GitHub/Oops-All-Ruins-/Oops_All_Ruins_U5/Content/Characters/Mannequins/Rigs/Poses/Manny/Manny_hand_r_pose.uasset" 1067
"C:/Users/ROG Primary/Documents/GitHub/Oops-All-Ruins-/Oops_All_Ruins_U5/Content/Characters/Mannequins/Rigs/Poses/Manny/Manny_hand_r_pose.uexp" 1068
"C:/Users/ROG Primary/Documents/GitHub/Oops-All-Ruins-/Oops_All_Ruins_U5/Content/Characters/Mannequins/Rigs/Poses/Manny/Manny_clavicle_l_anim.uasset" 1069
"C:/Users/ROG Primary/Documents/GitHub/Oops-All-Ruins-/Oops_All_Ruins_U5/Content/Characters/Mannequins/Rigs/Poses/Manny/Manny_clavicle_l_anim.uexp" 1070
"C:/Users/ROG Primary/Documents/GitHub/Oops-All-Ruins-/Oops_All_Ruins_U5/Content/Characters/Mannequins/Rigs/Poses/Manny/Manny_clavicle_l_pose.uasset" 1071
"C:/Users/ROG Primary/Documents/GitHub/Oops-All-Ruins-/Oops_All_Ruins_U5/Content/Characters/Mannequins/Rigs/Poses/Manny/Manny_clavicle_l_pose.uexp" 1072
"C:/Users/ROG Primary/Documents/GitHub/Oops-All-Ruins-/Oops_All_Ruins_U5/Content/Characters/Mannequins/Rigs/Poses/Manny/Manny_calf_l_anim.uasset" 1073
"C:/Users/ROG Primary/Documents/GitHub/Oops-All-Ruins-/Oops_All_Ruins_U5/Content/Characters/Mannequins/Rigs/Poses/Manny/Manny_calf_l_anim.uexp" 1074
"C:/Users/ROG Primary/Documents/GitHub/Oops-All-Ruins-/Oops_All_Ruins_U5/Content/Characters/Mannequins/Rigs/Poses/Manny/Manny_calf_l_pose.uasset" 1075
"C:/Users/ROG Primary/Documents/GitHub/Oops-All-Ruins-/Oops_All_Ruins_U5/Content/Characters/Mannequins/Rigs/Poses/Manny/Manny_calf_l_pose.uexp" 1076
"C:/Users/ROG Primary/Documents/GitHub/Oops-All-Ruins-/Oops_All_Ruins_U5/Content/Characters/Mannequins/Rigs/Poses/Manny/Manny_hand_l_anim.uasset" 1077
"C:/Users/ROG Primary/Documents/GitHub/Oops-All-Ruins-/Oops_All_Ruins_U5/Content/Characters/Mannequins/Rigs/Poses/Manny/Manny_hand_l_anim.uexp" 1078
"C:/Users/ROG Primary/Documents/GitHub/Oops-All-Ruins-/Oops_All_Ruins_U5/Content/Characters/Mannequins/Rigs/Poses/Manny/Manny_hand_l_pose.uasset" 1079
"C:/Users/ROG Primary/Documents/GitHub/Oops-All-Ruins-/Oops_All_Ruins_U5/Content/Characters/Mannequins/Rigs/Poses/Manny/Manny_hand_l_pose.uexp" 1080
"C:/Users/ROG Primary/Documents/GitHub/Oops-All-Ruins-/Oops_All_Ruins_U5/Content/Characters/Mannequins/Rigs/Poses/Manny/Manny_upperarm_r_anim.uasset" 1081
"C:/Users/ROG Primary/Documents/GitHub/Oops-All-Ruins-/Oops_All_Ruins_U5/Content/Characters/Mannequins/Rigs/Poses/Manny/Manny_upperarm_r_anim.uexp" 1082
"C:/Users/ROG Primary/Documents/GitHub/Oops-All-Ruins-/Oops_All_Ruins_U5/Content/Characters/Mannequins/Rigs/Poses/Manny/Manny_upperarm_r_pose.uasset" 1083
"C:/Users/ROG Primary/Documents/GitHub/Oops-All-Ruins-/Oops_All_Ruins_U5/Content/Characters/Mannequins/Rigs/Poses/Manny/Manny_upperarm_r_pose.uexp" 1084
"C:/Users/ROG Primary/Documents/GitHub/Oops-All-Ruins-/Oops_All_Ruins_U5/Content/Characters/Mannequins/Rigs/Poses/Manny/Manny_lowerarm_r_anim.uasset" 1085
"C:/Users/ROG Primary/Documents/GitHub/Oops-All-Ruins-/Oops_All_Ruins_U5/Content/Characters/Mannequins/Rigs/Poses/Manny/Manny_lowerarm_r_anim.uexp" 1086
"C:/Users/ROG Primary/Documents/GitHub/Oops-All-Ruins-/Oops_All_Ruins_U5/Content/Characters/Mannequins/Rigs/Poses/Manny/Manny_lowerarm_r_pose.uasset" 1087
"C:/Users/ROG Primary/Documents/GitHub/Oops-All-Ruins-/Oops_All_Ruins_U5/Content/Characters/Mannequins/Rigs/Poses/Manny/Manny_lowerarm_r_pose.uexp" 1088
"C:/Users/ROG Primary/Documents/GitHub/Oops-All-Ruins-/Oops_All_Ruins_U5/Content/Characters/Mannequins/Rigs/Poses/Manny/Manny_calf_r_anim.uasset" 1089
"C:/Users/ROG Primary/Documents/GitHub/Oops-All-Ruins-/Oops_All_Ruins_U5/Content/Characters/Mannequins/Rigs/Poses/Manny/Manny_calf_r_anim.uexp" 1090
"C:/Users/ROG Primary/Documents/GitHub/Oops-All-Ruins-/Oops_All_Ruins_U5/Content/Characters/Mannequins/Rigs/Poses/Manny/Manny_calf_r_pose.uasset" 1091
"C:/Users/ROG Primary/Documents/GitHub/Oops-All-Ruins-/Oops_All_Ruins_U5/Content/Characters/Mannequins/Rigs/Poses/Manny/Manny_calf_r_pose.uexp" 1092
"C:/Users/ROG Primary/Documents/GitHub/Oops-All-Ruins-/Oops_All_Ruins_U5/Content/Characters/Mannequins/Rigs/Poses/Manny/Manny_foot_r_anim.uasset" 1093
"C:/Users/ROG Primary/Documents/GitHub/Oops-All-Ruins-/Oops_All_Ruins_U5/Content/Characters/Mannequins/Rigs/Poses/Manny/Manny_foot_r_anim.uexp" 1094
"C:/Users/ROG Primary/Documents/GitHub/Oops-All-Ruins-/Oops_All_Ruins_U5/Content/Characters/Mannequins/Rigs/Poses/Manny/Manny_foot_r_pose.uasset" 1095
"C:/Users/ROG Primary/Documents/GitHub/Oops-All-Ruins-/Oops_All_Ruins_U5/Content/Characters/Mannequins/Rigs/Poses/Manny/Manny_foot_r_pose.uexp" 1096
"C:/Users/ROG Primary/Documents/GitHub/Oops-All-Ruins-/Oops_All_Ruins_U5/Content/Characters/Mannequins/Rigs/Poses/Manny/Manny_lowerarm_l_anim.uasset" 1097
"C:/Users/ROG Primary/Documents/GitHub/Oops-All-Ruins-/Oops_All_Ruins_U5/Content/Characters/Mannequins/Rigs/Poses/Manny/Manny_lowerarm_l_anim.uexp" 1098
"C:/Users/ROG Primary/Documents/GitHub/Oops-All-Ruins-/Oops_All_Ruins_U5/Content/Characters/Mannequins/Rigs/Poses/Manny/Manny_lowerarm_l_pose.uasset" 1099
"C:/Users/ROG Primary/Documents/GitHub/Oops-All-Ruins-/Oops_All_Ruins_U5/Content/Characters/Mannequins/Rigs/Poses/Manny/Manny_lowerarm_l_pose.uexp" 1100
"C:/Users/ROG Primary/Documents/GitHub/Oops-All-Ruins-/Oops_All_Ruins_U5/Content/Characters/Mannequins/Rigs/Poses/Manny/Manny_clavicle_r_anim.uasset" 1101
"C:/Users/ROG Primary/Documents/GitHub/Oops-All-Ruins-/Oops_All_Ruins_U5/Content/Characters/Mannequins/Rigs/Poses/Manny/Manny_clavicle_r_anim.uexp" 1102
"C:/Users/ROG Primary/Documents/GitHub/Oops-All-Ruins-/Oops_All_Ruins_U5/Content/Characters/Mannequins/Rigs/Poses/Manny/Manny_clavicle_r_pose.uasset" 1103
"C:/Users/ROG Primary/Documents/GitHub/Oops-All-Ruins-/Oops_All_Ruins_U5/Content/Characters/Mannequins/Rigs/Poses/Manny/Manny_clavicle_r_pose.uexp" 1104
"C:/Users/ROG Primary/Documents/GitHub/Oops-All-Ruins-/Oops_All_Ruins_U5/Content/Characters/Mannequins/Rigs/Poses/Manny/Manny_thigh_l_anim.uasset" 1105
"C:/Users/ROG Primary/Documents/GitHub/Oops-All-Ruins-/Oops_All_Ruins_U5/Content/Characters/Mannequins/Rigs/Poses/Manny/Manny_thigh_l_anim.uexp" 1106
"C:/Users/ROG Primary/Documents/GitHub/Oops-All-Ruins-/Oops_All_Ruins_U5/Content/Characters/Mannequins/Rigs/Poses/Manny/Manny_thigh_l_pose.uasset" 1107
"C:/Users/ROG Primary/Documents/GitHub/Oops-All-Ruins-/Oops_All_Ruins_U5/Content/Characters/Mannequins/Rigs/Poses/Manny/Manny_thigh_l_pose.uexp" 1108
"C:/Users/ROG Primary/Documents/GitHub/Oops-All-Ruins-/Oops_All_Ruins_U5/Content/Characters/Mannequins/Rigs/Poses/Manny/Manny_upperarm_l_anim.uasset" 1109
"C:/Users/ROG Primary/Documents/GitHub/Oops-All-Ruins-/Oops_All_Ruins_U5/Content/Characters/Mannequins/Rigs/Poses/Manny/Manny_upperarm_l_anim.uexp" 1110
"C:/Users/ROG Primary/Documents/GitHub/Oops-All-Ruins-/Oops_All_Ruins_U5/Content/Characters/Mannequins/Rigs/Poses/Manny/Manny_upperarm_l_pose.uasset" 1111
"C:/Users/ROG Primary/Documents/GitHub/Oops-All-Ruins-/Oops_All_Ruins_U5/Content/Characters/Mannequins/Rigs/Poses/Manny/Manny_upperarm_l_pose.uexp" 1112
"C:/Users/ROG Primary/Documents/GitHub/Oops-All-Ruins-/Oops_All_Ruins_U5/Content/Characters/Mannequins/Rigs/ABP_Manny_PostProcess.uasset" 1113
"C:/Users/ROG Primary/Documents/GitHub/Oops-All-Ruins-/Oops_All_Ruins_U5/Content/Characters/Mannequins/Rigs/ABP_Manny_PostProcess.uexp" 1114
"C:/Users/ROG Primary/Documents/GitHub/Oops-All-Ruins-/Oops_All_Ruins_U5/Content/Characters/Mannequins/Meshes/SKM_Manny.uasset" 1115
"C:/Users/ROG Primary/Documents/GitHub/Oops-All-Ruins-/Oops_All_Ruins_U5/Content/Characters/Mannequins/Meshes/SKM_Manny.uexp" 1116
"C:/Users/ROG Primary/Documents/GitHub/Oops-All-Ruins-/Oops_All_Ruins_U5/Content/Characters/Mannequins/Rigs/IK_Mannequin.uasset" 1117
"C:/Users/ROG Primary/Documents/GitHub/Oops-All-Ruins-/Oops_All_Ruins_U5/Content/Characters/Mannequins/Rigs/IK_Mannequin.uexp" 1118
"C:/Users/ROG Primary/Documents/GitHub/Oops-All-Ruins-/Oops_All_Ruins_U5/Content/Characters/Mannequins/Rigs/RTG_Mannequin.uasset" 1119
"C:/Users/ROG Primary/Documents/GitHub/Oops-All-Ruins-/Oops_All_Ruins_U5/Content/Characters/Mannequins/Rigs/RTG_Mannequin.uexp" 1120
"C:/Users/ROG Primary/Documents/GitHub/Oops-All-Ruins-/Oops_All_Ruins_U5/Content/Characters/Mannequin_UE4/Meshes/SK_Mannequin.uasset" 1121
"C:/Users/ROG Primary/Documents/GitHub/Oops-All-Ruins-/Oops_All_Ruins_U5/Content/Characters/Mannequin_UE4/Meshes/SK_Mannequin.uexp" 1122
"C:/Users/ROG Primary/Documents/GitHub/Oops-All-Ruins-/Oops_All_Ruins_U5/Content/Character_Animations/Character_AnimBP_OLD.uasset" 1123
"C:/Users/ROG Primary/Documents/GitHub/Oops-All-Ruins-/Oops_All_Ruins_U5/Content/Character_Animations/Character_AnimBP_OLD.uexp" 1124
"C:/Users/ROG Primary/Documents/GitHub/Oops-All-Ruins-/Oops_All_Ruins_U5/Content/Cinematics/Level_1/Level1_opening_flythrough_03.uasset" 1125
"C:/Users/ROG Primary/Documents/GitHub/Oops-All-Ruins-/Oops_All_Ruins_U5/Content/Cinematics/Level_1/Level1_opening_flythrough_03.uexp" 1126
"C:/Users/ROG Primary/Documents/GitHub/Oops-All-Ruins-/Oops_All_Ruins_U5/Content/Cinematics/Level_1/Level1_opening_flythrough_02.uasset" 1127
"C:/Users/ROG Primary/Documents/GitHub/Oops-All-Ruins-/Oops_All_Ruins_U5/Content/Cinematics/Level_1/Level1_opening_flythrough_02.uexp" 1128
"C:/Users/ROG Primary/Documents/GitHub/Oops-All-Ruins-/Oops_All_Ruins_U5/Content/Cinematics/Level_1/MasterLevel1_flythrough.uasset" 1129
"C:/Users/ROG Primary/Documents/GitHub/Oops-All-Ruins-/Oops_All_Ruins_U5/Content/Cinematics/Level_1/MasterLevel1_flythrough.uexp" 1130
"C:/Users/ROG Primary/Documents/GitHub/Oops-All-Ruins-/Oops_All_Ruins_U5/Content/Images/temple_background.uasset" 1131
"C:/Users/ROG Primary/Documents/GitHub/Oops-All-Ruins-/Oops_All_Ruins_U5/Content/Images/temple_background.uexp" 1132
"C:/Users/ROG Primary/Documents/GitHub/Oops-All-Ruins-/Oops_All_Ruins_U5/Content/Images/pause_menu.uasset" 1133
"C:/Users/ROG Primary/Documents/GitHub/Oops-All-Ruins-/Oops_All_Ruins_U5/Content/Images/pause_menu.uexp" 1134
"C:/Users/ROG Primary/Documents/GitHub/Oops-All-Ruins-/Oops_All_Ruins_U5/Content/Images/level_look.uasset" 1135
"C:/Users/ROG Primary/Documents/GitHub/Oops-All-Ruins-/Oops_All_Ruins_U5/Content/Images/level_look.uexp" 1136
"C:/Users/ROG Primary/Documents/GitHub/Oops-All-Ruins-/Oops_All_Ruins_U5/Content/Images/level_2.uasset" 1137
"C:/Users/ROG Primary/Documents/GitHub/Oops-All-Ruins-/Oops_All_Ruins_U5/Content/Images/level_2.uexp" 1138
"C:/Users/ROG Primary/Documents/GitHub/Oops-All-Ruins-/Oops_All_Ruins_U5/Content/Images/level_1.uasset" 1139
"C:/Users/ROG Primary/Documents/GitHub/Oops-All-Ruins-/Oops_All_Ruins_U5/Content/Images/level_1.uexp" 1140
"C:/Users/ROG Primary/Documents/GitHub/Oops-All-Ruins-/Oops_All_Ruins_U5/Content/LevelPrototyping/Textures/T_GridChecker_A.ubulk" 1141
"C:/Users/ROG Primary/Documents/GitHub/Oops-All-Ruins-/Oops_All_Ruins_U5/Content/LevelPrototyping/Textures/T_GridChecker_A.uasset" 1142
"C:/Users/ROG Primary/Documents/GitHub/Oops-All-Ruins-/Oops_All_Ruins_U5/Content/LevelPrototyping/Textures/T_GridChecker_A.uexp" 1143
"../../../Engine/Content/Functions/Engine_MaterialFunctions01/Gradient/LinearGradient.uasset" 1144
"../../../Engine/Content/Functions/Engine_MaterialFunctions01/Gradient/LinearGradient.uexp" 1145
"../../../Engine/Content/Functions/Engine_MaterialFunctions01/ImageAdjustment/CheapContrast.uasset" 1146
"../../../Engine/Content/Functions/Engine_MaterialFunctions01/ImageAdjustment/CheapContrast.uexp" 1147
"C:/Users/ROG Primary/Documents/GitHub/Oops-All-Ruins-/Oops_All_Ruins_U5/Content/LevelPrototyping/Materials/MF_ProcGrid.uasset" 1148
"C:/Users/ROG Primary/Documents/GitHub/Oops-All-Ruins-/Oops_All_Ruins_U5/Content/LevelPrototyping/Materials/MF_ProcGrid.uexp" 1149
"C:/Users/ROG Primary/Documents/GitHub/Oops-All-Ruins-/Oops_All_Ruins_U5/Content/LevelPrototyping/Materials/M_PrototypeGrid.uasset" 1150
"C:/Users/ROG Primary/Documents/GitHub/Oops-All-Ruins-/Oops_All_Ruins_U5/Content/LevelPrototyping/Materials/M_PrototypeGrid.uexp" 1151
"C:/Users/ROG Primary/Documents/GitHub/Oops-All-Ruins-/Oops_All_Ruins_U5/Content/LevelPrototyping/Materials/MI_PrototypeGrid_TopDark.uasset" 1152
"C:/Users/ROG Primary/Documents/GitHub/Oops-All-Ruins-/Oops_All_Ruins_U5/Content/LevelPrototyping/Materials/MI_PrototypeGrid_TopDark.uexp" 1153
"C:/Users/ROG Primary/Documents/GitHub/Oops-All-Ruins-/Oops_All_Ruins_U5/Content/LevelPrototyping/Materials/MI_PrototypeGrid_Gray_02.uasset" 1154
"C:/Users/ROG Primary/Documents/GitHub/Oops-All-Ruins-/Oops_All_Ruins_U5/Content/LevelPrototyping/Materials/MI_PrototypeGrid_Gray_02.uexp" 1155
"C:/Users/ROG Primary/Documents/GitHub/Oops-All-Ruins-/Oops_All_Ruins_U5/Content/LevelPrototyping/Materials/MI_PrototypeGrid_Gray.uasset" 1156
"C:/Users/ROG Primary/Documents/GitHub/Oops-All-Ruins-/Oops_All_Ruins_U5/Content/LevelPrototyping/Materials/MI_PrototypeGrid_Gray.uexp" 1157
"C:/Users/ROG Primary/Documents/GitHub/Oops-All-Ruins-/Oops_All_Ruins_U5/Content/LevelPrototyping/Meshes/SM_Ramp.ubulk" 1158
"C:/Users/ROG Primary/Documents/GitHub/Oops-All-Ruins-/Oops_All_Ruins_U5/Content/LevelPrototyping/Meshes/SM_Ramp.uasset" 1159
"C:/Users/ROG Primary/Documents/GitHub/Oops-All-Ruins-/Oops_All_Ruins_U5/Content/LevelPrototyping/Meshes/SM_Ramp.uexp" 1160
"C:/Users/ROG Primary/Documents/GitHub/Oops-All-Ruins-/Oops_All_Ruins_U5/Content/LevelPrototyping/Meshes/SM_QuarterCylinder.ubulk" 1161
"C:/Users/ROG Primary/Documents/GitHub/Oops-All-Ruins-/Oops_All_Ruins_U5/Content/LevelPrototyping/Meshes/SM_QuarterCylinder.uasset" 1162
"C:/Users/ROG Primary/Documents/GitHub/Oops-All-Ruins-/Oops_All_Ruins_U5/Content/LevelPrototyping/Meshes/SM_QuarterCylinder.uexp" 1163
"C:/Users/ROG Primary/Documents/GitHub/Oops-All-Ruins-/Oops_All_Ruins_U5/Content/LevelPrototyping/Meshes/SM_Cylinder.ubulk" 1164
"C:/Users/ROG Primary/Documents/GitHub/Oops-All-Ruins-/Oops_All_Ruins_U5/Content/LevelPrototyping/Meshes/SM_Cylinder.uasset" 1165
"C:/Users/ROG Primary/Documents/GitHub/Oops-All-Ruins-/Oops_All_Ruins_U5/Content/LevelPrototyping/Meshes/SM_Cylinder.uexp" 1166
"C:/Users/ROG Primary/Documents/GitHub/Oops-All-Ruins-/Oops_All_Ruins_U5/Content/LevelPrototyping/Meshes/SM_Cube.ubulk" 1167
"C:/Users/ROG Primary/Documents/GitHub/Oops-All-Ruins-/Oops_All_Ruins_U5/Content/LevelPrototyping/Meshes/SM_Cube.uasset" 1168
"C:/Users/ROG Primary/Documents/GitHub/Oops-All-Ruins-/Oops_All_Ruins_U5/Content/LevelPrototyping/Meshes/SM_Cube.uexp" 1169
"C:/Users/ROG Primary/Documents/GitHub/Oops-All-Ruins-/Oops_All_Ruins_U5/Content/LevelPrototyping/Materials/M_Solid.uasset" 1170
"C:/Users/ROG Primary/Documents/GitHub/Oops-All-Ruins-/Oops_All_Ruins_U5/Content/LevelPrototyping/Materials/M_Solid.uexp" 1171
"C:/Users/ROG Primary/Documents/GitHub/Oops-All-Ruins-/Oops_All_Ruins_U5/Content/LevelPrototyping/Materials/MI_Solid_Blue.uasset" 1172
"C:/Users/ROG Primary/Documents/GitHub/Oops-All-Ruins-/Oops_All_Ruins_U5/Content/LevelPrototyping/Materials/MI_Solid_Blue.uexp" 1173
"C:/Users/ROG Primary/Documents/GitHub/Oops-All-Ruins-/Oops_All_Ruins_U5/Content/LevelPrototyping/Meshes/SM_ChamferCube.ubulk" 1174
"C:/Users/ROG Primary/Documents/GitHub/Oops-All-Ruins-/Oops_All_Ruins_U5/Content/LevelPrototyping/Meshes/SM_ChamferCube.uasset" 1175
"C:/Users/ROG Primary/Documents/GitHub/Oops-All-Ruins-/Oops_All_Ruins_U5/Content/LevelPrototyping/Meshes/SM_ChamferCube.uexp" 1176
"C:/Users/ROG Primary/Documents/GitHub/Oops-All-Ruins-/Oops_All_Ruins_U5/Content/Mannequin/Character/Mesh/UE4_Mannequin_Skeleton.uasset" 1177
"C:/Users/ROG Primary/Documents/GitHub/Oops-All-Ruins-/Oops_All_Ruins_U5/Content/Mannequin/Character/Mesh/UE4_Mannequin_Skeleton.uexp" 1178
"C:/Users/ROG Primary/Documents/GitHub/Oops-All-Ruins-/Oops_All_Ruins_U5/Content/Mannequin/Animations/ThirdPersonWalk.uasset" 1179
"C:/Users/ROG Primary/Documents/GitHub/Oops-All-Ruins-/Oops_All_Ruins_U5/Content/Mannequin/Animations/ThirdPersonWalk.uexp" 1180
"C:/Users/ROG Primary/Documents/GitHub/Oops-All-Ruins-/Oops_All_Ruins_U5/Content/Mannequin/Animations/ThirdPersonRun.uasset" 1181
"C:/Users/ROG Primary/Documents/GitHub/Oops-All-Ruins-/Oops_All_Ruins_U5/Content/Mannequin/Animations/ThirdPersonRun.uexp" 1182
"C:/Users/ROG Primary/Documents/GitHub/Oops-All-Ruins-/Oops_All_Ruins_U5/Content/Mannequin/Animations/ThirdPersonIdle.uasset" 1183
"C:/Users/ROG Primary/Documents/GitHub/Oops-All-Ruins-/Oops_All_Ruins_U5/Content/Mannequin/Animations/ThirdPersonIdle.uexp" 1184
"C:/Users/ROG Primary/Documents/GitHub/Oops-All-Ruins-/Oops_All_Ruins_U5/Content/Mannequin/Animations/ThirdPerson_IdleRun_2D.uasset" 1185
"C:/Users/ROG Primary/Documents/GitHub/Oops-All-Ruins-/Oops_All_Ruins_U5/Content/Mannequin/Animations/ThirdPerson_IdleRun_2D.uexp" 1186
"C:/Users/ROG Primary/Documents/GitHub/Oops-All-Ruins-/Oops_All_Ruins_U5/Content/Mannequin/Animations/ThirdPerson_Jump.uasset" 1187
"C:/Users/ROG Primary/Documents/GitHub/Oops-All-Ruins-/Oops_All_Ruins_U5/Content/Mannequin/Animations/ThirdPerson_Jump.uexp" 1188
"C:/Users/ROG Primary/Documents/GitHub/Oops-All-Ruins-/Oops_All_Ruins_U5/Content/Mannequin/Animations/ThirdPersonJump_Start.uasset" 1189
"C:/Users/ROG Primary/Documents/GitHub/Oops-All-Ruins-/Oops_All_Ruins_U5/Content/Mannequin/Animations/ThirdPersonJump_Start.uexp" 1190
"C:/Users/ROG Primary/Documents/GitHub/Oops-All-Ruins-/Oops_All_Ruins_U5/Content/Mannequin/Animations/ThirdPersonJump_Loop.uasset" 1191
"C:/Users/ROG Primary/Documents/GitHub/Oops-All-Ruins-/Oops_All_Ruins_U5/Content/Mannequin/Animations/ThirdPersonJump_Loop.uexp" 1192
"C:/Users/ROG Primary/Documents/GitHub/Oops-All-Ruins-/Oops_All_Ruins_U5/Content/Mannequin/Animations/ThirdPerson_AnimBP.uasset" 1193
"C:/Users/ROG Primary/Documents/GitHub/Oops-All-Ruins-/Oops_All_Ruins_U5/Content/Mannequin/Animations/ThirdPerson_AnimBP.uexp" 1194
"C:/Users/ROG Primary/Documents/GitHub/Oops-All-Ruins-/Oops_All_Ruins_U5/Content/Mannequin/Animations/ThirdPersonJump_End.uasset" 1195
"C:/Users/ROG Primary/Documents/GitHub/Oops-All-Ruins-/Oops_All_Ruins_U5/Content/Mannequin/Animations/ThirdPersonJump_End.uexp" 1196
"C:/Users/ROG Primary/Documents/GitHub/Oops-All-Ruins-/Oops_All_Ruins_U5/Content/Mannequin/Character/Textures/T_Male_Mask.ubulk" 1197
"C:/Users/ROG Primary/Documents/GitHub/Oops-All-Ruins-/Oops_All_Ruins_U5/Content/Mannequin/Character/Textures/T_Male_Mask.uasset" 1198
"C:/Users/ROG Primary/Documents/GitHub/Oops-All-Ruins-/Oops_All_Ruins_U5/Content/Mannequin/Character/Textures/T_Male_Mask.uexp" 1199
"../../../Engine/Content/Functions/Engine_MaterialFunctions02/Utility/BlendAngleCorrectedNormals.uasset" 1200
"../../../Engine/Content/Functions/Engine_MaterialFunctions02/Utility/BlendAngleCorrectedNormals.uexp" 1201
"C:/Users/ROG Primary/Documents/GitHub/Oops-All-Ruins-/Oops_All_Ruins_U5/Content/Mannequin/Character/Materials/MaterialLayers/T_ML_Aluminum01_N.ubulk" 1202
"C:/Users/ROG Primary/Documents/GitHub/Oops-All-Ruins-/Oops_All_Ruins_U5/Content/Mannequin/Character/Materials/MaterialLayers/T_ML_Aluminum01_N.uasset" 1203
"C:/Users/ROG Primary/Documents/GitHub/Oops-All-Ruins-/Oops_All_Ruins_U5/Content/Mannequin/Character/Materials/MaterialLayers/T_ML_Aluminum01_N.uexp" 1204
"../../../Engine/Content/Functions/MaterialLayerFunctions/MatLayerBlend_NormalBlend.uasset" 1205
"../../../Engine/Content/Functions/MaterialLayerFunctions/MatLayerBlend_NormalBlend.uexp" 1206
"C:/Users/ROG Primary/Documents/GitHub/Oops-All-Ruins-/Oops_All_Ruins_U5/Content/Mannequin/Character/Materials/MaterialLayers/ML_Plastic_Shiny_Beige.uasset" 1207
"C:/Users/ROG Primary/Documents/GitHub/Oops-All-Ruins-/Oops_All_Ruins_U5/Content/Mannequin/Character/Materials/MaterialLayers/ML_Plastic_Shiny_Beige.uexp" 1208
"C:/Users/ROG Primary/Documents/GitHub/Oops-All-Ruins-/Oops_All_Ruins_U5/Content/Mannequin/Character/Materials/MaterialLayers/T_ML_Aluminum01.ubulk" 1209
"C:/Users/ROG Primary/Documents/GitHub/Oops-All-Ruins-/Oops_All_Ruins_U5/Content/Mannequin/Character/Materials/MaterialLayers/T_ML_Aluminum01.uasset" 1210
"C:/Users/ROG Primary/Documents/GitHub/Oops-All-Ruins-/Oops_All_Ruins_U5/Content/Mannequin/Character/Materials/MaterialLayers/T_ML_Aluminum01.uexp" 1211
"C:/Users/ROG Primary/Documents/GitHub/Oops-All-Ruins-/Oops_All_Ruins_U5/Content/Mannequin/Character/Textures/T_UE4Logo_Mask.ubulk" 1212
"C:/Users/ROG Primary/Documents/GitHub/Oops-All-Ruins-/Oops_All_Ruins_U5/Content/Mannequin/Character/Textures/T_UE4Logo_Mask.uasset" 1213
"C:/Users/ROG Primary/Documents/GitHub/Oops-All-Ruins-/Oops_All_Ruins_U5/Content/Mannequin/Character/Textures/T_UE4Logo_Mask.uexp" 1214
"C:/Users/ROG Primary/Documents/GitHub/Oops-All-Ruins-/Oops_All_Ruins_U5/Content/Mannequin/Character/Materials/MaterialLayers/ML_Plastic_Shiny_Beige_LOGO.uasset" 1215
"C:/Users/ROG Primary/Documents/GitHub/Oops-All-Ruins-/Oops_All_Ruins_U5/Content/Mannequin/Character/Materials/MaterialLayers/ML_Plastic_Shiny_Beige_LOGO.uexp" 1216
"../../../Engine/Content/Functions/MaterialLayerFunctions/MatLayerBlend_Simple.uasset" 1217
"../../../Engine/Content/Functions/MaterialLayerFunctions/MatLayerBlend_Simple.uexp" 1218
"C:/Users/ROG Primary/Documents/GitHub/Oops-All-Ruins-/Oops_All_Ruins_U5/Content/Mannequin/Character/Materials/MaterialLayers/T_ML_Rubber_Blue_01_N.ubulk" 1219
"C:/Users/ROG Primary/Documents/GitHub/Oops-All-Ruins-/Oops_All_Ruins_U5/Content/Mannequin/Character/Materials/MaterialLayers/T_ML_Rubber_Blue_01_N.uasset" 1220
"C:/Users/ROG Primary/Documents/GitHub/Oops-All-Ruins-/Oops_All_Ruins_U5/Content/Mannequin/Character/Materials/MaterialLayers/T_ML_Rubber_Blue_01_N.uexp" 1221
"C:/Users/ROG Primary/Documents/GitHub/Oops-All-Ruins-/Oops_All_Ruins_U5/Content/Mannequin/Character/Materials/MaterialLayers/ML_SoftMetal_UE4.uasset" 1222
"C:/Users/ROG Primary/Documents/GitHub/Oops-All-Ruins-/Oops_All_Ruins_U5/Content/Mannequin/Character/Materials/MaterialLayers/ML_SoftMetal_UE4.uexp" 1223
"C:/Users/ROG Primary/Documents/GitHub/Oops-All-Ruins-/Oops_All_Ruins_U5/Content/Mannequin/Character/Materials/MaterialLayers/T_ML_Rubber_Blue_01_D.ubulk" 1224
"C:/Users/ROG Primary/Documents/GitHub/Oops-All-Ruins-/Oops_All_Ruins_U5/Content/Mannequin/Character/Materials/MaterialLayers/T_ML_Rubber_Blue_01_D.uasset" 1225
"C:/Users/ROG Primary/Documents/GitHub/Oops-All-Ruins-/Oops_All_Ruins_U5/Content/Mannequin/Character/Materials/MaterialLayers/T_ML_Rubber_Blue_01_D.uexp" 1226
"C:/Users/ROG Primary/Documents/GitHub/Oops-All-Ruins-/Oops_All_Ruins_U5/Content/Mannequin/Character/Materials/MaterialLayers/ML_GlossyBlack_Latex_UE4.uasset" 1227
"C:/Users/ROG Primary/Documents/GitHub/Oops-All-Ruins-/Oops_All_Ruins_U5/Content/Mannequin/Character/Materials/MaterialLayers/ML_GlossyBlack_Latex_UE4.uexp" 1228
"C:/Users/ROG Primary/Documents/GitHub/Oops-All-Ruins-/Oops_All_Ruins_U5/Content/Mannequin/Character/Textures/T_Male_N.ubulk" 1229
"C:/Users/ROG Primary/Documents/GitHub/Oops-All-Ruins-/Oops_All_Ruins_U5/Content/Mannequin/Character/Textures/T_Male_N.uasset" 1230
"C:/Users/ROG Primary/Documents/GitHub/Oops-All-Ruins-/Oops_All_Ruins_U5/Content/Mannequin/Character/Textures/T_Male_N.uexp" 1231
"C:/Users/ROG Primary/Documents/GitHub/Oops-All-Ruins-/Oops_All_Ruins_U5/Content/Mannequin/Character/Materials/M_Male_Body.uasset" 1232
"C:/Users/ROG Primary/Documents/GitHub/Oops-All-Ruins-/Oops_All_Ruins_U5/Content/Mannequin/Character/Materials/M_Male_Body.uexp" 1233
"C:/Users/ROG Primary/Documents/GitHub/Oops-All-Ruins-/Oops_All_Ruins_U5/Content/Mannequin/Character/Textures/T_UE4Logo_N.ubulk" 1234
"C:/Users/ROG Primary/Documents/GitHub/Oops-All-Ruins-/Oops_All_Ruins_U5/Content/Mannequin/Character/Textures/T_UE4Logo_N.uasset" 1235
"C:/Users/ROG Primary/Documents/GitHub/Oops-All-Ruins-/Oops_All_Ruins_U5/Content/Mannequin/Character/Textures/T_UE4Logo_N.uexp" 1236
"C:/Users/ROG Primary/Documents/GitHub/Oops-All-Ruins-/Oops_All_Ruins_U5/Content/Mannequin/Character/Materials/M_UE4Man_ChestLogo.uasset" 1237
"C:/Users/ROG Primary/Documents/GitHub/Oops-All-Ruins-/Oops_All_Ruins_U5/Content/Mannequin/Character/Materials/M_UE4Man_ChestLogo.uexp" 1238
"C:/Users/ROG Primary/Documents/GitHub/Oops-All-Ruins-/Oops_All_Ruins_U5/Content/Mannequin/Character/Mesh/SK_Mannequin_Female_PhysicsAsset.uasset" 1239
"C:/Users/ROG Primary/Documents/GitHub/Oops-All-Ruins-/Oops_All_Ruins_U5/Content/Mannequin/Character/Mesh/SK_Mannequin_Female_PhysicsAsset.uexp" 1240
"C:/Users/ROG Primary/Documents/GitHub/Oops-All-Ruins-/Oops_All_Ruins_U5/Content/Mannequin/Character/Textures/T_Female_N.ubulk" 1241
"C:/Users/ROG Primary/Documents/GitHub/Oops-All-Ruins-/Oops_All_Ruins_U5/Content/Mannequin/Character/Textures/T_Female_N.uasset" 1242
"C:/Users/ROG Primary/Documents/GitHub/Oops-All-Ruins-/Oops_All_Ruins_U5/Content/Mannequin/Character/Textures/T_Female_N.uexp" 1243
"C:/Users/ROG Primary/Documents/GitHub/Oops-All-Ruins-/Oops_All_Ruins_U5/Content/Mannequin/Character/Textures/T_Female_Mask.ubulk" 1244
"C:/Users/ROG Primary/Documents/GitHub/Oops-All-Ruins-/Oops_All_Ruins_U5/Content/Mannequin/Character/Textures/T_Female_Mask.uasset" 1245
"C:/Users/ROG Primary/Documents/GitHub/Oops-All-Ruins-/Oops_All_Ruins_U5/Content/Mannequin/Character/Textures/T_Female_Mask.uexp" 1246
"C:/Users/ROG Primary/Documents/GitHub/Oops-All-Ruins-/Oops_All_Ruins_U5/Content/Mannequin/Character/Materials/MI_Female_Body.uasset" 1247
"C:/Users/ROG Primary/Documents/GitHub/Oops-All-Ruins-/Oops_All_Ruins_U5/Content/Mannequin/Character/Materials/MI_Female_Body.uexp" 1248
"C:/Users/ROG Primary/Documents/GitHub/Oops-All-Ruins-/Oops_All_Ruins_U5/Content/Mannequin/Character/Mesh/SK_Mannequin_Female.uasset" 1249
"C:/Users/ROG Primary/Documents/GitHub/Oops-All-Ruins-/Oops_All_Ruins_U5/Content/Mannequin/Character/Mesh/SK_Mannequin_Female.uexp" 1250
"C:/Users/ROG Primary/Documents/GitHub/Oops-All-Ruins-/Oops_All_Ruins_U5/Content/Mannequin/Character/Mesh/SK_Mannequin_PhysicsAsset.uasset" 1251
"C:/Users/ROG Primary/Documents/GitHub/Oops-All-Ruins-/Oops_All_Ruins_U5/Content/Mannequin/Character/Mesh/SK_Mannequin_PhysicsAsset.uexp" 1252
"C:/Users/ROG Primary/Documents/GitHub/Oops-All-Ruins-/Oops_All_Ruins_U5/Content/Mannequin/Character/Mesh/SK_Mannequin.uasset" 1253
"C:/Users/ROG Primary/Documents/GitHub/Oops-All-Ruins-/Oops_All_Ruins_U5/Content/Mannequin/Character/Mesh/SK_Mannequin.uexp" 1254
"C:/Users/ROG Primary/Documents/GitHub/Oops-All-Ruins-/Oops_All_Ruins_U5/Content/Mannequin/Character/Mesh/Character_unwrapped_v1_low.ubulk" 1255
"C:/Users/ROG Primary/Documents/GitHub/Oops-All-Ruins-/Oops_All_Ruins_U5/Content/Mannequin/Character/Mesh/Character_unwrapped_v1_low.uasset" 1256
"C:/Users/ROG Primary/Documents/GitHub/Oops-All-Ruins-/Oops_All_Ruins_U5/Content/Mannequin/Character/Mesh/Character_unwrapped_v1_low.uexp" 1257
"C:/Users/ROG Primary/Documents/GitHub/Oops-All-Ruins-/Oops_All_Ruins_U5/Content/Maps/AZTEC_RUN_3_BuiltData.ubulk" 1258
"C:/Users/ROG Primary/Documents/GitHub/Oops-All-Ruins-/Oops_All_Ruins_U5/Content/Maps/AZTEC_RUN_3_BuiltData.uasset" 1259
"C:/Users/ROG Primary/Documents/GitHub/Oops-All-Ruins-/Oops_All_Ruins_U5/Content/Maps/AZTEC_RUN_3_BuiltData.uexp" 1260
"C:/Users/ROG Primary/Documents/GitHub/Oops-All-Ruins-/Oops_All_Ruins_U5/Content/Maps/AZTEC_RUN_1_BuiltData.ubulk" 1261
"C:/Users/ROG Primary/Documents/GitHub/Oops-All-Ruins-/Oops_All_Ruins_U5/Content/Maps/AZTEC_RUN_1_BuiltData.uasset" 1262
"C:/Users/ROG Primary/Documents/GitHub/Oops-All-Ruins-/Oops_All_Ruins_U5/Content/Maps/AZTEC_RUN_1_BuiltData.uexp" 1263
"C:/Users/ROG Primary/Documents/GitHub/Oops-All-Ruins-/Oops_All_Ruins_U5/Content/Materials/Textures/Brick_DarkBlue/DB_Brick_basecolor.ubulk" 1264
"C:/Users/ROG Primary/Documents/GitHub/Oops-All-Ruins-/Oops_All_Ruins_U5/Content/Materials/Textures/Brick_DarkBlue/DB_Brick_basecolor.uasset" 1265
"C:/Users/ROG Primary/Documents/GitHub/Oops-All-Ruins-/Oops_All_Ruins_U5/Content/Materials/Textures/Brick_DarkBlue/DB_Brick_basecolor.uexp" 1266
"C:/Users/ROG Primary/Documents/GitHub/Oops-All-Ruins-/Oops_All_Ruins_U5/Content/Materials/Textures/Brick_DarkBlue/DB_Brick_roughness.ubulk" 1267
"C:/Users/ROG Primary/Documents/GitHub/Oops-All-Ruins-/Oops_All_Ruins_U5/Content/Materials/Textures/Brick_DarkBlue/DB_Brick_roughness.uasset" 1268
"C:/Users/ROG Primary/Documents/GitHub/Oops-All-Ruins-/Oops_All_Ruins_U5/Content/Materials/Textures/Brick_DarkBlue/DB_Brick_roughness.uexp" 1269
"../../../Engine/Content/EngineMaterials/BlendFunc_DefBlend.uasset" 1270
"../../../Engine/Content/EngineMaterials/BlendFunc_DefBlend.uexp" 1271
"../../../Engine/Content/EngineMaterials/BlendFunc_DefBase.uasset" 1272
"../../../Engine/Content/EngineMaterials/BlendFunc_DefBase.uexp" 1273
"../../../Engine/Content/Functions/Engine_MaterialFunctions03/Blends/Blend_Darken.uasset" 1274
"../../../Engine/Content/Functions/Engine_MaterialFunctions03/Blends/Blend_Darken.uexp" 1275
"../../../Engine/Content/Functions/Engine_MaterialFunctions03/Blends/Blend_Lighten.uasset" 1276
"../../../Engine/Content/Functions/Engine_MaterialFunctions03/Blends/Blend_Lighten.uexp" 1277
"C:/Users/ROG Primary/Documents/GitHub/Oops-All-Ruins-/Oops_All_Ruins_U5/Content/Materials/Textures/Brick_DarkBlue/DB_Brick_normal.ubulk" 1278
"C:/Users/ROG Primary/Documents/GitHub/Oops-All-Ruins-/Oops_All_Ruins_U5/Content/Materials/Textures/Brick_DarkBlue/DB_Brick_normal.uasset" 1279
"C:/Users/ROG Primary/Documents/GitHub/Oops-All-Ruins-/Oops_All_Ruins_U5/Content/Materials/Textures/Brick_DarkBlue/DB_Brick_normal.uexp" 1280
"C:/Users/ROG Primary/Documents/GitHub/Oops-All-Ruins-/Oops_All_Ruins_U5/Content/Materials/Textures/Brick_DarkBlue/DB_Brick_metallic.ubulk" 1281
"C:/Users/ROG Primary/Documents/GitHub/Oops-All-Ruins-/Oops_All_Ruins_U5/Content/Materials/Textures/Brick_DarkBlue/DB_Brick_metallic.uasset" 1282
"C:/Users/ROG Primary/Documents/GitHub/Oops-All-Ruins-/Oops_All_Ruins_U5/Content/Materials/Textures/Brick_DarkBlue/DB_Brick_metallic.uexp" 1283
"C:/Users/ROG Primary/Documents/GitHub/Oops-All-Ruins-/Oops_All_Ruins_U5/Content/Materials/Brick_Green_mat.uasset" 1284
"C:/Users/ROG Primary/Documents/GitHub/Oops-All-Ruins-/Oops_All_Ruins_U5/Content/Materials/Brick_Green_mat.uexp" 1285
"C:/Users/ROG Primary/Documents/GitHub/Oops-All-Ruins-/Oops_All_Ruins_U5/Content/Materials/Brick_Green_mat_Inst.uasset" 1286
"C:/Users/ROG Primary/Documents/GitHub/Oops-All-Ruins-/Oops_All_Ruins_U5/Content/Materials/Brick_Green_mat_Inst.uexp" 1287
"C:/Users/ROG Primary/Documents/GitHub/Oops-All-Ruins-/Oops_All_Ruins_U5/Content/Materials/Brick_DarkBlue_mat.uasset" 1288
"C:/Users/ROG Primary/Documents/GitHub/Oops-All-Ruins-/Oops_All_Ruins_U5/Content/Materials/Brick_DarkBlue_mat.uexp" 1289
"C:/Users/ROG Primary/Documents/GitHub/Oops-All-Ruins-/Oops_All_Ruins_U5/Content/Materials/Brick_DarkBlue_Wall_mat_Inst.uasset" 1290
"C:/Users/ROG Primary/Documents/GitHub/Oops-All-Ruins-/Oops_All_Ruins_U5/Content/Materials/Brick_DarkBlue_Wall_mat_Inst.uexp" 1291
"C:/Users/ROG Primary/Documents/GitHub/Oops-All-Ruins-/Oops_All_Ruins_U5/Content/Materials/Textures/Brick_DarkBlue/DB_Brick_ambientocclusion.ubulk" 1292
"C:/Users/ROG Primary/Documents/GitHub/Oops-All-Ruins-/Oops_All_Ruins_U5/Content/Materials/Textures/Brick_DarkBlue/DB_Brick_ambientocclusion.uasset" 1293
"C:/Users/ROG Primary/Documents/GitHub/Oops-All-Ruins-/Oops_All_Ruins_U5/Content/Materials/Textures/Brick_DarkBlue/DB_Brick_ambientocclusion.uexp" 1294
"C:/Users/ROG Primary/Documents/GitHub/Oops-All-Ruins-/Oops_All_Ruins_U5/Content/Materials/Textures/Brick_DarkBlue/DB_Brick_01_height.ubulk" 1295
"C:/Users/ROG Primary/Documents/GitHub/Oops-All-Ruins-/Oops_All_Ruins_U5/Content/Materials/Textures/Brick_DarkBlue/DB_Brick_01_height.uasset" 1296
"C:/Users/ROG Primary/Documents/GitHub/Oops-All-Ruins-/Oops_All_Ruins_U5/Content/Materials/Textures/Brick_DarkBlue/DB_Brick_01_height.uexp" 1297
"C:/Users/ROG Primary/Documents/GitHub/Oops-All-Ruins-/Oops_All_Ruins_U5/Content/Materials/Textures/Brick_LightBlue/LB_Brick_height.ubulk" 1298
"C:/Users/ROG Primary/Documents/GitHub/Oops-All-Ruins-/Oops_All_Ruins_U5/Content/Materials/Textures/Brick_LightBlue/LB_Brick_height.uasset" 1299
"C:/Users/ROG Primary/Documents/GitHub/Oops-All-Ruins-/Oops_All_Ruins_U5/Content/Materials/Textures/Brick_LightBlue/LB_Brick_height.uexp" 1300
"C:/Users/ROG Primary/Documents/GitHub/Oops-All-Ruins-/Oops_All_Ruins_U5/Content/Materials/Textures/Brick_LightBlue/LB_Brick_ambientocclusion.ubulk" 1301
"C:/Users/ROG Primary/Documents/GitHub/Oops-All-Ruins-/Oops_All_Ruins_U5/Content/Materials/Textures/Brick_LightBlue/LB_Brick_ambientocclusion.uasset" 1302
"C:/Users/ROG Primary/Documents/GitHub/Oops-All-Ruins-/Oops_All_Ruins_U5/Content/Materials/Textures/Brick_LightBlue/LB_Brick_ambientocclusion.uexp" 1303
"C:/Users/ROG Primary/Documents/GitHub/Oops-All-Ruins-/Oops_All_Ruins_U5/Content/Materials/Textures/Brick_Yellow/Yellow_Brick_height.ubulk" 1304
"C:/Users/ROG Primary/Documents/GitHub/Oops-All-Ruins-/Oops_All_Ruins_U5/Content/Materials/Textures/Brick_Yellow/Yellow_Brick_height.uasset" 1305
"C:/Users/ROG Primary/Documents/GitHub/Oops-All-Ruins-/Oops_All_Ruins_U5/Content/Materials/Textures/Brick_Yellow/Yellow_Brick_height.uexp" 1306
"C:/Users/ROG Primary/Documents/GitHub/Oops-All-Ruins-/Oops_All_Ruins_U5/Content/Materials/Textures/Brick_Yellow/Yellow_Brick_ambientocclusion.ubulk" 1307
"C:/Users/ROG Primary/Documents/GitHub/Oops-All-Ruins-/Oops_All_Ruins_U5/Content/Materials/Textures/Brick_Yellow/Yellow_Brick_ambientocclusion.uasset" 1308
"C:/Users/ROG Primary/Documents/GitHub/Oops-All-Ruins-/Oops_All_Ruins_U5/Content/Materials/Textures/Brick_Yellow/Yellow_Brick_ambientocclusion.uexp" 1309
"C:/Users/ROG Primary/Documents/GitHub/Oops-All-Ruins-/Oops_All_Ruins_U5/Content/Materials/Textures/crack_01/Wall_Crack_01_metallic.ubulk" 1310
"C:/Users/ROG Primary/Documents/GitHub/Oops-All-Ruins-/Oops_All_Ruins_U5/Content/Materials/Textures/crack_01/Wall_Crack_01_metallic.uasset" 1311
"C:/Users/ROG Primary/Documents/GitHub/Oops-All-Ruins-/Oops_All_Ruins_U5/Content/Materials/Textures/crack_01/Wall_Crack_01_metallic.uexp" 1312
"C:/Users/ROG Primary/Documents/GitHub/Oops-All-Ruins-/Oops_All_Ruins_U5/Content/Materials/Textures/crack_01/Wall_Crack_01_height.ubulk" 1313
"C:/Users/ROG Primary/Documents/GitHub/Oops-All-Ruins-/Oops_All_Ruins_U5/Content/Materials/Textures/crack_01/Wall_Crack_01_height.uasset" 1314
"C:/Users/ROG Primary/Documents/GitHub/Oops-All-Ruins-/Oops_All_Ruins_U5/Content/Materials/Textures/crack_01/Wall_Crack_01_height.uexp" 1315
"C:/Users/ROG Primary/Documents/GitHub/Oops-All-Ruins-/Oops_All_Ruins_U5/Content/Materials/Textures/crack_01/Wall_Crack_01_ambientocclusion.ubulk" 1316
"C:/Users/ROG Primary/Documents/GitHub/Oops-All-Ruins-/Oops_All_Ruins_U5/Content/Materials/Textures/crack_01/Wall_Crack_01_ambientocclusion.uasset" 1317
"C:/Users/ROG Primary/Documents/GitHub/Oops-All-Ruins-/Oops_All_Ruins_U5/Content/Materials/Textures/crack_01/Wall_Crack_01_ambientocclusion.uexp" 1318
"C:/Users/ROG Primary/Documents/GitHub/Oops-All-Ruins-/Oops_All_Ruins_U5/Content/Materials/Textures/crack_02/Wall_Crack_02_metallic.ubulk" 1319
"C:/Users/ROG Primary/Documents/GitHub/Oops-All-Ruins-/Oops_All_Ruins_U5/Content/Materials/Textures/crack_02/Wall_Crack_02_metallic.uasset" 1320
"C:/Users/ROG Primary/Documents/GitHub/Oops-All-Ruins-/Oops_All_Ruins_U5/Content/Materials/Textures/crack_02/Wall_Crack_02_metallic.uexp" 1321
"C:/Users/ROG Primary/Documents/GitHub/Oops-All-Ruins-/Oops_All_Ruins_U5/Content/Materials/Textures/crack_02/Wall_Crack_02_height.ubulk" 1322
"C:/Users/ROG Primary/Documents/GitHub/Oops-All-Ruins-/Oops_All_Ruins_U5/Content/Materials/Textures/crack_02/Wall_Crack_02_height.uasset" 1323
"C:/Users/ROG Primary/Documents/GitHub/Oops-All-Ruins-/Oops_All_Ruins_U5/Content/Materials/Textures/crack_02/Wall_Crack_02_height.uexp" 1324
"C:/Users/ROG Primary/Documents/GitHub/Oops-All-Ruins-/Oops_All_Ruins_U5/Content/Materials/Textures/crack_02/Wall_Crack_02_ambientocclusion.ubulk" 1325
"C:/Users/ROG Primary/Documents/GitHub/Oops-All-Ruins-/Oops_All_Ruins_U5/Content/Materials/Textures/crack_02/Wall_Crack_02_ambientocclusion.uasset" 1326
"C:/Users/ROG Primary/Documents/GitHub/Oops-All-Ruins-/Oops_All_Ruins_U5/Content/Materials/Textures/crack_02/Wall_Crack_02_ambientocclusion.uexp" 1327
"C:/Users/ROG Primary/Documents/GitHub/Oops-All-Ruins-/Oops_All_Ruins_U5/Content/Materials/Textures/crack_03/Wall_Crack_03_metallic.ubulk" 1328
"C:/Users/ROG Primary/Documents/GitHub/Oops-All-Ruins-/Oops_All_Ruins_U5/Content/Materials/Textures/crack_03/Wall_Crack_03_metallic.uasset" 1329
"C:/Users/ROG Primary/Documents/GitHub/Oops-All-Ruins-/Oops_All_Ruins_U5/Content/Materials/Textures/crack_03/Wall_Crack_03_metallic.uexp" 1330
"C:/Users/ROG Primary/Documents/GitHub/Oops-All-Ruins-/Oops_All_Ruins_U5/Content/Materials/Textures/crack_03/Wall_Crack_03_height.ubulk" 1331
"C:/Users/ROG Primary/Documents/GitHub/Oops-All-Ruins-/Oops_All_Ruins_U5/Content/Materials/Textures/crack_03/Wall_Crack_03_height.uasset" 1332
"C:/Users/ROG Primary/Documents/GitHub/Oops-All-Ruins-/Oops_All_Ruins_U5/Content/Materials/Textures/crack_03/Wall_Crack_03_height.uexp" 1333
"C:/Users/ROG Primary/Documents/GitHub/Oops-All-Ruins-/Oops_All_Ruins_U5/Content/Materials/Textures/crack_03/Wall_Crack_03_ambientocclusion.ubulk" 1334
"C:/Users/ROG Primary/Documents/GitHub/Oops-All-Ruins-/Oops_All_Ruins_U5/Content/Materials/Textures/crack_03/Wall_Crack_03_ambientocclusion.uasset" 1335
"C:/Users/ROG Primary/Documents/GitHub/Oops-All-Ruins-/Oops_All_Ruins_U5/Content/Materials/Textures/crack_03/Wall_Crack_03_ambientocclusion.uexp" 1336
"C:/Users/ROG Primary/Documents/GitHub/Oops-All-Ruins-/Oops_All_Ruins_U5/Content/Materials/Textures/Foliage/Foliage_V1_roughness.ubulk" 1337
"C:/Users/ROG Primary/Documents/GitHub/Oops-All-Ruins-/Oops_All_Ruins_U5/Content/Materials/Textures/Foliage/Foliage_V1_roughness.uasset" 1338
"C:/Users/ROG Primary/Documents/GitHub/Oops-All-Ruins-/Oops_All_Ruins_U5/Content/Materials/Textures/Foliage/Foliage_V1_roughness.uexp" 1339
"C:/Users/ROG Primary/Documents/GitHub/Oops-All-Ruins-/Oops_All_Ruins_U5/Content/Materials/Textures/Foliage/Foliage_V1_metallic.ubulk" 1340
"C:/Users/ROG Primary/Documents/GitHub/Oops-All-Ruins-/Oops_All_Ruins_U5/Content/Materials/Textures/Foliage/Foliage_V1_metallic.uasset" 1341
"C:/Users/ROG Primary/Documents/GitHub/Oops-All-Ruins-/Oops_All_Ruins_U5/Content/Materials/Textures/Foliage/Foliage_V1_metallic.uexp" 1342
"C:/Users/ROG Primary/Documents/GitHub/Oops-All-Ruins-/Oops_All_Ruins_U5/Content/Materials/Textures/Foliage/Foliage_V1_height.ubulk" 1343
"C:/Users/ROG Primary/Documents/GitHub/Oops-All-Ruins-/Oops_All_Ruins_U5/Content/Materials/Textures/Foliage/Foliage_V1_height.uasset" 1344
"C:/Users/ROG Primary/Documents/GitHub/Oops-All-Ruins-/Oops_All_Ruins_U5/Content/Materials/Textures/Foliage/Foliage_V1_height.uexp" 1345
"C:/Users/ROG Primary/Documents/GitHub/Oops-All-Ruins-/Oops_All_Ruins_U5/Content/Materials/Textures/Foliage/Foliage_V1_ambientocclusion.ubulk" 1346
"C:/Users/ROG Primary/Documents/GitHub/Oops-All-Ruins-/Oops_All_Ruins_U5/Content/Materials/Textures/Foliage/Foliage_V1_ambientocclusion.uasset" 1347
"C:/Users/ROG Primary/Documents/GitHub/Oops-All-Ruins-/Oops_All_Ruins_U5/Content/Materials/Textures/Foliage/Foliage_V1_ambientocclusion.uexp" 1348
"C:/Users/ROG Primary/Documents/GitHub/Oops-All-Ruins-/Oops_All_Ruins_U5/Content/Materials/Textures/Gold/Gold_height.ubulk" 1349
"C:/Users/ROG Primary/Documents/GitHub/Oops-All-Ruins-/Oops_All_Ruins_U5/Content/Materials/Textures/Gold/Gold_height.uasset" 1350
"C:/Users/ROG Primary/Documents/GitHub/Oops-All-Ruins-/Oops_All_Ruins_U5/Content/Materials/Textures/Gold/Gold_height.uexp" 1351
"C:/Users/ROG Primary/Documents/GitHub/Oops-All-Ruins-/Oops_All_Ruins_U5/Content/Materials/Textures/PillarBlank/M_PillarBlank_v1_unwrp_geo_lambert6_Height.ubulk" 1352
"C:/Users/ROG Primary/Documents/GitHub/Oops-All-Ruins-/Oops_All_Ruins_U5/Content/Materials/Textures/PillarBlank/M_PillarBlank_v1_unwrp_geo_lambert6_Height.uasset" 1353
"C:/Users/ROG Primary/Documents/GitHub/Oops-All-Ruins-/Oops_All_Ruins_U5/Content/Materials/Textures/PillarBlank/M_PillarBlank_v1_unwrp_geo_lambert6_Height.uexp" 1354
"C:/Users/ROG Primary/Documents/GitHub/Oops-All-Ruins-/Oops_All_Ruins_U5/Content/Materials/Textures/PillarDetailed/M_PillarDetailed_v1_unwrp_geo_lambert7_Height.ubulk" 1355
"C:/Users/ROG Primary/Documents/GitHub/Oops-All-Ruins-/Oops_All_Ruins_U5/Content/Materials/Textures/PillarDetailed/M_PillarDetailed_v1_unwrp_geo_lambert7_Height.uasset" 1356
"C:/Users/ROG Primary/Documents/GitHub/Oops-All-Ruins-/Oops_All_Ruins_U5/Content/Materials/Textures/PillarDetailed/M_PillarDetailed_v1_unwrp_geo_lambert7_Height.uexp" 1357
"C:/Users/ROG Primary/Documents/GitHub/Oops-All-Ruins-/Oops_All_Ruins_U5/Content/Materials/Textures/Red_BaseColor/Red_BaseColor_height.ubulk" 1358
"C:/Users/ROG Primary/Documents/GitHub/Oops-All-Ruins-/Oops_All_Ruins_U5/Content/Materials/Textures/Red_BaseColor/Red_BaseColor_height.uasset" 1359
"C:/Users/ROG Primary/Documents/GitHub/Oops-All-Ruins-/Oops_All_Ruins_U5/Content/Materials/Textures/Red_BaseColor/Red_BaseColor_height.uexp" 1360
"C:/Users/ROG Primary/Documents/GitHub/Oops-All-Ruins-/Oops_All_Ruins_U5/Content/Materials/Textures/Red_BaseColor/Red_BaseColor.ubulk" 1361
"C:/Users/ROG Primary/Documents/GitHub/Oops-All-Ruins-/Oops_All_Ruins_U5/Content/Materials/Textures/Red_BaseColor/Red_BaseColor.uasset" 1362
"C:/Users/ROG Primary/Documents/GitHub/Oops-All-Ruins-/Oops_All_Ruins_U5/Content/Materials/Textures/Red_BaseColor/Red_BaseColor.uexp" 1363
"C:/Users/ROG Primary/Documents/GitHub/Oops-All-Ruins-/Oops_All_Ruins_U5/Content/Materials/Textures/Stone_DarkBlue/DB_Stone_height.ubulk" 1364
"C:/Users/ROG Primary/Documents/GitHub/Oops-All-Ruins-/Oops_All_Ruins_U5/Content/Materials/Textures/Stone_DarkBlue/DB_Stone_height.uasset" 1365
"C:/Users/ROG Primary/Documents/GitHub/Oops-All-Ruins-/Oops_All_Ruins_U5/Content/Materials/Textures/Stone_DarkBlue/DB_Stone_height.uexp" 1366
"C:/Users/ROG Primary/Documents/GitHub/Oops-All-Ruins-/Oops_All_Ruins_U5/Content/Materials/Textures/Stone_DarkBlue/DB_Stone_ambientocclusion.ubulk" 1367
"C:/Users/ROG Primary/Documents/GitHub/Oops-All-Ruins-/Oops_All_Ruins_U5/Content/Materials/Textures/Stone_DarkBlue/DB_Stone_ambientocclusion.uasset" 1368
"C:/Users/ROG Primary/Documents/GitHub/Oops-All-Ruins-/Oops_All_Ruins_U5/Content/Materials/Textures/Stone_DarkBlue/DB_Stone_ambientocclusion.uexp" 1369
"C:/Users/ROG Primary/Documents/GitHub/Oops-All-Ruins-/Oops_All_Ruins_U5/Content/Materials/Textures/Stone_LightBlue/LB_Stone_height.ubulk" 1370
"C:/Users/ROG Primary/Documents/GitHub/Oops-All-Ruins-/Oops_All_Ruins_U5/Content/Materials/Textures/Stone_LightBlue/LB_Stone_height.uasset" 1371
"C:/Users/ROG Primary/Documents/GitHub/Oops-All-Ruins-/Oops_All_Ruins_U5/Content/Materials/Textures/Stone_LightBlue/LB_Stone_height.uexp" 1372
"C:/Users/ROG Primary/Documents/GitHub/Oops-All-Ruins-/Oops_All_Ruins_U5/Content/Materials/Textures/Stone_LightBlue/LB_Stone_ambientocclusion.ubulk" 1373
"C:/Users/ROG Primary/Documents/GitHub/Oops-All-Ruins-/Oops_All_Ruins_U5/Content/Materials/Textures/Stone_LightBlue/LB_Stone_ambientocclusion.uasset" 1374
"C:/Users/ROG Primary/Documents/GitHub/Oops-All-Ruins-/Oops_All_Ruins_U5/Content/Materials/Textures/Stone_LightBlue/LB_Stone_ambientocclusion.uexp" 1375
"C:/Users/ROG Primary/Documents/GitHub/Oops-All-Ruins-/Oops_All_Ruins_U5/Content/Materials/Textures/Stone_Neutral/Neutral_Stone_height.ubulk" 1376
"C:/Users/ROG Primary/Documents/GitHub/Oops-All-Ruins-/Oops_All_Ruins_U5/Content/Materials/Textures/Stone_Neutral/Neutral_Stone_height.uasset" 1377
"C:/Users/ROG Primary/Documents/GitHub/Oops-All-Ruins-/Oops_All_Ruins_U5/Content/Materials/Textures/Stone_Neutral/Neutral_Stone_height.uexp" 1378
"C:/Users/ROG Primary/Documents/GitHub/Oops-All-Ruins-/Oops_All_Ruins_U5/Content/Materials/Textures/Stone_Neutral/Neutral_Stone_ambientocclusion.ubulk" 1379
"C:/Users/ROG Primary/Documents/GitHub/Oops-All-Ruins-/Oops_All_Ruins_U5/Content/Materials/Textures/Stone_Neutral/Neutral_Stone_ambientocclusion.uasset" 1380
"C:/Users/ROG Primary/Documents/GitHub/Oops-All-Ruins-/Oops_All_Ruins_U5/Content/Materials/Textures/Stone_Neutral/Neutral_Stone_ambientocclusion.uexp" 1381
"C:/Users/ROG Primary/Documents/GitHub/Oops-All-Ruins-/Oops_All_Ruins_U5/Content/Materials/Textures/Stone_Red/Red_Stone_height.ubulk" 1382
"C:/Users/ROG Primary/Documents/GitHub/Oops-All-Ruins-/Oops_All_Ruins_U5/Content/Materials/Textures/Stone_Red/Red_Stone_height.uasset" 1383
"C:/Users/ROG Primary/Documents/GitHub/Oops-All-Ruins-/Oops_All_Ruins_U5/Content/Materials/Textures/Stone_Red/Red_Stone_height.uexp" 1384
"C:/Users/ROG Primary/Documents/GitHub/Oops-All-Ruins-/Oops_All_Ruins_U5/Content/Materials/Textures/Stone_Red/Red_Stone_ambientocclusion.ubulk" 1385
"C:/Users/ROG Primary/Documents/GitHub/Oops-All-Ruins-/Oops_All_Ruins_U5/Content/Materials/Textures/Stone_Red/Red_Stone_ambientocclusion.uasset" 1386
"C:/Users/ROG Primary/Documents/GitHub/Oops-All-Ruins-/Oops_All_Ruins_U5/Content/Materials/Textures/Stone_Red/Red_Stone_ambientocclusion.uexp" 1387
"C:/Users/ROG Primary/Documents/GitHub/Oops-All-Ruins-/Oops_All_Ruins_U5/Content/Materials/Textures/Stone_Yellow/Yellow_Stone_height.ubulk" 1388
"C:/Users/ROG Primary/Documents/GitHub/Oops-All-Ruins-/Oops_All_Ruins_U5/Content/Materials/Textures/Stone_Yellow/Yellow_Stone_height.uasset" 1389
"C:/Users/ROG Primary/Documents/GitHub/Oops-All-Ruins-/Oops_All_Ruins_U5/Content/Materials/Textures/Stone_Yellow/Yellow_Stone_height.uexp" 1390
"C:/Users/ROG Primary/Documents/GitHub/Oops-All-Ruins-/Oops_All_Ruins_U5/Content/Materials/Textures/Stone_Yellow/Yellow_Stone_ambientocclusion.ubulk" 1391
"C:/Users/ROG Primary/Documents/GitHub/Oops-All-Ruins-/Oops_All_Ruins_U5/Content/Materials/Textures/Stone_Yellow/Yellow_Stone_ambientocclusion.uasset" 1392
"C:/Users/ROG Primary/Documents/GitHub/Oops-All-Ruins-/Oops_All_Ruins_U5/Content/Materials/Textures/Stone_Yellow/Yellow_Stone_ambientocclusion.uexp" 1393
"C:/Users/ROG Primary/Documents/GitHub/Oops-All-Ruins-/Oops_All_Ruins_U5/Content/Materials/Textures/Tree_Leaves/leaves_low_1002_BaseColor.ubulk" 1394
"C:/Users/ROG Primary/Documents/GitHub/Oops-All-Ruins-/Oops_All_Ruins_U5/Content/Materials/Textures/Tree_Leaves/leaves_low_1002_BaseColor.uasset" 1395
"C:/Users/ROG Primary/Documents/GitHub/Oops-All-Ruins-/Oops_All_Ruins_U5/Content/Materials/Textures/Tree_Leaves/leaves_low_1002_BaseColor.uexp" 1396
"C:/Users/ROG Primary/Documents/GitHub/Oops-All-Ruins-/Oops_All_Ruins_U5/Content/Materials/Textures/Tree_Leaves/1002_Opacity.ubulk" 1397
"C:/Users/ROG Primary/Documents/GitHub/Oops-All-Ruins-/Oops_All_Ruins_U5/Content/Materials/Textures/Tree_Leaves/1002_Opacity.uasset" 1398
"C:/Users/ROG Primary/Documents/GitHub/Oops-All-Ruins-/Oops_All_Ruins_U5/Content/Materials/Textures/Tree_Leaves/1002_Opacity.uexp" 1399
"C:/Users/ROG Primary/Documents/GitHub/Oops-All-Ruins-/Oops_All_Ruins_U5/Content/Materials/Textures/Tree_Leaves/1002_Normal_DirectX.ubulk" 1400
"C:/Users/ROG Primary/Documents/GitHub/Oops-All-Ruins-/Oops_All_Ruins_U5/Content/Materials/Textures/Tree_Leaves/1002_Normal_DirectX.uasset" 1401
"C:/Users/ROG Primary/Documents/GitHub/Oops-All-Ruins-/Oops_All_Ruins_U5/Content/Materials/Textures/Tree_Leaves/1002_Normal_DirectX.uexp" 1402
"../../../Engine/Plugins/FX/Niagara/Content/Enums/SpriteRenderer/ENiagara_ScaleSpriteSize.uasset" 1403
"../../../Engine/Plugins/FX/Niagara/Content/Enums/SpriteRenderer/ENiagara_ScaleSpriteSize.uexp" 1404
"../../../Engine/Plugins/FX/Niagara/Content/Enums/ENiagaraRandomnessMode.uasset" 1405
"../../../Engine/Plugins/FX/Niagara/Content/Enums/ENiagaraRandomnessMode.uexp" 1406
"../../../Engine/Plugins/FX/Niagara/Content/Functions/GetRandomInfo.uasset" 1407
"../../../Engine/Plugins/FX/Niagara/Content/Functions/GetRandomInfo.uexp" 1408
"../../../Engine/Plugins/FX/Niagara/Content/Functions/RandomRangeFloat.uasset" 1409
"../../../Engine/Plugins/FX/Niagara/Content/Functions/RandomRangeFloat.uexp" 1410
"../../../Engine/Plugins/FX/Niagara/Content/Modules/Emitter/SpawnRate.uasset" 1411
"../../../Engine/Plugins/FX/Niagara/Content/Modules/Emitter/SpawnRate.uexp" 1412
"../../../Engine/Plugins/FX/Niagara/Content/Enums/ENiagaraRandomnessEvaluation.uasset" 1413
"../../../Engine/Plugins/FX/Niagara/Content/Enums/ENiagaraRandomnessEvaluation.uexp" 1414
"../../../Engine/Plugins/FX/Niagara/Content/Functions/V2/CalculateRandomRangeFloat.uasset" 1415
"../../../Engine/Plugins/FX/Niagara/Content/Functions/V2/CalculateRandomRangeFloat.uexp" 1416
"../../../Engine/Plugins/FX/Niagara/Content/DynamicInputs/UniformRange/V2/RandomRangeFloat.uasset" 1417
"../../../Engine/Plugins/FX/Niagara/Content/DynamicInputs/UniformRange/V2/RandomRangeFloat.uexp" 1418
"../../../Engine/Plugins/FX/Niagara/Content/Enums/ENiagara_MassInitializationMode.uasset" 1419
"../../../Engine/Plugins/FX/Niagara/Content/Enums/ENiagara_MassInitializationMode.uexp" 1420
"../../../Engine/Plugins/FX/Niagara/Content/DefaultAssets/DefaultSpriteMaterial.uasset" 1421
"../../../Engine/Plugins/FX/Niagara/Content/DefaultAssets/DefaultSpriteMaterial.uexp" 1422
"../../../Engine/Plugins/FX/Niagara/Content/Functions/DirectionAndLengthSafe.uasset" 1423
"../../../Engine/Plugins/FX/Niagara/Content/Functions/DirectionAndLengthSafe.uexp" 1424
"../../../Engine/Plugins/FX/Niagara/Content/Modules/Update/Size/ScaleSpriteSizeBySpeed.uasset" 1425
"../../../Engine/Plugins/FX/Niagara/Content/Modules/Update/Size/ScaleSpriteSizeBySpeed.uexp" 1426
"../../../Engine/Plugins/FX/Niagara/Content/Functions/Localspace/SimulationPosition.uasset" 1427
"../../../Engine/Plugins/FX/Niagara/Content/Functions/Localspace/SimulationPosition.uexp" 1428
"../../../Engine/Plugins/FX/Niagara/Content/Functions/FindAngleBetweenVectors.uasset" 1429
"../../../Engine/Plugins/FX/Niagara/Content/Functions/FindAngleBetweenVectors.uexp" 1430
"../../../Engine/Plugins/FX/Niagara/Content/Functions/V2/RemapRange.uasset" 1431
"../../../Engine/Plugins/FX/Niagara/Content/Functions/V2/RemapRange.uexp" 1432
"../../../Engine/Plugins/FX/Niagara/Content/Functions/V2/ConeMask.uasset" 1433
"../../../Engine/Plugins/FX/Niagara/Content/Functions/V2/ConeMask.uexp" 1434
"../../../Engine/Plugins/FX/Niagara/Content/VectorFields/Assets/TilingCurl32.uasset" 1435
"../../../Engine/Plugins/FX/Niagara/Content/VectorFields/Assets/TilingCurl32.uexp" 1436
"../../../Engine/Plugins/FX/Niagara/Content/Functions/Localspace/TransformBase.uasset" 1437
"../../../Engine/Plugins/FX/Niagara/Content/Functions/Localspace/TransformBase.uexp" 1438
"../../../Engine/Plugins/FX/Niagara/Content/Functions/Localspace/TransformVector.uasset" 1439
"../../../Engine/Plugins/FX/Niagara/Content/Functions/Localspace/TransformVector.uexp" 1440
"../../../Engine/Plugins/FX/Niagara/Content/Enums/ENiagaraCurlNoiseQuality.uasset" 1441
"../../../Engine/Plugins/FX/Niagara/Content/Enums/ENiagaraCurlNoiseQuality.uexp" 1442
"../../../Engine/Plugins/FX/Niagara/Content/VectorFields/Assets/TilingCurl64.uasset" 1443
"../../../Engine/Plugins/FX/Niagara/Content/VectorFields/Assets/TilingCurl64.uexp" 1444
"../../../Engine/Plugins/FX/Niagara/Content/Functions/Localspace/TransformPosition.uasset" 1445
"../../../Engine/Plugins/FX/Niagara/Content/Functions/Localspace/TransformPosition.uexp" 1446
"../../../Engine/Plugins/FX/Niagara/Content/VectorFields/Assets/TilingCurl16.uasset" 1447
"../../../Engine/Plugins/FX/Niagara/Content/VectorFields/Assets/TilingCurl16.uexp" 1448
"../../../Engine/Plugins/FX/Niagara/Content/Modules/Update/Forces/V2/CurlNoiseForce.uasset" 1449
"../../../Engine/Plugins/FX/Niagara/Content/Modules/Update/Forces/V2/CurlNoiseForce.uexp" 1450
"../../../Engine/Plugins/FX/Niagara/Content/Enums/ENiagara_PositionInitializationMode.uasset" 1451
"../../../Engine/Plugins/FX/Niagara/Content/Enums/ENiagara_PositionInitializationMode.uexp" 1452
"../../../Engine/Plugins/FX/Niagara/Content/Icons/Modules/T_Icon_Solver_LimitSpeed.uasset" 1453
"../../../Engine/Plugins/FX/Niagara/Content/Icons/Modules/T_Icon_Solver_LimitSpeed.uexp" 1454
"../../../Engine/Plugins/FX/Niagara/Content/Functions/Rotation/MultiplyQuaternion.uasset" 1455
"../../../Engine/Plugins/FX/Niagara/Content/Functions/Rotation/MultiplyQuaternion.uexp" 1456
"../../../Engine/Plugins/FX/Niagara/Content/Functions/Rotation/AxisAngleToQuaternion.uasset" 1457
"../../../Engine/Plugins/FX/Niagara/Content/Functions/Rotation/AxisAngleToQuaternion.uexp" 1458
"../../../Engine/Plugins/FX/Niagara/Content/Modules/Solvers/ApplyRotationVector.uasset" 1459
"../../../Engine/Plugins/FX/Niagara/Content/Modules/Solvers/ApplyRotationVector.uexp" 1460
"../../../Engine/Plugins/FX/Niagara/Content/Icons/Modules/T_Icon_Solver_RotationalSolve.uasset" 1461
"../../../Engine/Plugins/FX/Niagara/Content/Icons/Modules/T_Icon_Solver_RotationalSolve.uexp" 1462
"../../../Engine/Plugins/FX/Niagara/Content/Icons/Modules/T_Icon_Solver_LimitAccel.uasset" 1463
"../../../Engine/Plugins/FX/Niagara/Content/Icons/Modules/T_Icon_Solver_LimitAccel.uexp" 1464
"../../../Engine/Plugins/FX/Niagara/Content/Modules/Solvers/SolveForcesAndVelocity.uasset" 1465
"../../../Engine/Plugins/FX/Niagara/Content/Modules/Solvers/SolveForcesAndVelocity.uexp" 1466
"../../../Engine/Plugins/FX/Niagara/Content/Functions/V2/CalculateRandomRange.uasset" 1467
"../../../Engine/Plugins/FX/Niagara/Content/Functions/V2/CalculateRandomRange.uexp" 1468
"../../../Engine/Plugins/FX/Niagara/Content/Functions/V2/CalculateRandomUnitVector.uasset" 1469
"../../../Engine/Plugins/FX/Niagara/Content/Functions/V2/CalculateRandomUnitVector.uexp" 1470
"../../../Engine/Plugins/FX/Niagara/Content/DynamicInputs/Random/V2/RandomVector.uasset" 1471
"../../../Engine/Plugins/FX/Niagara/Content/DynamicInputs/Random/V2/RandomVector.uexp" 1472
"../../../Engine/Plugins/FX/Niagara/Content/Modules/Update/Forces/Drag.uasset" 1473
"../../../Engine/Plugins/FX/Niagara/Content/Modules/Update/Forces/Drag.uexp" 1474
"../../../Engine/Plugins/FX/Niagara/Content/Enums/ENiagara_SizeScaleMode.uasset" 1475
"../../../Engine/Plugins/FX/Niagara/Content/Enums/ENiagara_SizeScaleMode.uexp" 1476
"../../../Engine/Plugins/FX/Niagara/Content/Enums/ENiagara_UVFlippingMode.uasset" 1477
"../../../Engine/Plugins/FX/Niagara/Content/Enums/ENiagara_UVFlippingMode.uexp" 1478
"../../../Engine/Plugins/FX/Niagara/Content/Functions/V2/CalculateRandomRangeInteger.uasset" 1479
"../../../Engine/Plugins/FX/Niagara/Content/Functions/V2/CalculateRandomRangeInteger.uexp" 1480
"../../../Engine/Plugins/FX/Niagara/Content/Enums/Ribbons/ENiagara_UnsetDirectSetRandom.uasset" 1481
"../../../Engine/Plugins/FX/Niagara/Content/Enums/Ribbons/ENiagara_UnsetDirectSetRandom.uexp" 1482
"../../../Engine/Plugins/FX/Niagara/Content/Enums/ENiagara_LifetimeMode.uasset" 1483
"../../../Engine/Plugins/FX/Niagara/Content/Enums/ENiagara_LifetimeMode.uexp" 1484
"../../../Engine/Plugins/FX/Niagara/Content/Functions/V2/CalculateRandomBool.uasset" 1485
"../../../Engine/Plugins/FX/Niagara/Content/Functions/V2/CalculateRandomBool.uexp" 1486
"../../../Engine/Plugins/FX/Niagara/Content/Enums/Ribbons/ENiagara_UnsetDirectSet.uasset" 1487
"../../../Engine/Plugins/FX/Niagara/Content/Enums/Ribbons/ENiagara_UnsetDirectSet.uexp" 1488
"../../../Engine/Plugins/FX/Niagara/Content/Enums/ENiagara_SpriteRotationMode.uasset" 1489
"../../../Engine/Plugins/FX/Niagara/Content/Enums/ENiagara_SpriteRotationMode.uexp" 1490
"../../../Engine/Plugins/FX/Niagara/Content/Enums/ENiagara_ColorInitializationMode.uasset" 1491
"../../../Engine/Plugins/FX/Niagara/Content/Enums/ENiagara_ColorInitializationMode.uexp" 1492
"../../../Engine/Plugins/FX/Niagara/Content/Functions/LinearColor/HueShiftLinearColor.uasset" 1493
"../../../Engine/Plugins/FX/Niagara/Content/Functions/LinearColor/HueShiftLinearColor.uexp" 1494
"../../../Engine/Plugins/FX/Niagara/Content/Enums/ENiagaraChannelCorrelation.uasset" 1495
"../../../Engine/Plugins/FX/Niagara/Content/Enums/ENiagaraChannelCorrelation.uexp" 1496
"../../../Engine/Plugins/FX/Niagara/Content/Modules/Spawn/Initialization/V2/InitializeParticle.uasset" 1497
"../../../Engine/Plugins/FX/Niagara/Content/Modules/Spawn/Initialization/V2/InitializeParticle.uexp" 1498
"../../../Engine/Plugins/FX/Niagara/Content/Functions/Math/SaturateFloat.uasset" 1499
"../../../Engine/Plugins/FX/Niagara/Content/Functions/Math/SaturateFloat.uexp" 1500
"../../../Engine/Plugins/FX/Niagara/Content/Functions/Rotation/XYZRotationToQuaternion.uasset" 1501
"../../../Engine/Plugins/FX/Niagara/Content/Functions/Rotation/XYZRotationToQuaternion.uexp" 1502
"../../../Engine/Plugins/FX/Niagara/Content/Functions/Rotation/MultiplyVectorWithQuaternion.uasset" 1503
"../../../Engine/Plugins/FX/Niagara/Content/Functions/Rotation/MultiplyVectorWithQuaternion.uexp" 1504
"../../../Engine/Plugins/FX/Niagara/Content/Functions/Rotation/FindQuatBetween.uasset" 1505
"../../../Engine/Plugins/FX/Niagara/Content/Functions/Rotation/FindQuatBetween.uexp" 1506
"../../../Engine/Plugins/FX/Niagara/Content/Enums/Angles/ENiagara_AngleInput.uasset" 1507
"../../../Engine/Plugins/FX/Niagara/Content/Enums/Angles/ENiagara_AngleInput.uexp" 1508
"../../../Engine/Plugins/FX/Niagara/Content/Functions/Rotation/AngleUnitConverter.uasset" 1509
"../../../Engine/Plugins/FX/Niagara/Content/Functions/Rotation/AngleUnitConverter.uexp" 1510
"../../../Engine/Plugins/FX/Niagara/Content/Enums/Utility/ENiagara_VelocityMode.uasset" 1511
"../../../Engine/Plugins/FX/Niagara/Content/Enums/Utility/ENiagara_VelocityMode.uexp" 1512
"../../../Engine/Plugins/FX/Niagara/Content/Functions/Rotation/InvertQuaternion.uasset" 1513
"../../../Engine/Plugins/FX/Niagara/Content/Functions/Rotation/InvertQuaternion.uexp" 1514
"../../../Engine/Plugins/FX/Niagara/Content/Functions/Rotation/MatrixToQuaternion.uasset" 1515
"../../../Engine/Plugins/FX/Niagara/Content/Functions/Rotation/MatrixToQuaternion.uexp" 1516
"../../../Engine/Plugins/FX/Niagara/Content/Functions/Rotation/MakeQuaternionFrom3BasisVectors.uasset" 1517
"../../../Engine/Plugins/FX/Niagara/Content/Functions/Rotation/MakeQuaternionFrom3BasisVectors.uexp" 1518
"../../../Engine/Plugins/FX/Niagara/Content/Enums/Transforms/ENiagara_RotationMode.uasset" 1519
"../../../Engine/Plugins/FX/Niagara/Content/Enums/Transforms/ENiagara_RotationMode.uexp" 1520
"../../../Engine/Plugins/FX/Niagara/Content/Functions/Rotation/TransformStack/TransformStack_Rotation.uasset" 1521
"../../../Engine/Plugins/FX/Niagara/Content/Functions/Rotation/TransformStack/TransformStack_Rotation.uexp" 1522
"../../../Engine/Plugins/FX/Niagara/Content/Functions/Math/CalculateRandomPointInConeSphereIntersection.uasset" 1523
"../../../Engine/Plugins/FX/Niagara/Content/Functions/Math/CalculateRandomPointInConeSphereIntersection.uexp" 1524
"../../../Engine/Plugins/FX/Niagara/Content/Functions/NormalizeDistanceRange.uasset" 1525
"../../../Engine/Plugins/FX/Niagara/Content/Functions/NormalizeDistanceRange.uexp" 1526
"../../../Engine/Plugins/FX/Niagara/Content/Functions/DistanceBasedFalloff.uasset" 1527
"../../../Engine/Plugins/FX/Niagara/Content/Functions/DistanceBasedFalloff.uexp" 1528
"../../../Engine/Plugins/FX/Niagara/Content/Modules/Spawn/Velocity/AddVelocity.uasset" 1529
"../../../Engine/Plugins/FX/Niagara/Content/Modules/Spawn/Velocity/AddVelocity.uexp" 1530
"../../../Engine/Plugins/FX/Niagara/Content/Enums/ENiagaraEmitterLifeCycleMode.uasset" 1531
"../../../Engine/Plugins/FX/Niagara/Content/Enums/ENiagaraEmitterLifeCycleMode.uexp" 1532
"../../../Engine/Plugins/FX/Niagara/Content/Functions/Emitter/EmitterChangeState.uasset" 1533
"../../../Engine/Plugins/FX/Niagara/Content/Functions/Emitter/EmitterChangeState.uexp" 1534
"../../../Engine/Plugins/FX/Niagara/Content/Enums/ENiagara_InfiniteLoopDuration.uasset" 1535
"../../../Engine/Plugins/FX/Niagara/Content/Enums/ENiagara_InfiniteLoopDuration.uexp" 1536
"../../../Engine/Plugins/FX/Niagara/Content/Enums/ENiagara_EmitterStateOptions.uasset" 1537
"../../../Engine/Plugins/FX/Niagara/Content/Enums/ENiagara_EmitterStateOptions.uexp" 1538
"../../../Engine/Plugins/FX/Niagara/Content/Enums/ENiagaraInactiveMode.uasset" 1539
"../../../Engine/Plugins/FX/Niagara/Content/Enums/ENiagaraInactiveMode.uexp" 1540
"../../../Engine/Plugins/FX/Niagara/Content/Enums/ENiagaraExecutionStateManagement.uasset" 1541
"../../../Engine/Plugins/FX/Niagara/Content/Enums/ENiagaraExecutionStateManagement.uexp" 1542
"../../../Engine/Plugins/FX/Niagara/Content/Enums/ENiagaraEmitterScalabilityMode_Limited.uasset" 1543
"../../../Engine/Plugins/FX/Niagara/Content/Enums/ENiagaraEmitterScalabilityMode_Limited.uexp" 1544
"../../../Engine/Plugins/FX/Niagara/Content/Modules/Emitter/EmitterState.uasset" 1545
"../../../Engine/Plugins/FX/Niagara/Content/Modules/Emitter/EmitterState.uexp" 1546
"../../../Engine/Plugins/FX/Niagara/Content/Modules/Update/Forces/WindForce.uasset" 1547
"../../../Engine/Plugins/FX/Niagara/Content/Modules/Update/Forces/WindForce.uexp" 1548
"../../../Engine/Plugins/FX/Niagara/Content/Enums/ENiagaraSystemInactiveMode.uasset" 1549
"../../../Engine/Plugins/FX/Niagara/Content/Enums/ENiagaraSystemInactiveMode.uexp" 1550
"../../../Engine/Plugins/FX/Niagara/Content/Functions/System/SystemChangeState.uasset" 1551
"../../../Engine/Plugins/FX/Niagara/Content/Functions/System/SystemChangeState.uexp" 1552
"../../../Engine/Plugins/FX/Niagara/Content/Modules/System/SystemState.uasset" 1553
"../../../Engine/Plugins/FX/Niagara/Content/Modules/System/SystemState.uexp" 1554
"../../../Engine/Plugins/FX/Niagara/Content/Icons/Modules/T_Icon_Particle_InfiniteLife.uasset" 1555
"../../../Engine/Plugins/FX/Niagara/Content/Icons/Modules/T_Icon_Particle_InfiniteLife.uexp" 1556
"../../../Engine/Plugins/FX/Niagara/Content/Modules/Update/Lifetime/ParticleState.uasset" 1557
"../../../Engine/Plugins/FX/Niagara/Content/Modules/Update/Lifetime/ParticleState.uexp" 1558
"../../../Engine/Plugins/FX/Niagara/Content/Modules/Update/Size/ScaleSpriteSize.uasset" 1559
"../../../Engine/Plugins/FX/Niagara/Content/Modules/Update/Size/ScaleSpriteSize.uexp" 1560
"../../../Engine/Plugins/FX/Niagara/Content/Modules/Update/Color/Color.uasset" 1561
"../../../Engine/Plugins/FX/Niagara/Content/Modules/Update/Color/Color.uexp" 1562
"../../../Engine/Plugins/FX/Niagara/Content/DynamicInputs/ValueFromCurve/ColorFromCurve.uasset" 1563
"../../../Engine/Plugins/FX/Niagara/Content/DynamicInputs/ValueFromCurve/ColorFromCurve.uexp" 1564
"C:/Users/ROG Primary/Documents/GitHub/Oops-All-Ruins-/Oops_All_Ruins_U5/Content/Particles/TorchFire_System.uasset" 1565
"C:/Users/ROG Primary/Documents/GitHub/Oops-All-Ruins-/Oops_All_Ruins_U5/Content/Particles/TorchFire_System.uexp" 1566
"C:/Users/ROG Primary/Documents/GitHub/Oops-All-Ruins-/Oops_All_Ruins_U5/Content/Particles/AltarFire_System.uasset" 1567
"C:/Users/ROG Primary/Documents/GitHub/Oops-All-Ruins-/Oops_All_Ruins_U5/Content/Particles/AltarFire_System.uexp" 1568
"C:/Users/ROG Primary/Documents/GitHub/Oops-All-Ruins-/Oops_All_Ruins_U5/Content/Particles/UpdatedParticles/FallingDust_System.uasset" 1569
"C:/Users/ROG Primary/Documents/GitHub/Oops-All-Ruins-/Oops_All_Ruins_U5/Content/Particles/UpdatedParticles/FallingDust_System.uexp" 1570
"C:/Users/ROG Primary/Documents/GitHub/Oops-All-Ruins-/Oops_All_Ruins_U5/Content/Particles/UpdatedParticles/Dust_System.uasset" 1571
"C:/Users/ROG Primary/Documents/GitHub/Oops-All-Ruins-/Oops_All_Ruins_U5/Content/Particles/UpdatedParticles/Dust_System.uexp" 1572
"../../../Engine/Plugins/FX/Niagara/Content/Enums/ENiagaraSphereDistributionMode.uasset" 1573
"../../../Engine/Plugins/FX/Niagara/Content/Enums/ENiagaraSphereDistributionMode.uexp" 1574
"../../../Engine/Plugins/FX/Niagara/Content/Enums/ENiagaraTorusDistributionMode.uasset" 1575
"../../../Engine/Plugins/FX/Niagara/Content/Enums/ENiagaraTorusDistributionMode.uexp" 1576
"../../../Engine/Plugins/FX/Niagara/Content/Enums/Location/ENiagara_LocationShapes.uasset" 1577
"../../../Engine/Plugins/FX/Niagara/Content/Enums/Location/ENiagara_LocationShapes.uexp" 1578
"../../../Engine/Plugins/FX/Niagara/Content/Enums/Location/ENiagara_CylinderMode.uasset" 1579
"../../../Engine/Plugins/FX/Niagara/Content/Enums/Location/ENiagara_CylinderMode.uexp" 1580
"../../../Engine/Plugins/FX/Niagara/Content/Enums/Transforms/ENiagara_ScaleMode.uasset" 1581
"../../../Engine/Plugins/FX/Niagara/Content/Enums/Transforms/ENiagara_ScaleMode.uexp" 1582
"../../../Engine/Plugins/FX/Niagara/Content/Enums/Location/ENiagara_ConeMode.uasset" 1583
"../../../Engine/Plugins/FX/Niagara/Content/Enums/Location/ENiagara_ConeMode.uexp" 1584
"../../../Engine/Plugins/FX/Niagara/Content/Enums/ENiagara_AttributeSamplingApplyOutput.uasset" 1585
"../../../Engine/Plugins/FX/Niagara/Content/Enums/ENiagara_AttributeSamplingApplyOutput.uexp" 1586
"../../../Engine/Plugins/FX/Niagara/Content/Enums/Transforms/ENiagara_OffsetMode.uasset" 1587
"../../../Engine/Plugins/FX/Niagara/Content/Enums/Transforms/ENiagara_OffsetMode.uexp" 1588
"../../../Engine/Plugins/FX/Niagara/Content/Enums/Location/ENiagara_BoxPlaneMode.uasset" 1589
"../../../Engine/Plugins/FX/Niagara/Content/Enums/Location/ENiagara_BoxPlaneMode.uexp" 1590
"../../../Engine/Plugins/FX/Niagara/Content/Enums/Transforms/ENiagara_TransformOrder.uasset" 1591
"../../../Engine/Plugins/FX/Niagara/Content/Enums/Transforms/ENiagara_TransformOrder.uexp" 1592
"../../../Engine/Plugins/FX/Niagara/Content/Enums/Location/ENiagaraRingDiscMode.uasset" 1593
"../../../Engine/Plugins/FX/Niagara/Content/Enums/Location/ENiagaraRingDiscMode.uexp" 1594
"../../../Engine/Plugins/FX/Niagara/Content/Enums/ENiagaraShapeTorusMode.uasset" 1595
"../../../Engine/Plugins/FX/Niagara/Content/Enums/ENiagaraShapeTorusMode.uexp" 1596
"../../../Engine/Plugins/FX/Niagara/Content/Enums/ENiagaraExpansionMode.uasset" 1597
"../../../Engine/Plugins/FX/Niagara/Content/Enums/ENiagaraExpansionMode.uexp" 1598
"../../../Engine/Plugins/FX/Niagara/Content/Functions/Rotation/RotateVector2D.uasset" 1599
"../../../Engine/Plugins/FX/Niagara/Content/Functions/Rotation/RotateVector2D.uexp" 1600
"../../../Engine/Plugins/FX/Niagara/Content/Functions/IsolateLongestVectorComponent.uasset" 1601
"../../../Engine/Plugins/FX/Niagara/Content/Functions/IsolateLongestVectorComponent.uexp" 1602
"../../../Engine/Plugins/FX/Niagara/Content/Functions/RandomPointInBox.uasset" 1603
"../../../Engine/Plugins/FX/Niagara/Content/Functions/RandomPointInBox.uexp" 1604
"../../../Engine/Plugins/FX/Niagara/Content/Functions/ParametricTorusKnot.uasset" 1605
"../../../Engine/Plugins/FX/Niagara/Content/Functions/ParametricTorusKnot.uexp" 1606
"../../../Engine/Plugins/FX/Niagara/Content/Functions/PolarToCartesianCoordinates.uasset" 1607
"../../../Engine/Plugins/FX/Niagara/Content/Functions/PolarToCartesianCoordinates.uexp" 1608
"../../../Engine/Plugins/FX/Niagara/Content/Functions/ParametricTorus.uasset" 1609
"../../../Engine/Plugins/FX/Niagara/Content/Functions/ParametricTorus.uexp" 1610
"../../../Engine/Plugins/FX/Niagara/Content/Functions/NormalizedExecutionIndex.uasset" 1611
"../../../Engine/Plugins/FX/Niagara/Content/Functions/NormalizedExecutionIndex.uexp" 1612
"../../../Engine/Plugins/FX/Niagara/Content/Functions/SphericalToCartesianCoordinates.uasset" 1613
"../../../Engine/Plugins/FX/Niagara/Content/Functions/SphericalToCartesianCoordinates.uexp" 1614
"../../../Engine/Plugins/FX/Niagara/Content/Enums/Transforms/ENiagara_TransformType.uasset" 1615
"../../../Engine/Plugins/FX/Niagara/Content/Enums/Transforms/ENiagara_TransformType.uexp" 1616
"../../../Engine/Plugins/FX/Niagara/Content/Modules/Spawn/Location/V2/ShapeLocation.uasset" 1617
"../../../Engine/Plugins/FX/Niagara/Content/Modules/Spawn/Location/V2/ShapeLocation.uexp" 1618
"C:/Users/ROG Primary/Documents/GitHub/Oops-All-Ruins-/Oops_All_Ruins_U5/Content/Particles/UpdatedParticles/DustExplosion_System.uasset" 1619
"C:/Users/ROG Primary/Documents/GitHub/Oops-All-Ruins-/Oops_All_Ruins_U5/Content/Particles/UpdatedParticles/DustExplosion_System.uexp" 1620
"C:/Users/ROG Primary/Documents/GitHub/Oops-All-Ruins-/Oops_All_Ruins_U5/Content/Particles/UpdatedParticles/AltarFire_System.uasset" 1621
"C:/Users/ROG Primary/Documents/GitHub/Oops-All-Ruins-/Oops_All_Ruins_U5/Content/Particles/UpdatedParticles/AltarFire_System.uexp" 1622
"C:/Users/ROG Primary/Documents/GitHub/Oops-All-Ruins-/Oops_All_Ruins_U5/Content/Sounds/SpikesUp.ubulk" 1623
"C:/Users/ROG Primary/Documents/GitHub/Oops-All-Ruins-/Oops_All_Ruins_U5/Content/Sounds/SpikesUp.uasset" 1624
"C:/Users/ROG Primary/Documents/GitHub/Oops-All-Ruins-/Oops_All_Ruins_U5/Content/Sounds/SpikesUp.uexp" 1625
"C:/Users/ROG Primary/Documents/GitHub/Oops-All-Ruins-/Oops_All_Ruins_U5/Content/Sounds/SpikesDown.ubulk" 1626
"C:/Users/ROG Primary/Documents/GitHub/Oops-All-Ruins-/Oops_All_Ruins_U5/Content/Sounds/SpikesDown.uasset" 1627
"C:/Users/ROG Primary/Documents/GitHub/Oops-All-Ruins-/Oops_All_Ruins_U5/Content/Sounds/SpikesDown.uexp" 1628
"C:/Users/ROG Primary/Documents/GitHub/Oops-All-Ruins-/Oops_All_Ruins_U5/Content/Sounds/eagJump.ubulk" 1629
"C:/Users/ROG Primary/Documents/GitHub/Oops-All-Ruins-/Oops_All_Ruins_U5/Content/Sounds/eagJump.uasset" 1630
"C:/Users/ROG Primary/Documents/GitHub/Oops-All-Ruins-/Oops_All_Ruins_U5/Content/Sounds/eagJump.uexp" 1631
"C:/Users/ROG Primary/Documents/GitHub/Oops-All-Ruins-/Oops_All_Ruins_U5/Content/Sounds/BoulderImpact.ubulk" 1632
"C:/Users/ROG Primary/Documents/GitHub/Oops-All-Ruins-/Oops_All_Ruins_U5/Content/Sounds/BoulderImpact.uasset" 1633
"C:/Users/ROG Primary/Documents/GitHub/Oops-All-Ruins-/Oops_All_Ruins_U5/Content/Sounds/BoulderImpact.uexp" 1634
"C:/Users/ROG Primary/Documents/GitHub/Oops-All-Ruins-/Oops_All_Ruins_U5/Content/Sounds/ArrowShoot.ubulk" 1635
"C:/Users/ROG Primary/Documents/GitHub/Oops-All-Ruins-/Oops_All_Ruins_U5/Content/Sounds/ArrowShoot.uasset" 1636
"C:/Users/ROG Primary/Documents/GitHub/Oops-All-Ruins-/Oops_All_Ruins_U5/Content/Sounds/ArrowShoot.uexp" 1637
"C:/Users/ROG Primary/Documents/GitHub/Oops-All-Ruins-/Oops_All_Ruins_U5/Content/StarterContent/Architecture/Wall_Window_400x400.ubulk" 1638
"C:/Users/ROG Primary/Documents/GitHub/Oops-All-Ruins-/Oops_All_Ruins_U5/Content/StarterContent/Architecture/Wall_Window_400x400.uasset" 1639
"C:/Users/ROG Primary/Documents/GitHub/Oops-All-Ruins-/Oops_All_Ruins_U5/Content/StarterContent/Architecture/Wall_Window_400x400.uexp" 1640
"C:/Users/ROG Primary/Documents/GitHub/Oops-All-Ruins-/Oops_All_Ruins_U5/Content/StarterContent/Architecture/Wall_Door_400x400.ubulk" 1641
"C:/Users/ROG Primary/Documents/GitHub/Oops-All-Ruins-/Oops_All_Ruins_U5/Content/StarterContent/Architecture/Wall_Door_400x400.uasset" 1642
"C:/Users/ROG Primary/Documents/GitHub/Oops-All-Ruins-/Oops_All_Ruins_U5/Content/StarterContent/Architecture/Wall_Door_400x400.uexp" 1643
"C:/Users/ROG Primary/Documents/GitHub/Oops-All-Ruins-/Oops_All_Ruins_U5/Content/StarterContent/Architecture/Wall_500x500.ubulk" 1644
"C:/Users/ROG Primary/Documents/GitHub/Oops-All-Ruins-/Oops_All_Ruins_U5/Content/StarterContent/Architecture/Wall_500x500.uasset" 1645
"C:/Users/ROG Primary/Documents/GitHub/Oops-All-Ruins-/Oops_All_Ruins_U5/Content/StarterContent/Architecture/Wall_500x500.uexp" 1646
"C:/Users/ROG Primary/Documents/GitHub/Oops-All-Ruins-/Oops_All_Ruins_U5/Content/StarterContent/Architecture/Wall_400x400.ubulk" 1647
"C:/Users/ROG Primary/Documents/GitHub/Oops-All-Ruins-/Oops_All_Ruins_U5/Content/StarterContent/Architecture/Wall_400x400.uasset" 1648
"C:/Users/ROG Primary/Documents/GitHub/Oops-All-Ruins-/Oops_All_Ruins_U5/Content/StarterContent/Architecture/Wall_400x400.uexp" 1649
"C:/Users/ROG Primary/Documents/GitHub/Oops-All-Ruins-/Oops_All_Ruins_U5/Content/StarterContent/Architecture/Wall_400x300.ubulk" 1650
"C:/Users/ROG Primary/Documents/GitHub/Oops-All-Ruins-/Oops_All_Ruins_U5/Content/StarterContent/Architecture/Wall_400x300.uasset" 1651
"C:/Users/ROG Primary/Documents/GitHub/Oops-All-Ruins-/Oops_All_Ruins_U5/Content/StarterContent/Architecture/Wall_400x300.uexp" 1652
"C:/Users/ROG Primary/Documents/GitHub/Oops-All-Ruins-/Oops_All_Ruins_U5/Content/StarterContent/Architecture/Pillar_50x500.ubulk" 1653
"C:/Users/ROG Primary/Documents/GitHub/Oops-All-Ruins-/Oops_All_Ruins_U5/Content/StarterContent/Architecture/Pillar_50x500.uasset" 1654
"C:/Users/ROG Primary/Documents/GitHub/Oops-All-Ruins-/Oops_All_Ruins_U5/Content/StarterContent/Architecture/Pillar_50x500.uexp" 1655
"C:/Users/ROG Primary/Documents/GitHub/Oops-All-Ruins-/Oops_All_Ruins_U5/Content/StarterContent/Audio/Steam01.ubulk" 1656
"C:/Users/ROG Primary/Documents/GitHub/Oops-All-Ruins-/Oops_All_Ruins_U5/Content/StarterContent/Audio/Steam01.uasset" 1657
"C:/Users/ROG Primary/Documents/GitHub/Oops-All-Ruins-/Oops_All_Ruins_U5/Content/StarterContent/Audio/Steam01.uexp" 1658
"C:/Users/ROG Primary/Documents/GitHub/Oops-All-Ruins-/Oops_All_Ruins_U5/Content/StarterContent/Audio/Starter_Wind06.ubulk" 1659
"C:/Users/ROG Primary/Documents/GitHub/Oops-All-Ruins-/Oops_All_Ruins_U5/Content/StarterContent/Audio/Starter_Wind06.uasset" 1660
"C:/Users/ROG Primary/Documents/GitHub/Oops-All-Ruins-/Oops_All_Ruins_U5/Content/StarterContent/Audio/Starter_Wind06.uexp" 1661
"C:/Users/ROG Primary/Documents/GitHub/Oops-All-Ruins-/Oops_All_Ruins_U5/Content/StarterContent/Audio/Starter_Wind05.ubulk" 1662
"C:/Users/ROG Primary/Documents/GitHub/Oops-All-Ruins-/Oops_All_Ruins_U5/Content/StarterContent/Audio/Starter_Wind05.uasset" 1663
"C:/Users/ROG Primary/Documents/GitHub/Oops-All-Ruins-/Oops_All_Ruins_U5/Content/StarterContent/Audio/Starter_Wind05.uexp" 1664
"C:/Users/ROG Primary/Documents/GitHub/Oops-All-Ruins-/Oops_All_Ruins_U5/Content/StarterContent/Audio/Starter_Music01.ubulk" 1665
"C:/Users/ROG Primary/Documents/GitHub/Oops-All-Ruins-/Oops_All_Ruins_U5/Content/StarterContent/Audio/Starter_Music01.uasset" 1666
"C:/Users/ROG Primary/Documents/GitHub/Oops-All-Ruins-/Oops_All_Ruins_U5/Content/StarterContent/Audio/Starter_Music01.uexp" 1667
"C:/Users/ROG Primary/Documents/GitHub/Oops-All-Ruins-/Oops_All_Ruins_U5/Content/StarterContent/Audio/Starter_Birds01.ubulk" 1668
"C:/Users/ROG Primary/Documents/GitHub/Oops-All-Ruins-/Oops_All_Ruins_U5/Content/StarterContent/Audio/Starter_Birds01.uasset" 1669
"C:/Users/ROG Primary/Documents/GitHub/Oops-All-Ruins-/Oops_All_Ruins_U5/Content/StarterContent/Audio/Starter_Birds01.uexp" 1670
"C:/Users/ROG Primary/Documents/GitHub/Oops-All-Ruins-/Oops_All_Ruins_U5/Content/StarterContent/Audio/Smoke01.ubulk" 1671
"C:/Users/ROG Primary/Documents/GitHub/Oops-All-Ruins-/Oops_All_Ruins_U5/Content/StarterContent/Audio/Smoke01.uasset" 1672
"C:/Users/ROG Primary/Documents/GitHub/Oops-All-Ruins-/Oops_All_Ruins_U5/Content/StarterContent/Audio/Smoke01.uexp" 1673
"C:/Users/ROG Primary/Documents/GitHub/Oops-All-Ruins-/Oops_All_Ruins_U5/Content/StarterContent/Audio/Light02_Cue.uasset" 1674
"C:/Users/ROG Primary/Documents/GitHub/Oops-All-Ruins-/Oops_All_Ruins_U5/Content/StarterContent/Audio/Light02_Cue.uexp" 1675
"C:/Users/ROG Primary/Documents/GitHub/Oops-All-Ruins-/Oops_All_Ruins_U5/Content/StarterContent/Audio/Light02.ubulk" 1676
"C:/Users/ROG Primary/Documents/GitHub/Oops-All-Ruins-/Oops_All_Ruins_U5/Content/StarterContent/Audio/Light02.uasset" 1677
"C:/Users/ROG Primary/Documents/GitHub/Oops-All-Ruins-/Oops_All_Ruins_U5/Content/StarterContent/Audio/Light02.uexp" 1678
"C:/Users/ROG Primary/Documents/GitHub/Oops-All-Ruins-/Oops_All_Ruins_U5/Content/StarterContent/Audio/Light01_Cue.uasset" 1679
"C:/Users/ROG Primary/Documents/GitHub/Oops-All-Ruins-/Oops_All_Ruins_U5/Content/StarterContent/Audio/Light01_Cue.uexp" 1680
"C:/Users/ROG Primary/Documents/GitHub/Oops-All-Ruins-/Oops_All_Ruins_U5/Content/StarterContent/Audio/Light01.ubulk" 1681
"C:/Users/ROG Primary/Documents/GitHub/Oops-All-Ruins-/Oops_All_Ruins_U5/Content/StarterContent/Audio/Light01.uasset" 1682
"C:/Users/ROG Primary/Documents/GitHub/Oops-All-Ruins-/Oops_All_Ruins_U5/Content/StarterContent/Audio/Light01.uexp" 1683
"C:/Users/ROG Primary/Documents/GitHub/Oops-All-Ruins-/Oops_All_Ruins_U5/Content/StarterContent/Audio/Fire_Sparks01.ubulk" 1684
"C:/Users/ROG Primary/Documents/GitHub/Oops-All-Ruins-/Oops_All_Ruins_U5/Content/StarterContent/Audio/Fire_Sparks01.uasset" 1685
"C:/Users/ROG Primary/Documents/GitHub/Oops-All-Ruins-/Oops_All_Ruins_U5/Content/StarterContent/Audio/Fire_Sparks01.uexp" 1686
"C:/Users/ROG Primary/Documents/GitHub/Oops-All-Ruins-/Oops_All_Ruins_U5/Content/StarterContent/Audio/Fire01.ubulk" 1687
"C:/Users/ROG Primary/Documents/GitHub/Oops-All-Ruins-/Oops_All_Ruins_U5/Content/StarterContent/Audio/Fire01.uasset" 1688
"C:/Users/ROG Primary/Documents/GitHub/Oops-All-Ruins-/Oops_All_Ruins_U5/Content/StarterContent/Audio/Fire01.uexp" 1689
"C:/Users/ROG Primary/Documents/GitHub/Oops-All-Ruins-/Oops_All_Ruins_U5/Content/StarterContent/Audio/Explosion02.ubulk" 1690
"C:/Users/ROG Primary/Documents/GitHub/Oops-All-Ruins-/Oops_All_Ruins_U5/Content/StarterContent/Audio/Explosion02.uasset" 1691
"C:/Users/ROG Primary/Documents/GitHub/Oops-All-Ruins-/Oops_All_Ruins_U5/Content/StarterContent/Audio/Explosion02.uexp" 1692
"C:/Users/ROG Primary/Documents/GitHub/Oops-All-Ruins-/Oops_All_Ruins_U5/Content/StarterContent/Audio/Explosion01.ubulk" 1693
"C:/Users/ROG Primary/Documents/GitHub/Oops-All-Ruins-/Oops_All_Ruins_U5/Content/StarterContent/Audio/Explosion01.uasset" 1694
"C:/Users/ROG Primary/Documents/GitHub/Oops-All-Ruins-/Oops_All_Ruins_U5/Content/StarterContent/Audio/Explosion01.uexp" 1695
"C:/Users/ROG Primary/Documents/GitHub/Oops-All-Ruins-/Oops_All_Ruins_U5/Content/StarterContent/Audio/Collapse02.ubulk" 1696
"C:/Users/ROG Primary/Documents/GitHub/Oops-All-Ruins-/Oops_All_Ruins_U5/Content/StarterContent/Audio/Collapse02.uasset" 1697
"C:/Users/ROG Primary/Documents/GitHub/Oops-All-Ruins-/Oops_All_Ruins_U5/Content/StarterContent/Audio/Collapse02.uexp" 1698
"C:/Users/ROG Primary/Documents/GitHub/Oops-All-Ruins-/Oops_All_Ruins_U5/Content/StarterContent/Audio/Collapse01.ubulk" 1699
"C:/Users/ROG Primary/Documents/GitHub/Oops-All-Ruins-/Oops_All_Ruins_U5/Content/StarterContent/Audio/Collapse01.uasset" 1700
"C:/Users/ROG Primary/Documents/GitHub/Oops-All-Ruins-/Oops_All_Ruins_U5/Content/StarterContent/Audio/Collapse01.uexp" 1701
"C:/Users/ROG Primary/Documents/GitHub/Oops-All-Ruins-/Oops_All_Ruins_U5/Content/StarterContent/Textures/T_Smoke_SubUV.ubulk" 1702
"C:/Users/ROG Primary/Documents/GitHub/Oops-All-Ruins-/Oops_All_Ruins_U5/Content/StarterContent/Textures/T_Smoke_SubUV.uasset" 1703
"C:/Users/ROG Primary/Documents/GitHub/Oops-All-Ruins-/Oops_All_Ruins_U5/Content/StarterContent/Textures/T_Smoke_SubUV.uexp" 1704
"C:/Users/ROG Primary/Documents/GitHub/Oops-All-Ruins-/Oops_All_Ruins_U5/Content/StarterContent/Textures/T_Smoke_Tiled_D.ubulk" 1705
"C:/Users/ROG Primary/Documents/GitHub/Oops-All-Ruins-/Oops_All_Ruins_U5/Content/StarterContent/Textures/T_Smoke_Tiled_D.uasset" 1706
"C:/Users/ROG Primary/Documents/GitHub/Oops-All-Ruins-/Oops_All_Ruins_U5/Content/StarterContent/Textures/T_Smoke_Tiled_D.uexp" 1707
"C:/Users/ROG Primary/Documents/GitHub/Oops-All-Ruins-/Oops_All_Ruins_U5/Content/StarterContent/Particles/Materials/M_smoke_subUV.uasset" 1708
"C:/Users/ROG Primary/Documents/GitHub/Oops-All-Ruins-/Oops_All_Ruins_U5/Content/StarterContent/Particles/Materials/M_smoke_subUV.uexp" 1709
"C:/Users/ROG Primary/Documents/GitHub/Oops-All-Ruins-/Oops_All_Ruins_U5/Content/StarterContent/Textures/T_Burst_M.ubulk" 1710
"C:/Users/ROG Primary/Documents/GitHub/Oops-All-Ruins-/Oops_All_Ruins_U5/Content/StarterContent/Textures/T_Burst_M.uasset" 1711
"C:/Users/ROG Primary/Documents/GitHub/Oops-All-Ruins-/Oops_All_Ruins_U5/Content/StarterContent/Textures/T_Burst_M.uexp" 1712
"C:/Users/ROG Primary/Documents/GitHub/Oops-All-Ruins-/Oops_All_Ruins_U5/Content/StarterContent/Particles/Materials/M_Burst.uasset" 1713
"C:/Users/ROG Primary/Documents/GitHub/Oops-All-Ruins-/Oops_All_Ruins_U5/Content/StarterContent/Particles/Materials/M_Burst.uexp" 1714
"C:/Users/ROG Primary/Documents/GitHub/Oops-All-Ruins-/Oops_All_Ruins_U5/Content/StarterContent/Particles/Materials/m_flare_01.uasset" 1715
"C:/Users/ROG Primary/Documents/GitHub/Oops-All-Ruins-/Oops_All_Ruins_U5/Content/StarterContent/Particles/Materials/m_flare_01.uexp" 1716
"C:/Users/ROG Primary/Documents/GitHub/Oops-All-Ruins-/Oops_All_Ruins_U5/Content/StarterContent/Textures/T_Explosion_SubUV.ubulk" 1717
"C:/Users/ROG Primary/Documents/GitHub/Oops-All-Ruins-/Oops_All_Ruins_U5/Content/StarterContent/Textures/T_Explosion_SubUV.uasset" 1718
"C:/Users/ROG Primary/Documents/GitHub/Oops-All-Ruins-/Oops_All_Ruins_U5/Content/StarterContent/Textures/T_Explosion_SubUV.uexp" 1719
"C:/Users/ROG Primary/Documents/GitHub/Oops-All-Ruins-/Oops_All_Ruins_U5/Content/StarterContent/Particles/Materials/M_explosion_subUV.uasset" 1720
"C:/Users/ROG Primary/Documents/GitHub/Oops-All-Ruins-/Oops_All_Ruins_U5/Content/StarterContent/Particles/Materials/M_explosion_subUV.uexp" 1721
"../../../Engine/Content/Functions/Engine_MaterialFunctions01/Gradient/RadialGradient.uasset" 1722
"../../../Engine/Content/Functions/Engine_MaterialFunctions01/Gradient/RadialGradient.uexp" 1723
"C:/Users/ROG Primary/Documents/GitHub/Oops-All-Ruins-/Oops_All_Ruins_U5/Content/StarterContent/Particles/Materials/M_radial_ramp.uasset" 1724
"C:/Users/ROG Primary/Documents/GitHub/Oops-All-Ruins-/Oops_All_Ruins_U5/Content/StarterContent/Particles/Materials/M_radial_ramp.uexp" 1725
"C:/Users/ROG Primary/Documents/GitHub/Oops-All-Ruins-/Oops_All_Ruins_U5/Content/StarterContent/Particles/P_Explosion.uasset" 1726
"C:/Users/ROG Primary/Documents/GitHub/Oops-All-Ruins-/Oops_All_Ruins_U5/Content/StarterContent/Particles/P_Explosion.uexp" 1727
"C:/Users/ROG Primary/Documents/GitHub/Oops-All-Ruins-/Oops_All_Ruins_U5/Content/StarterContent/Audio/Explosion_Cue.uasset" 1728
"C:/Users/ROG Primary/Documents/GitHub/Oops-All-Ruins-/Oops_All_Ruins_U5/Content/StarterContent/Audio/Explosion_Cue.uexp" 1729
"C:/Users/ROG Primary/Documents/GitHub/Oops-All-Ruins-/Oops_All_Ruins_U5/Content/StarterContent/Blueprints/Blueprint_Effect_Explosion.uasset" 1730
"C:/Users/ROG Primary/Documents/GitHub/Oops-All-Ruins-/Oops_All_Ruins_U5/Content/StarterContent/Blueprints/Blueprint_Effect_Explosion.uexp" 1731
"../../../Engine/Content/EditorMeshes/ColorCalibrator/T_ColorGrid.ubulk" 1732
"../../../Engine/Content/EditorMeshes/ColorCalibrator/T_ColorGrid.uasset" 1733
"../../../Engine/Content/EditorMeshes/ColorCalibrator/T_ColorGrid.uexp" 1734
"C:/Users/ROG Primary/Documents/GitHub/Oops-All-Ruins-/Oops_All_Ruins_U5/Content/StarterContent/Materials/M_ColorGrid_LowSpec.uasset" 1735
"C:/Users/ROG Primary/Documents/GitHub/Oops-All-Ruins-/Oops_All_Ruins_U5/Content/StarterContent/Materials/M_ColorGrid_LowSpec.uexp" 1736
"C:/Users/ROG Primary/Documents/GitHub/Oops-All-Ruins-/Oops_All_Ruins_U5/Content/StarterContent/Materials/M_Basic_Floor.uasset" 1737
"C:/Users/ROG Primary/Documents/GitHub/Oops-All-Ruins-/Oops_All_Ruins_U5/Content/StarterContent/Materials/M_Basic_Floor.uexp" 1738
"C:/Users/ROG Primary/Documents/GitHub/Oops-All-Ruins-/Oops_All_Ruins_U5/Content/StarterContent/Props/SM_Stairs.ubulk" 1739
"C:/Users/ROG Primary/Documents/GitHub/Oops-All-Ruins-/Oops_All_Ruins_U5/Content/StarterContent/Props/SM_Stairs.uasset" 1740
"C:/Users/ROG Primary/Documents/GitHub/Oops-All-Ruins-/Oops_All_Ruins_U5/Content/StarterContent/Props/SM_Stairs.uexp" 1741
"C:/Users/ROG Primary/Documents/GitHub/Oops-All-Ruins-/Oops_All_Ruins_U5/Content/StarterContent/Textures/T_Shelf_N.ubulk" 1742
"C:/Users/ROG Primary/Documents/GitHub/Oops-All-Ruins-/Oops_All_Ruins_U5/Content/StarterContent/Textures/T_Shelf_N.uasset" 1743
"C:/Users/ROG Primary/Documents/GitHub/Oops-All-Ruins-/Oops_All_Ruins_U5/Content/StarterContent/Textures/T_Shelf_N.uexp" 1744
"C:/Users/ROG Primary/Documents/GitHub/Oops-All-Ruins-/Oops_All_Ruins_U5/Content/StarterContent/Textures/T_Shelf_M.ubulk" 1745
"C:/Users/ROG Primary/Documents/GitHub/Oops-All-Ruins-/Oops_All_Ruins_U5/Content/StarterContent/Textures/T_Shelf_M.uasset" 1746
"C:/Users/ROG Primary/Documents/GitHub/Oops-All-Ruins-/Oops_All_Ruins_U5/Content/StarterContent/Textures/T_Shelf_M.uexp" 1747
"C:/Users/ROG Primary/Documents/GitHub/Oops-All-Ruins-/Oops_All_Ruins_U5/Content/StarterContent/Props/Materials/M_Shelf.uasset" 1748
"C:/Users/ROG Primary/Documents/GitHub/Oops-All-Ruins-/Oops_All_Ruins_U5/Content/StarterContent/Props/Materials/M_Shelf.uexp" 1749
"C:/Users/ROG Primary/Documents/GitHub/Oops-All-Ruins-/Oops_All_Ruins_U5/Content/StarterContent/Props/SM_Shelf.ubulk" 1750
"C:/Users/ROG Primary/Documents/GitHub/Oops-All-Ruins-/Oops_All_Ruins_U5/Content/StarterContent/Props/SM_Shelf.uasset" 1751
"C:/Users/ROG Primary/Documents/GitHub/Oops-All-Ruins-/Oops_All_Ruins_U5/Content/StarterContent/Props/SM_Shelf.uexp" 1752
"C:/Users/ROG Primary/Documents/GitHub/Oops-All-Ruins-/Oops_All_Ruins_U5/Content/StarterContent/Textures/T_Detail_Rocky_N.ubulk" 1753
"C:/Users/ROG Primary/Documents/GitHub/Oops-All-Ruins-/Oops_All_Ruins_U5/Content/StarterContent/Textures/T_Detail_Rocky_N.uasset" 1754
"C:/Users/ROG Primary/Documents/GitHub/Oops-All-Ruins-/Oops_All_Ruins_U5/Content/StarterContent/Textures/T_Detail_Rocky_N.uexp" 1755
"C:/Users/ROG Primary/Documents/GitHub/Oops-All-Ruins-/Oops_All_Ruins_U5/Content/StarterContent/Textures/T_Rock_Basalt_D.ubulk" 1756
"C:/Users/ROG Primary/Documents/GitHub/Oops-All-Ruins-/Oops_All_Ruins_U5/Content/StarterContent/Textures/T_Rock_Basalt_D.uasset" 1757
"C:/Users/ROG Primary/Documents/GitHub/Oops-All-Ruins-/Oops_All_Ruins_U5/Content/StarterContent/Textures/T_Rock_Basalt_D.uexp" 1758
"C:/Users/ROG Primary/Documents/GitHub/Oops-All-Ruins-/Oops_All_Ruins_U5/Content/StarterContent/Textures/T_RockMesh_N.ubulk" 1759
"C:/Users/ROG Primary/Documents/GitHub/Oops-All-Ruins-/Oops_All_Ruins_U5/Content/StarterContent/Textures/T_RockMesh_N.uasset" 1760
"C:/Users/ROG Primary/Documents/GitHub/Oops-All-Ruins-/Oops_All_Ruins_U5/Content/StarterContent/Textures/T_RockMesh_N.uexp" 1761
"C:/Users/ROG Primary/Documents/GitHub/Oops-All-Ruins-/Oops_All_Ruins_U5/Content/StarterContent/Textures/T_RockMesh_M.ubulk" 1762
"C:/Users/ROG Primary/Documents/GitHub/Oops-All-Ruins-/Oops_All_Ruins_U5/Content/StarterContent/Textures/T_RockMesh_M.uasset" 1763
"C:/Users/ROG Primary/Documents/GitHub/Oops-All-Ruins-/Oops_All_Ruins_U5/Content/StarterContent/Textures/T_RockMesh_M.uexp" 1764
"C:/Users/ROG Primary/Documents/GitHub/Oops-All-Ruins-/Oops_All_Ruins_U5/Content/StarterContent/Props/Materials/M_Rock.uasset" 1765
"C:/Users/ROG Primary/Documents/GitHub/Oops-All-Ruins-/Oops_All_Ruins_U5/Content/StarterContent/Props/Materials/M_Rock.uexp" 1766
"C:/Users/ROG Primary/Documents/GitHub/Oops-All-Ruins-/Oops_All_Ruins_U5/Content/StarterContent/Props/SM_Rock.ubulk" 1767
"C:/Users/ROG Primary/Documents/GitHub/Oops-All-Ruins-/Oops_All_Ruins_U5/Content/StarterContent/Props/SM_Rock.uasset" 1768
"C:/Users/ROG Primary/Documents/GitHub/Oops-All-Ruins-/Oops_All_Ruins_U5/Content/StarterContent/Props/SM_Rock.uexp" 1769
"C:/Users/ROG Primary/Documents/GitHub/Oops-All-Ruins-/Oops_All_Ruins_U5/Content/StarterContent/Props/Materials/M_MaterialSphere_Plain.uasset" 1770
"C:/Users/ROG Primary/Documents/GitHub/Oops-All-Ruins-/Oops_All_Ruins_U5/Content/StarterContent/Props/Materials/M_MaterialSphere_Plain.uexp" 1771
"C:/Users/ROG Primary/Documents/GitHub/Oops-All-Ruins-/Oops_All_Ruins_U5/Content/StarterContent/Props/Materials/M_MaterialSphere.uasset" 1772
"C:/Users/ROG Primary/Documents/GitHub/Oops-All-Ruins-/Oops_All_Ruins_U5/Content/StarterContent/Props/Materials/M_MaterialSphere.uexp" 1773
"C:/Users/ROG Primary/Documents/GitHub/Oops-All-Ruins-/Oops_All_Ruins_U5/Content/StarterContent/Props/SM_MatPreviewMesh_02.ubulk" 1774
"C:/Users/ROG Primary/Documents/GitHub/Oops-All-Ruins-/Oops_All_Ruins_U5/Content/StarterContent/Props/SM_MatPreviewMesh_02.uasset" 1775
"C:/Users/ROG Primary/Documents/GitHub/Oops-All-Ruins-/Oops_All_Ruins_U5/Content/StarterContent/Props/SM_MatPreviewMesh_02.uexp" 1776
"C:/Users/ROG Primary/Documents/GitHub/Oops-All-Ruins-/Oops_All_Ruins_U5/Content/StarterContent/Materials/M_Glass.uasset" 1777
"C:/Users/ROG Primary/Documents/GitHub/Oops-All-Ruins-/Oops_All_Ruins_U5/Content/StarterContent/Materials/M_Glass.uexp" 1778
"C:/Users/ROG Primary/Documents/GitHub/Oops-All-Ruins-/Oops_All_Ruins_U5/Content/StarterContent/Textures/T_Door_N.ubulk" 1779
"C:/Users/ROG Primary/Documents/GitHub/Oops-All-Ruins-/Oops_All_Ruins_U5/Content/StarterContent/Textures/T_Door_N.uasset" 1780
"C:/Users/ROG Primary/Documents/GitHub/Oops-All-Ruins-/Oops_All_Ruins_U5/Content/StarterContent/Textures/T_Door_N.uexp" 1781
"C:/Users/ROG Primary/Documents/GitHub/Oops-All-Ruins-/Oops_All_Ruins_U5/Content/StarterContent/Textures/T_Door_M.ubulk" 1782
"C:/Users/ROG Primary/Documents/GitHub/Oops-All-Ruins-/Oops_All_Ruins_U5/Content/StarterContent/Textures/T_Door_M.uasset" 1783
"C:/Users/ROG Primary/Documents/GitHub/Oops-All-Ruins-/Oops_All_Ruins_U5/Content/StarterContent/Textures/T_Door_M.uexp" 1784
"C:/Users/ROG Primary/Documents/GitHub/Oops-All-Ruins-/Oops_All_Ruins_U5/Content/StarterContent/Props/Materials/M_Door.uasset" 1785
"C:/Users/ROG Primary/Documents/GitHub/Oops-All-Ruins-/Oops_All_Ruins_U5/Content/StarterContent/Props/Materials/M_Door.uexp" 1786
"C:/Users/ROG Primary/Documents/GitHub/Oops-All-Ruins-/Oops_All_Ruins_U5/Content/StarterContent/Props/SM_Door.ubulk" 1787
"C:/Users/ROG Primary/Documents/GitHub/Oops-All-Ruins-/Oops_All_Ruins_U5/Content/StarterContent/Props/SM_Door.uasset" 1788
"C:/Users/ROG Primary/Documents/GitHub/Oops-All-Ruins-/Oops_All_Ruins_U5/Content/StarterContent/Props/SM_Door.uexp" 1789
"C:/Users/ROG Primary/Documents/GitHub/Oops-All-Ruins-/Oops_All_Ruins_U5/Content/StarterContent/Textures/T_Chair_N.ubulk" 1790
"C:/Users/ROG Primary/Documents/GitHub/Oops-All-Ruins-/Oops_All_Ruins_U5/Content/StarterContent/Textures/T_Chair_N.uasset" 1791
"C:/Users/ROG Primary/Documents/GitHub/Oops-All-Ruins-/Oops_All_Ruins_U5/Content/StarterContent/Textures/T_Chair_N.uexp" 1792
"C:/Users/ROG Primary/Documents/GitHub/Oops-All-Ruins-/Oops_All_Ruins_U5/Content/StarterContent/Textures/T_Chair_M.ubulk" 1793
"C:/Users/ROG Primary/Documents/GitHub/Oops-All-Ruins-/Oops_All_Ruins_U5/Content/StarterContent/Textures/T_Chair_M.uasset" 1794
"C:/Users/ROG Primary/Documents/GitHub/Oops-All-Ruins-/Oops_All_Ruins_U5/Content/StarterContent/Textures/T_Chair_M.uexp" 1795
"C:/Users/ROG Primary/Documents/GitHub/Oops-All-Ruins-/Oops_All_Ruins_U5/Content/StarterContent/Props/Materials/M_Chair.uasset" 1796
"C:/Users/ROG Primary/Documents/GitHub/Oops-All-Ruins-/Oops_All_Ruins_U5/Content/StarterContent/Props/Materials/M_Chair.uexp" 1797
"C:/Users/ROG Primary/Documents/GitHub/Oops-All-Ruins-/Oops_All_Ruins_U5/Content/StarterContent/Props/SM_Couch.ubulk" 1798
"C:/Users/ROG Primary/Documents/GitHub/Oops-All-Ruins-/Oops_All_Ruins_U5/Content/StarterContent/Props/SM_Couch.uasset" 1799
"C:/Users/ROG Primary/Documents/GitHub/Oops-All-Ruins-/Oops_All_Ruins_U5/Content/StarterContent/Props/SM_Couch.uexp" 1800
"C:/Users/ROG Primary/Documents/GitHub/Oops-All-Ruins-/Oops_All_Ruins_U5/Content/StarterContent/Textures/T_Bush_N.ubulk" 1801
"C:/Users/ROG Primary/Documents/GitHub/Oops-All-Ruins-/Oops_All_Ruins_U5/Content/StarterContent/Textures/T_Bush_N.uasset" 1802
"C:/Users/ROG Primary/Documents/GitHub/Oops-All-Ruins-/Oops_All_Ruins_U5/Content/StarterContent/Textures/T_Bush_N.uexp" 1803
"C:/Users/ROG Primary/Documents/GitHub/Oops-All-Ruins-/Oops_All_Ruins_U5/Content/StarterContent/Textures/T_Bush_D.ubulk" 1804
"C:/Users/ROG Primary/Documents/GitHub/Oops-All-Ruins-/Oops_All_Ruins_U5/Content/StarterContent/Textures/T_Bush_D.uasset" 1805
"C:/Users/ROG Primary/Documents/GitHub/Oops-All-Ruins-/Oops_All_Ruins_U5/Content/StarterContent/Textures/T_Bush_D.uexp" 1806
"C:/Users/ROG Primary/Documents/GitHub/Oops-All-Ruins-/Oops_All_Ruins_U5/Content/StarterContent/Props/Materials/M_Bush.uasset" 1807
"C:/Users/ROG Primary/Documents/GitHub/Oops-All-Ruins-/Oops_All_Ruins_U5/Content/StarterContent/Props/Materials/M_Bush.uexp" 1808
"C:/Users/ROG Primary/Documents/GitHub/Oops-All-Ruins-/Oops_All_Ruins_U5/Content/StarterContent/Props/SM_Bush.ubulk" 1809
"C:/Users/ROG Primary/Documents/GitHub/Oops-All-Ruins-/Oops_All_Ruins_U5/Content/StarterContent/Props/SM_Bush.uasset" 1810
"C:/Users/ROG Primary/Documents/GitHub/Oops-All-Ruins-/Oops_All_Ruins_U5/Content/StarterContent/Props/SM_Bush.uexp" 1811
"C:/Users/ROG Primary/Documents/GitHub/Oops-All-Ruins-/Oops_All_Ruins_U5/Content/StarterContent/Shapes/Shape_WideCapsule.ubulk" 1812
"C:/Users/ROG Primary/Documents/GitHub/Oops-All-Ruins-/Oops_All_Ruins_U5/Content/StarterContent/Shapes/Shape_WideCapsule.uasset" 1813
"C:/Users/ROG Primary/Documents/GitHub/Oops-All-Ruins-/Oops_All_Ruins_U5/Content/StarterContent/Shapes/Shape_WideCapsule.uexp" 1814
"C:/Users/ROG Primary/Documents/GitHub/Oops-All-Ruins-/Oops_All_Ruins_U5/Content/StarterContent/Shapes/Shape_Wedge_B.ubulk" 1815
"C:/Users/ROG Primary/Documents/GitHub/Oops-All-Ruins-/Oops_All_Ruins_U5/Content/StarterContent/Shapes/Shape_Wedge_B.uasset" 1816
"C:/Users/ROG Primary/Documents/GitHub/Oops-All-Ruins-/Oops_All_Ruins_U5/Content/StarterContent/Shapes/Shape_Wedge_B.uexp" 1817
"C:/Users/ROG Primary/Documents/GitHub/Oops-All-Ruins-/Oops_All_Ruins_U5/Content/StarterContent/Shapes/Shape_Wedge_A.ubulk" 1818
"C:/Users/ROG Primary/Documents/GitHub/Oops-All-Ruins-/Oops_All_Ruins_U5/Content/StarterContent/Shapes/Shape_Wedge_A.uasset" 1819
"C:/Users/ROG Primary/Documents/GitHub/Oops-All-Ruins-/Oops_All_Ruins_U5/Content/StarterContent/Shapes/Shape_Wedge_A.uexp" 1820
"C:/Users/ROG Primary/Documents/GitHub/Oops-All-Ruins-/Oops_All_Ruins_U5/Content/StarterContent/Shapes/Shape_Tube.ubulk" 1821
"C:/Users/ROG Primary/Documents/GitHub/Oops-All-Ruins-/Oops_All_Ruins_U5/Content/StarterContent/Shapes/Shape_Tube.uasset" 1822
"C:/Users/ROG Primary/Documents/GitHub/Oops-All-Ruins-/Oops_All_Ruins_U5/Content/StarterContent/Shapes/Shape_Tube.uexp" 1823
"C:/Users/ROG Primary/Documents/GitHub/Oops-All-Ruins-/Oops_All_Ruins_U5/Content/StarterContent/Shapes/Shape_TriPyramid.ubulk" 1824
"C:/Users/ROG Primary/Documents/GitHub/Oops-All-Ruins-/Oops_All_Ruins_U5/Content/StarterContent/Shapes/Shape_TriPyramid.uasset" 1825
"C:/Users/ROG Primary/Documents/GitHub/Oops-All-Ruins-/Oops_All_Ruins_U5/Content/StarterContent/Shapes/Shape_TriPyramid.uexp" 1826
"C:/Users/ROG Primary/Documents/GitHub/Oops-All-Ruins-/Oops_All_Ruins_U5/Content/StarterContent/Shapes/Shape_Trim_90_Out.ubulk" 1827
"C:/Users/ROG Primary/Documents/GitHub/Oops-All-Ruins-/Oops_All_Ruins_U5/Content/StarterContent/Shapes/Shape_Trim_90_Out.uasset" 1828
"C:/Users/ROG Primary/Documents/GitHub/Oops-All-Ruins-/Oops_All_Ruins_U5/Content/StarterContent/Shapes/Shape_Trim_90_Out.uexp" 1829
"C:/Users/ROG Primary/Documents/GitHub/Oops-All-Ruins-/Oops_All_Ruins_U5/Content/StarterContent/Shapes/Shape_Trim_90_In.ubulk" 1830
"C:/Users/ROG Primary/Documents/GitHub/Oops-All-Ruins-/Oops_All_Ruins_U5/Content/StarterContent/Shapes/Shape_Trim_90_In.uasset" 1831
"C:/Users/ROG Primary/Documents/GitHub/Oops-All-Ruins-/Oops_All_Ruins_U5/Content/StarterContent/Shapes/Shape_Trim_90_In.uexp" 1832
"C:/Users/ROG Primary/Documents/GitHub/Oops-All-Ruins-/Oops_All_Ruins_U5/Content/StarterContent/Shapes/Shape_Trim.ubulk" 1833
"C:/Users/ROG Primary/Documents/GitHub/Oops-All-Ruins-/Oops_All_Ruins_U5/Content/StarterContent/Shapes/Shape_Trim.uasset" 1834
"C:/Users/ROG Primary/Documents/GitHub/Oops-All-Ruins-/Oops_All_Ruins_U5/Content/StarterContent/Shapes/Shape_Trim.uexp" 1835
"C:/Users/ROG Primary/Documents/GitHub/Oops-All-Ruins-/Oops_All_Ruins_U5/Content/StarterContent/Shapes/Shape_Torus.ubulk" 1836
"C:/Users/ROG Primary/Documents/GitHub/Oops-All-Ruins-/Oops_All_Ruins_U5/Content/StarterContent/Shapes/Shape_Torus.uasset" 1837
"C:/Users/ROG Primary/Documents/GitHub/Oops-All-Ruins-/Oops_All_Ruins_U5/Content/StarterContent/Shapes/Shape_Torus.uexp" 1838
"C:/Users/ROG Primary/Documents/GitHub/Oops-All-Ruins-/Oops_All_Ruins_U5/Content/StarterContent/Shapes/Shape_Pipe_90.ubulk" 1839
"C:/Users/ROG Primary/Documents/GitHub/Oops-All-Ruins-/Oops_All_Ruins_U5/Content/StarterContent/Shapes/Shape_Pipe_90.uasset" 1840
"C:/Users/ROG Primary/Documents/GitHub/Oops-All-Ruins-/Oops_All_Ruins_U5/Content/StarterContent/Shapes/Shape_Pipe_90.uexp" 1841
"C:/Users/ROG Primary/Documents/GitHub/Oops-All-Ruins-/Oops_All_Ruins_U5/Content/StarterContent/Shapes/Shape_Pipe_180.ubulk" 1842
"C:/Users/ROG Primary/Documents/GitHub/Oops-All-Ruins-/Oops_All_Ruins_U5/Content/StarterContent/Shapes/Shape_Pipe_180.uasset" 1843
"C:/Users/ROG Primary/Documents/GitHub/Oops-All-Ruins-/Oops_All_Ruins_U5/Content/StarterContent/Shapes/Shape_Pipe_180.uexp" 1844
"C:/Users/ROG Primary/Documents/GitHub/Oops-All-Ruins-/Oops_All_Ruins_U5/Content/StarterContent/Shapes/Shape_Pipe.ubulk" 1845
"C:/Users/ROG Primary/Documents/GitHub/Oops-All-Ruins-/Oops_All_Ruins_U5/Content/StarterContent/Shapes/Shape_Pipe.uasset" 1846
"C:/Users/ROG Primary/Documents/GitHub/Oops-All-Ruins-/Oops_All_Ruins_U5/Content/StarterContent/Shapes/Shape_Pipe.uexp" 1847
"C:/Users/ROG Primary/Documents/GitHub/Oops-All-Ruins-/Oops_All_Ruins_U5/Content/StarterContent/Shapes/Shape_NarrowCapsule.ubulk" 1848
"C:/Users/ROG Primary/Documents/GitHub/Oops-All-Ruins-/Oops_All_Ruins_U5/Content/StarterContent/Shapes/Shape_NarrowCapsule.uasset" 1849
"C:/Users/ROG Primary/Documents/GitHub/Oops-All-Ruins-/Oops_All_Ruins_U5/Content/StarterContent/Shapes/Shape_NarrowCapsule.uexp" 1850
"C:/Users/ROG Primary/Documents/GitHub/Oops-All-Ruins-/Oops_All_Ruins_U5/Content/StarterContent/Shapes/Shape_Cylinder.ubulk" 1851
"C:/Users/ROG Primary/Documents/GitHub/Oops-All-Ruins-/Oops_All_Ruins_U5/Content/StarterContent/Shapes/Shape_Cylinder.uasset" 1852
"C:/Users/ROG Primary/Documents/GitHub/Oops-All-Ruins-/Oops_All_Ruins_U5/Content/StarterContent/Shapes/Shape_Cylinder.uexp" 1853
"C:/Users/ROG Primary/Documents/GitHub/Oops-All-Ruins-/Oops_All_Ruins_U5/Content/StarterContent/Shapes/Shape_Cone.ubulk" 1854
"C:/Users/ROG Primary/Documents/GitHub/Oops-All-Ruins-/Oops_All_Ruins_U5/Content/StarterContent/Shapes/Shape_Cone.uasset" 1855
"C:/Users/ROG Primary/Documents/GitHub/Oops-All-Ruins-/Oops_All_Ruins_U5/Content/StarterContent/Shapes/Shape_Cone.uexp" 1856
"C:/Users/ROG Primary/Documents/GitHub/Oops-All-Ruins-/Oops_All_Ruins_U5/Content/ThirdPerson/Blueprints/BP_ThirdPersonGameMode_New.uasset" 1857
"C:/Users/ROG Primary/Documents/GitHub/Oops-All-Ruins-/Oops_All_Ruins_U5/Content/ThirdPerson/Blueprints/BP_ThirdPersonGameMode_New.uexp" 1858
"C:/Users/ROG Primary/Documents/GitHub/Oops-All-Ruins-/Oops_All_Ruins_U5/Content/ThirdPerson/Blueprints/BP_ThirdPersonCharacterProGamers.uasset" 1859
"C:/Users/ROG Primary/Documents/GitHub/Oops-All-Ruins-/Oops_All_Ruins_U5/Content/ThirdPerson/Blueprints/BP_ThirdPersonCharacterProGamers.uexp" 1860
"C:/Users/ROG Primary/Documents/GitHub/Oops-All-Ruins-/Oops_All_Ruins_U5/Content/ThirdPerson/Blueprints/Basic_Impact.uasset" 1861
"C:/Users/ROG Primary/Documents/GitHub/Oops-All-Ruins-/Oops_All_Ruins_U5/Content/ThirdPerson/Blueprints/Basic_Impact.uexp" 1862
"C:/Users/ROG Primary/Documents/GitHub/Oops-All-Ruins-/Oops_All_Ruins_U5/Content/Widgets/WB_JoinSession.uasset" 1863
"C:/Users/ROG Primary/Documents/GitHub/Oops-All-Ruins-/Oops_All_Ruins_U5/Content/Widgets/WB_JoinSession.uexp" 1864
"C:/Users/ROG Primary/Documents/GitHub/Oops-All-Ruins-/Oops_All_Ruins_U5/Content/Widgets/WB_FindSession.uasset" 1865
"C:/Users/ROG Primary/Documents/GitHub/Oops-All-Ruins-/Oops_All_Ruins_U5/Content/Widgets/WB_FindSession.uexp" 1866
"C:/Users/ROG Primary/Documents/GitHub/Oops-All-Ruins-/Oops_All_Ruins_U5/Content/Widgets/WB_LeaveSession.uasset" 1867
"C:/Users/ROG Primary/Documents/GitHub/Oops-All-Ruins-/Oops_All_Ruins_U5/Content/Widgets/WB_LeaveSession.uexp" 1868
"../../../Engine/Content/EngineFonts/Faces/RobotoTiny.uexp" 1869
"../../../Engine/Content/EngineFonts/Faces/RobotoTiny.uasset" 1870
"../../../Engine/Content/EngineFonts/Faces/RobotoTiny.ufont" 1871
"../../../Engine/Content/EngineFonts/RobotoTiny.uasset" 1872
"../../../Engine/Content/EngineFonts/RobotoTiny.uexp" 1873
"C:/Users/ROG Primary/Documents/GitHub/Oops-All-Ruins-/Oops_All_Ruins_U5/Content/Widgets/WB_CreateSession.uasset" 1874
"C:/Users/ROG Primary/Documents/GitHub/Oops-All-Ruins-/Oops_All_Ruins_U5/Content/Widgets/WB_CreateSession.uexp" 1875
"C:/Users/ROG Primary/Documents/GitHub/Oops-All-Ruins-/Oops_All_Ruins_U5/Content/Widgets/WB_Sessions.uasset" 1876
"C:/Users/ROG Primary/Documents/GitHub/Oops-All-Ruins-/Oops_All_Ruins_U5/Content/Widgets/WB_Sessions.uexp" 1877
"C:/Users/ROG Primary/Documents/GitHub/Oops-All-Ruins-/Oops_All_Ruins_U5/Content/ThirdPerson/Blueprints/MainMenu/PC_MainMenu.uasset" 1878
"C:/Users/ROG Primary/Documents/GitHub/Oops-All-Ruins-/Oops_All_Ruins_U5/Content/ThirdPerson/Blueprints/MainMenu/PC_MainMenu.uexp" 1879
"C:/Users/ROG Primary/Documents/GitHub/Oops-All-Ruins-/Oops_All_Ruins_U5/Content/ThirdPerson/Blueprints/MainMenu/BP_GM_MainMenu.uasset" 1880
"C:/Users/ROG Primary/Documents/GitHub/Oops-All-Ruins-/Oops_All_Ruins_U5/Content/ThirdPerson/Blueprints/MainMenu/BP_GM_MainMenu.uexp" 1881
"C:/Users/ROG Primary/Documents/GitHub/Oops-All-Ruins-/Oops_All_Ruins_U5/Content/ThirdPerson/Blueprints/MainMenu/BP_PS_BasicSetup.uasset" 1882
"C:/Users/ROG Primary/Documents/GitHub/Oops-All-Ruins-/Oops_All_Ruins_U5/Content/ThirdPerson/Blueprints/MainMenu/BP_PS_BasicSetup.uexp" 1883
"C:/Users/ROG Primary/Documents/GitHub/Oops-All-Ruins-/Oops_All_Ruins_U5/Content/ThirdPerson/Blueprints/MainMenu/BP_GS_BasicSetup.uasset" 1884
"C:/Users/ROG Primary/Documents/GitHub/Oops-All-Ruins-/Oops_All_Ruins_U5/Content/ThirdPerson/Blueprints/MainMenu/BP_GS_BasicSetup.uexp" 1885
"C:/Users/ROG Primary/Documents/GitHub/Oops-All-Ruins-/Oops_All_Ruins_U5/Content/ThirdPerson/Maps/ThirdPersonMap_BuiltData.ubulk" 1886
"C:/Users/ROG Primary/Documents/GitHub/Oops-All-Ruins-/Oops_All_Ruins_U5/Content/ThirdPerson/Maps/ThirdPersonMap_BuiltData.uasset" 1887
"C:/Users/ROG Primary/Documents/GitHub/Oops-All-Ruins-/Oops_All_Ruins_U5/Content/ThirdPerson/Maps/ThirdPersonMap_BuiltData.uexp" 1888
"C:/Users/ROG Primary/Documents/GitHub/Oops-All-Ruins-/Oops_All_Ruins_U5/Content/Images/OopsLogopsd.uasset" 1889
"C:/Users/ROG Primary/Documents/GitHub/Oops-All-Ruins-/Oops_All_Ruins_U5/Content/Images/OopsLogopsd.uexp" 1890
"C:/Users/ROG Primary/Documents/GitHub/Oops-All-Ruins-/Oops_All_Ruins_U5/Content/Images/Loading_screen_images/OopsLV1Last.uasset" 1891
"C:/Users/ROG Primary/Documents/GitHub/Oops-All-Ruins-/Oops_All_Ruins_U5/Content/Images/Loading_screen_images/OopsLV1Last.uexp" 1892
"C:/Users/ROG Primary/Documents/GitHub/Oops-All-Ruins-/Oops_All_Ruins_U5/Content/Images/Loading_screen_1.uasset" 1893
"C:/Users/ROG Primary/Documents/GitHub/Oops-All-Ruins-/Oops_All_Ruins_U5/Content/Images/Loading_screen_1.uexp" 1894
"C:/Users/ROG Primary/Documents/GitHub/Oops-All-Ruins-/Oops_All_Ruins_U5/Content/Images/level_3.uasset" 1895
"C:/Users/ROG Primary/Documents/GitHub/Oops-All-Ruins-/Oops_All_Ruins_U5/Content/Images/level_3.uexp" 1896
"C:/Users/ROG Primary/Documents/GitHub/Oops-All-Ruins-/Oops_All_Ruins_U5/Content/Geometry/Meshes/CubeMaterial.uasset" 1897
"C:/Users/ROG Primary/Documents/GitHub/Oops-All-Ruins-/Oops_All_Ruins_U5/Content/Geometry/Meshes/CubeMaterial.uexp" 1898
"C:/Users/ROG Primary/Documents/GitHub/Oops-All-Ruins-/Oops_All_Ruins_U5/Content/Images/LEVELS.uasset" 1899
"C:/Users/ROG Primary/Documents/GitHub/Oops-All-Ruins-/Oops_All_Ruins_U5/Content/Images/LEVELS.uexp" 1900
"C:/Users/ROG Primary/Documents/GitHub/Oops-All-Ruins-/Oops_All_Ruins_U5/Content/Images/Main_Menu.uasset" 1901
"C:/Users/ROG Primary/Documents/GitHub/Oops-All-Ruins-/Oops_All_Ruins_U5/Content/Images/Main_Menu.uexp" 1902
"C:/Users/ROG Primary/Documents/GitHub/Oops-All-Ruins-/Oops_All_Ruins_U5/Content/Traps_BP/spikes.uasset" 1903
"C:/Users/ROG Primary/Documents/GitHub/Oops-All-Ruins-/Oops_All_Ruins_U5/Content/Traps_BP/spikes.uexp" 1904
"C:/Users/ROG Primary/Documents/GitHub/Oops-All-Ruins-/Oops_All_Ruins_U5/Content/Traps_BP/Speed.uasset" 1905
"C:/Users/ROG Primary/Documents/GitHub/Oops-All-Ruins-/Oops_All_Ruins_U5/Content/Traps_BP/Speed.uexp" 1906
"C:/Users/ROG Primary/Documents/GitHub/Oops-All-Ruins-/Oops_All_Ruins_U5/Content/Blueprints/Checkpoint_Multiplayer_BP.uasset" 1907
"C:/Users/ROG Primary/Documents/GitHub/Oops-All-Ruins-/Oops_All_Ruins_U5/Content/Blueprints/Checkpoint_Multiplayer_BP.uexp" 1908
"../../../Engine/Content/Functions/Engine_MaterialFunctions02/ScreenResolution.uasset" 1909
"../../../Engine/Content/Functions/Engine_MaterialFunctions02/ScreenResolution.uexp" 1910
"../../../Engine/Content/EngineMaterials/Grid.ubulk" 1911
"../../../Engine/Content/EngineMaterials/Grid.uasset" 1912
"../../../Engine/Content/EngineMaterials/Grid.uexp" 1913
"../../../Engine/Content/Functions/Engine_MaterialFunctions01/Texturing/WorldAlignedTexture.uasset" 1914
"../../../Engine/Content/Functions/Engine_MaterialFunctions01/Texturing/WorldAlignedTexture.uexp" 1915
"../../../Engine/Content/EditorMaterials/GeometryCollection/SelectedGeometryMaterial.uasset" 1916
"../../../Engine/Content/EditorMaterials/GeometryCollection/SelectedGeometryMaterial.uexp" 1917
"C:/Users/ROG Primary/Documents/GitHub/Oops-All-Ruins-/Oops_All_Ruins_U5/Content/Traps_BP/BreakableWall_1_geo_GeometryCollection.uasset" 1918
"C:/Users/ROG Primary/Documents/GitHub/Oops-All-Ruins-/Oops_All_Ruins_U5/Content/Traps_BP/BreakableWall_1_geo_GeometryCollection.uexp" 1919
"../../../Engine/Plugins/Animation/ControlRig/Content/Controls/DefaultGizmoLibraryNormalized.uasset" 1920
"../../../Engine/Plugins/Animation/ControlRig/Content/Controls/DefaultGizmoLibraryNormalized.uexp" 1921
"C:/Users/ROG Primary/Documents/GitHub/Oops-All-Ruins-/Oops_All_Ruins_U5/Content/Characters/Mannequins/Rigs/CR_Mannequin_Body.uasset" 1922
"C:/Users/ROG Primary/Documents/GitHub/Oops-All-Ruins-/Oops_All_Ruins_U5/Content/Characters/Mannequins/Rigs/CR_Mannequin_Body.uexp" 1923
"../../../Engine/Content/Maps/Entry_BuiltData.uasset" 1924
"../../../Engine/Content/Maps/Entry_BuiltData.uexp" 1925
"../../../Engine/Content/Maps/Entry.uexp" 1926
"../../../Engine/Content/Maps/Entry.umap" 1927
"C:/Users/ROG Primary/Documents/GitHub/Oops-All-Ruins-/Oops_All_Ruins_U5/Content/Maps/STARTING_LEVEL.uexp" 1928
"C:/Users/ROG Primary/Documents/GitHub/Oops-All-Ruins-/Oops_All_Ruins_U5/Content/Maps/STARTING_LEVEL.umap" 1929
"C:/Users/ROG Primary/Documents/GitHub/Oops-All-Ruins-/Oops_All_Ruins_U5/Content/Images/TitleScreenBH.uasset" 1930
"C:/Users/ROG Primary/Documents/GitHub/Oops-All-Ruins-/Oops_All_Ruins_U5/Content/Images/TitleScreenBH.uexp" 1931
"C:/Users/ROG Primary/Documents/GitHub/Oops-All-Ruins-/Oops_All_Ruins_U5/Content/Images/Main_Menu_2.uasset" 1932
"C:/Users/ROG Primary/Documents/GitHub/Oops-All-Ruins-/Oops_All_Ruins_U5/Content/Images/Main_Menu_2.uexp" 1933
"C:/Users/ROG Primary/Documents/GitHub/Oops-All-Ruins-/Oops_All_Ruins_U5/Content/Maps/Map1_LoadingScene.uexp" 1934
"C:/Users/ROG Primary/Documents/GitHub/Oops-All-Ruins-/Oops_All_Ruins_U5/Content/Maps/Map1_LoadingScene.umap" 1935
"C:/Users/ROG Primary/Documents/GitHub/Oops-All-Ruins-/Oops_All_Ruins_U5/Content/Materials/Textures/Fire_Channel/M_FireChanel_v1_geo_low_Base_OcclusionRoughnessMetallic.ubulk" 1936
"C:/Users/ROG Primary/Documents/GitHub/Oops-All-Ruins-/Oops_All_Ruins_U5/Content/Materials/Textures/Fire_Channel/M_FireChanel_v1_geo_low_Base_OcclusionRoughnessMetallic.uasset" 1937
"C:/Users/ROG Primary/Documents/GitHub/Oops-All-Ruins-/Oops_All_Ruins_U5/Content/Materials/Textures/Fire_Channel/M_FireChanel_v1_geo_low_Base_OcclusionRoughnessMetallic.uexp" 1938
"C:/Users/ROG Primary/Documents/GitHub/Oops-All-Ruins-/Oops_All_Ruins_U5/Content/Materials/Textures/Fire_Channel/M_FireChanel_v1_geo_low_Base_BaseColor.ubulk" 1939
"C:/Users/ROG Primary/Documents/GitHub/Oops-All-Ruins-/Oops_All_Ruins_U5/Content/Materials/Textures/Fire_Channel/M_FireChanel_v1_geo_low_Base_BaseColor.uasset" 1940
"C:/Users/ROG Primary/Documents/GitHub/Oops-All-Ruins-/Oops_All_Ruins_U5/Content/Materials/Textures/Fire_Channel/M_FireChanel_v1_geo_low_Base_BaseColor.uexp" 1941
"C:/Users/ROG Primary/Documents/GitHub/Oops-All-Ruins-/Oops_All_Ruins_U5/Content/Materials/Textures/Fire_Channel/M_FireChanel_v1_geo_low_Base_Normal.ubulk" 1942
"C:/Users/ROG Primary/Documents/GitHub/Oops-All-Ruins-/Oops_All_Ruins_U5/Content/Materials/Textures/Fire_Channel/M_FireChanel_v1_geo_low_Base_Normal.uasset" 1943
"C:/Users/ROG Primary/Documents/GitHub/Oops-All-Ruins-/Oops_All_Ruins_U5/Content/Materials/Textures/Fire_Channel/M_FireChanel_v1_geo_low_Base_Normal.uexp" 1944
"C:/Users/ROG Primary/Documents/GitHub/Oops-All-Ruins-/Oops_All_Ruins_U5/Content/Materials/FireChannel_Base_mat.uasset" 1945
"C:/Users/ROG Primary/Documents/GitHub/Oops-All-Ruins-/Oops_All_Ruins_U5/Content/Materials/FireChannel_Base_mat.uexp" 1946
"C:/Users/ROG Primary/Documents/GitHub/Oops-All-Ruins-/Oops_All_Ruins_U5/Content/Materials/FireChannel_Base_mat_Inst.uasset" 1947
"C:/Users/ROG Primary/Documents/GitHub/Oops-All-Ruins-/Oops_All_Ruins_U5/Content/Materials/FireChannel_Base_mat_Inst.uexp" 1948
"C:/Users/ROG Primary/Documents/GitHub/Oops-All-Ruins-/Oops_All_Ruins_U5/Content/Materials/Textures/Fire_Channel/M_FireChanel_v1_geo_low_Fire_BaseColor.ubulk" 1949
"C:/Users/ROG Primary/Documents/GitHub/Oops-All-Ruins-/Oops_All_Ruins_U5/Content/Materials/Textures/Fire_Channel/M_FireChanel_v1_geo_low_Fire_BaseColor.uasset" 1950
"C:/Users/ROG Primary/Documents/GitHub/Oops-All-Ruins-/Oops_All_Ruins_U5/Content/Materials/Textures/Fire_Channel/M_FireChanel_v1_geo_low_Fire_BaseColor.uexp" 1951
"C:/Users/ROG Primary/Documents/GitHub/Oops-All-Ruins-/Oops_All_Ruins_U5/Content/Materials/Textures/Fire_Channel/M_FireChanel_v1_geo_low_Fire_Normal.ubulk" 1952
"C:/Users/ROG Primary/Documents/GitHub/Oops-All-Ruins-/Oops_All_Ruins_U5/Content/Materials/Textures/Fire_Channel/M_FireChanel_v1_geo_low_Fire_Normal.uasset" 1953
"C:/Users/ROG Primary/Documents/GitHub/Oops-All-Ruins-/Oops_All_Ruins_U5/Content/Materials/Textures/Fire_Channel/M_FireChanel_v1_geo_low_Fire_Normal.uexp" 1954
"C:/Users/ROG Primary/Documents/GitHub/Oops-All-Ruins-/Oops_All_Ruins_U5/Content/Materials/Textures/Fire_Channel/M_FireChanel_v1_geo_low_Fire_OcclusionRoughnessMetallic.ubulk" 1955
"C:/Users/ROG Primary/Documents/GitHub/Oops-All-Ruins-/Oops_All_Ruins_U5/Content/Materials/Textures/Fire_Channel/M_FireChanel_v1_geo_low_Fire_OcclusionRoughnessMetallic.uasset" 1956
"C:/Users/ROG Primary/Documents/GitHub/Oops-All-Ruins-/Oops_All_Ruins_U5/Content/Materials/Textures/Fire_Channel/M_FireChanel_v1_geo_low_Fire_OcclusionRoughnessMetallic.uexp" 1957
"C:/Users/ROG Primary/Documents/GitHub/Oops-All-Ruins-/Oops_All_Ruins_U5/Content/Materials/FireChannel_Fire_mat.uasset" 1958
"C:/Users/ROG Primary/Documents/GitHub/Oops-All-Ruins-/Oops_All_Ruins_U5/Content/Materials/FireChannel_Fire_mat.uexp" 1959
"C:/Users/ROG Primary/Documents/GitHub/Oops-All-Ruins-/Oops_All_Ruins_U5/Content/Assets/M_FireChanel_v1_geo_low.ubulk" 1960
"C:/Users/ROG Primary/Documents/GitHub/Oops-All-Ruins-/Oops_All_Ruins_U5/Content/Assets/M_FireChanel_v1_geo_low.uasset" 1961
"C:/Users/ROG Primary/Documents/GitHub/Oops-All-Ruins-/Oops_All_Ruins_U5/Content/Assets/M_FireChanel_v1_geo_low.uexp" 1962
"C:/Users/ROG Primary/Documents/GitHub/Oops-All-Ruins-/Oops_All_Ruins_U5/Content/Materials/Textures/Idol/M_Idol_LP_v1_unwrp_geo_Idol_HP_Export_Emissive.ubulk" 1963
"C:/Users/ROG Primary/Documents/GitHub/Oops-All-Ruins-/Oops_All_Ruins_U5/Content/Materials/Textures/Idol/M_Idol_LP_v1_unwrp_geo_Idol_HP_Export_Emissive.uasset" 1964
"C:/Users/ROG Primary/Documents/GitHub/Oops-All-Ruins-/Oops_All_Ruins_U5/Content/Materials/Textures/Idol/M_Idol_LP_v1_unwrp_geo_Idol_HP_Export_Emissive.uexp" 1965
"C:/Users/ROG Primary/Documents/GitHub/Oops-All-Ruins-/Oops_All_Ruins_U5/Content/Materials/Textures/Idol/M_Idol_LP_v1_unwrp_geo_Idol_HP_Export_Normal.ubulk" 1966
"C:/Users/ROG Primary/Documents/GitHub/Oops-All-Ruins-/Oops_All_Ruins_U5/Content/Materials/Textures/Idol/M_Idol_LP_v1_unwrp_geo_Idol_HP_Export_Normal.uasset" 1967
"C:/Users/ROG Primary/Documents/GitHub/Oops-All-Ruins-/Oops_All_Ruins_U5/Content/Materials/Textures/Idol/M_Idol_LP_v1_unwrp_geo_Idol_HP_Export_Normal.uexp" 1968
"C:/Users/ROG Primary/Documents/GitHub/Oops-All-Ruins-/Oops_All_Ruins_U5/Content/Materials/Textures/Idol/M_Idol_LP_v1_unwrp_geo_Idol_HP_Export_OcclusionRoughnessMetallic.ubulk" 1969
"C:/Users/ROG Primary/Documents/GitHub/Oops-All-Ruins-/Oops_All_Ruins_U5/Content/Materials/Textures/Idol/M_Idol_LP_v1_unwrp_geo_Idol_HP_Export_OcclusionRoughnessMetallic.uasset" 1970
"C:/Users/ROG Primary/Documents/GitHub/Oops-All-Ruins-/Oops_All_Ruins_U5/Content/Materials/Textures/Idol/M_Idol_LP_v1_unwrp_geo_Idol_HP_Export_OcclusionRoughnessMetallic.uexp" 1971
"C:/Users/ROG Primary/Documents/GitHub/Oops-All-Ruins-/Oops_All_Ruins_U5/Content/Materials/Textures/Idol/M_Idol_LP_v1_unwrp_geo_Idol_HP_Export_BaseColor.ubulk" 1972
"C:/Users/ROG Primary/Documents/GitHub/Oops-All-Ruins-/Oops_All_Ruins_U5/Content/Materials/Textures/Idol/M_Idol_LP_v1_unwrp_geo_Idol_HP_Export_BaseColor.uasset" 1973
"C:/Users/ROG Primary/Documents/GitHub/Oops-All-Ruins-/Oops_All_Ruins_U5/Content/Materials/Textures/Idol/M_Idol_LP_v1_unwrp_geo_Idol_HP_Export_BaseColor.uexp" 1974
"C:/Users/ROG Primary/Documents/GitHub/Oops-All-Ruins-/Oops_All_Ruins_U5/Content/Materials/Idol_mat.uasset" 1975
"C:/Users/ROG Primary/Documents/GitHub/Oops-All-Ruins-/Oops_All_Ruins_U5/Content/Materials/Idol_mat.uexp" 1976
"C:/Users/ROG Primary/Documents/GitHub/Oops-All-Ruins-/Oops_All_Ruins_U5/Content/Assets/M_Idol_LP_v1_unwrp_geo.ubulk" 1977
"C:/Users/ROG Primary/Documents/GitHub/Oops-All-Ruins-/Oops_All_Ruins_U5/Content/Assets/M_Idol_LP_v1_unwrp_geo.uasset" 1978
"C:/Users/ROG Primary/Documents/GitHub/Oops-All-Ruins-/Oops_All_Ruins_U5/Content/Assets/M_Idol_LP_v1_unwrp_geo.uexp" 1979
"C:/Users/ROG Primary/Documents/GitHub/Oops-All-Ruins-/Oops_All_Ruins_U5/Content/Materials/Textures/Pot2/M_Pot2_Ver1_unwrpp_geo_1001_Normal.ubulk" 1980
"C:/Users/ROG Primary/Documents/GitHub/Oops-All-Ruins-/Oops_All_Ruins_U5/Content/Materials/Textures/Pot2/M_Pot2_Ver1_unwrpp_geo_1001_Normal.uasset" 1981
"C:/Users/ROG Primary/Documents/GitHub/Oops-All-Ruins-/Oops_All_Ruins_U5/Content/Materials/Textures/Pot2/M_Pot2_Ver1_unwrpp_geo_1001_Normal.uexp" 1982
"C:/Users/ROG Primary/Documents/GitHub/Oops-All-Ruins-/Oops_All_Ruins_U5/Content/Materials/Textures/Pot2/M_Pot2_Ver1_unwrpp_geo_1001_BaseColor.ubulk" 1983
"C:/Users/ROG Primary/Documents/GitHub/Oops-All-Ruins-/Oops_All_Ruins_U5/Content/Materials/Textures/Pot2/M_Pot2_Ver1_unwrpp_geo_1001_BaseColor.uasset" 1984
"C:/Users/ROG Primary/Documents/GitHub/Oops-All-Ruins-/Oops_All_Ruins_U5/Content/Materials/Textures/Pot2/M_Pot2_Ver1_unwrpp_geo_1001_BaseColor.uexp" 1985
"C:/Users/ROG Primary/Documents/GitHub/Oops-All-Ruins-/Oops_All_Ruins_U5/Content/Materials/Textures/Pot2/M_Pot2_Ver1_unwrpp_geo_1001_OcclusionRoughnessMetallic.ubulk" 1986
"C:/Users/ROG Primary/Documents/GitHub/Oops-All-Ruins-/Oops_All_Ruins_U5/Content/Materials/Textures/Pot2/M_Pot2_Ver1_unwrpp_geo_1001_OcclusionRoughnessMetallic.uasset" 1987
"C:/Users/ROG Primary/Documents/GitHub/Oops-All-Ruins-/Oops_All_Ruins_U5/Content/Materials/Textures/Pot2/M_Pot2_Ver1_unwrpp_geo_1001_OcclusionRoughnessMetallic.uexp" 1988
"C:/Users/ROG Primary/Documents/GitHub/Oops-All-Ruins-/Oops_All_Ruins_U5/Content/Materials/Pot2_mat.uasset" 1989
"C:/Users/ROG Primary/Documents/GitHub/Oops-All-Ruins-/Oops_All_Ruins_U5/Content/Materials/Pot2_mat.uexp" 1990
"C:/Users/ROG Primary/Documents/GitHub/Oops-All-Ruins-/Oops_All_Ruins_U5/Content/Assets/M_Pot2_Ver1_unwrpp_geo.ubulk" 1991
"C:/Users/ROG Primary/Documents/GitHub/Oops-All-Ruins-/Oops_All_Ruins_U5/Content/Assets/M_Pot2_Ver1_unwrpp_geo.uasset" 1992
"C:/Users/ROG Primary/Documents/GitHub/Oops-All-Ruins-/Oops_All_Ruins_U5/Content/Assets/M_Pot2_Ver1_unwrpp_geo.uexp" 1993
"C:/Users/ROG Primary/Documents/GitHub/Oops-All-Ruins-/Oops_All_Ruins_U5/Content/Materials/Textures/Mossy_Ground/Mossy_Ground_normal.ubulk" 1994
"C:/Users/ROG Primary/Documents/GitHub/Oops-All-Ruins-/Oops_All_Ruins_U5/Content/Materials/Textures/Mossy_Ground/Mossy_Ground_normal.uasset" 1995
"C:/Users/ROG Primary/Documents/GitHub/Oops-All-Ruins-/Oops_All_Ruins_U5/Content/Materials/Textures/Mossy_Ground/Mossy_Ground_normal.uexp" 1996
"C:/Users/ROG Primary/Documents/GitHub/Oops-All-Ruins-/Oops_All_Ruins_U5/Content/Materials/Textures/Mossy_Ground/Mossy_Ground_basecolor.ubulk" 1997
"C:/Users/ROG Primary/Documents/GitHub/Oops-All-Ruins-/Oops_All_Ruins_U5/Content/Materials/Textures/Mossy_Ground/Mossy_Ground_basecolor.uasset" 1998
"C:/Users/ROG Primary/Documents/GitHub/Oops-All-Ruins-/Oops_All_Ruins_U5/Content/Materials/Textures/Mossy_Ground/Mossy_Ground_basecolor.uexp" 1999
"C:/Users/ROG Primary/Documents/GitHub/Oops-All-Ruins-/Oops_All_Ruins_U5/Content/Materials/Textures/Foliage/Foliage_V1_basecolor.ubulk" 2000
"C:/Users/ROG Primary/Documents/GitHub/Oops-All-Ruins-/Oops_All_Ruins_U5/Content/Materials/Textures/Foliage/Foliage_V1_basecolor.uasset" 2001
"C:/Users/ROG Primary/Documents/GitHub/Oops-All-Ruins-/Oops_All_Ruins_U5/Content/Materials/Textures/Foliage/Foliage_V1_basecolor.uexp" 2002
"C:/Users/ROG Primary/Documents/GitHub/Oops-All-Ruins-/Oops_All_Ruins_U5/Content/Materials/Textures/Foliage/Foliage_V1_normal.ubulk" 2003
"C:/Users/ROG Primary/Documents/GitHub/Oops-All-Ruins-/Oops_All_Ruins_U5/Content/Materials/Textures/Foliage/Foliage_V1_normal.uasset" 2004
"C:/Users/ROG Primary/Documents/GitHub/Oops-All-Ruins-/Oops_All_Ruins_U5/Content/Materials/Textures/Foliage/Foliage_V1_normal.uexp" 2005
"C:/Users/ROG Primary/Documents/GitHub/Oops-All-Ruins-/Oops_All_Ruins_U5/Content/Materials/Textures/Mossy_Ground/Mossy_Ground_roughness.ubulk" 2006
"C:/Users/ROG Primary/Documents/GitHub/Oops-All-Ruins-/Oops_All_Ruins_U5/Content/Materials/Textures/Mossy_Ground/Mossy_Ground_roughness.uasset" 2007
"C:/Users/ROG Primary/Documents/GitHub/Oops-All-Ruins-/Oops_All_Ruins_U5/Content/Materials/Textures/Mossy_Ground/Mossy_Ground_roughness.uexp" 2008
"C:/Users/ROG Primary/Documents/GitHub/Oops-All-Ruins-/Oops_All_Ruins_U5/Content/Materials/Landscape_grass_mat.uasset" 2009
"C:/Users/ROG Primary/Documents/GitHub/Oops-All-Ruins-/Oops_All_Ruins_U5/Content/Materials/Landscape_grass_mat.uexp" 2010
"C:/Users/ROG Primary/Documents/GitHub/Oops-All-Ruins-/Oops_All_Ruins_U5/Content/Materials/Textures/TlalocChute/M_TlalocHead_v1_geo_low_DefaultMaterial_Normal.ubulk" 2011
"C:/Users/ROG Primary/Documents/GitHub/Oops-All-Ruins-/Oops_All_Ruins_U5/Content/Materials/Textures/TlalocChute/M_TlalocHead_v1_geo_low_DefaultMaterial_Normal.uasset" 2012
"C:/Users/ROG Primary/Documents/GitHub/Oops-All-Ruins-/Oops_All_Ruins_U5/Content/Materials/Textures/TlalocChute/M_TlalocHead_v1_geo_low_DefaultMaterial_Normal.uexp" 2013
"C:/Users/ROG Primary/Documents/GitHub/Oops-All-Ruins-/Oops_All_Ruins_U5/Content/Materials/Textures/TlalocChute/M_TlalocHead_v1_geo_low_DefaultMaterial_BaseColor.ubulk" 2014
"C:/Users/ROG Primary/Documents/GitHub/Oops-All-Ruins-/Oops_All_Ruins_U5/Content/Materials/Textures/TlalocChute/M_TlalocHead_v1_geo_low_DefaultMaterial_BaseColor.uasset" 2015
"C:/Users/ROG Primary/Documents/GitHub/Oops-All-Ruins-/Oops_All_Ruins_U5/Content/Materials/Textures/TlalocChute/M_TlalocHead_v1_geo_low_DefaultMaterial_BaseColor.uexp" 2016
"C:/Users/ROG Primary/Documents/GitHub/Oops-All-Ruins-/Oops_All_Ruins_U5/Content/Materials/Textures/TlalocChute/M_TlalocHead_v1_geo_low_DefaultMaterial_OcclusionRoughnessMetallic.ubulk" 2017
"C:/Users/ROG Primary/Documents/GitHub/Oops-All-Ruins-/Oops_All_Ruins_U5/Content/Materials/Textures/TlalocChute/M_TlalocHead_v1_geo_low_DefaultMaterial_OcclusionRoughnessMetallic.uasset" 2018
"C:/Users/ROG Primary/Documents/GitHub/Oops-All-Ruins-/Oops_All_Ruins_U5/Content/Materials/Textures/TlalocChute/M_TlalocHead_v1_geo_low_DefaultMaterial_OcclusionRoughnessMetallic.uexp" 2019
"C:/Users/ROG Primary/Documents/GitHub/Oops-All-Ruins-/Oops_All_Ruins_U5/Content/Materials/TlalocChute_mat.uasset" 2020
"C:/Users/ROG Primary/Documents/GitHub/Oops-All-Ruins-/Oops_All_Ruins_U5/Content/Materials/TlalocChute_mat.uexp" 2021
"C:/Users/ROG Primary/Documents/GitHub/Oops-All-Ruins-/Oops_All_Ruins_U5/Content/Assets/M_TlalocHead_v1_geo_low.ubulk" 2022
"C:/Users/ROG Primary/Documents/GitHub/Oops-All-Ruins-/Oops_All_Ruins_U5/Content/Assets/M_TlalocHead_v1_geo_low.uasset" 2023
"C:/Users/ROG Primary/Documents/GitHub/Oops-All-Ruins-/Oops_All_Ruins_U5/Content/Assets/M_TlalocHead_v1_geo_low.uexp" 2024
"C:/Users/ROG Primary/Documents/GitHub/Oops-All-Ruins-/Oops_All_Ruins_U5/Content/Maps/AZTEC_RUN_2_sharedassets/ground_LayerInfo.uasset" 2025
"C:/Users/ROG Primary/Documents/GitHub/Oops-All-Ruins-/Oops_All_Ruins_U5/Content/Maps/AZTEC_RUN_2_sharedassets/ground_LayerInfo.uexp" 2026
"C:/Users/ROG Primary/Documents/GitHub/Oops-All-Ruins-/Oops_All_Ruins_U5/Content/Materials/Textures/Rock1/M_Rock1-v1-unwrp_geo_1001_Normal.ubulk" 2027
"C:/Users/ROG Primary/Documents/GitHub/Oops-All-Ruins-/Oops_All_Ruins_U5/Content/Materials/Textures/Rock1/M_Rock1-v1-unwrp_geo_1001_Normal.uasset" 2028
"C:/Users/ROG Primary/Documents/GitHub/Oops-All-Ruins-/Oops_All_Ruins_U5/Content/Materials/Textures/Rock1/M_Rock1-v1-unwrp_geo_1001_Normal.uexp" 2029
"C:/Users/ROG Primary/Documents/GitHub/Oops-All-Ruins-/Oops_All_Ruins_U5/Content/Materials/Textures/Rock1/M_Rock1-v1-unwrp_geo_1001_OcclusionRoughnessMetallic.ubulk" 2030
"C:/Users/ROG Primary/Documents/GitHub/Oops-All-Ruins-/Oops_All_Ruins_U5/Content/Materials/Textures/Rock1/M_Rock1-v1-unwrp_geo_1001_OcclusionRoughnessMetallic.uasset" 2031
"C:/Users/ROG Primary/Documents/GitHub/Oops-All-Ruins-/Oops_All_Ruins_U5/Content/Materials/Textures/Rock1/M_Rock1-v1-unwrp_geo_1001_OcclusionRoughnessMetallic.uexp" 2032
"C:/Users/ROG Primary/Documents/GitHub/Oops-All-Ruins-/Oops_All_Ruins_U5/Content/Materials/Textures/Rock1/M_Rock1-v1-unwrp_geo_1001_BaseColor.ubulk" 2033
"C:/Users/ROG Primary/Documents/GitHub/Oops-All-Ruins-/Oops_All_Ruins_U5/Content/Materials/Textures/Rock1/M_Rock1-v1-unwrp_geo_1001_BaseColor.uasset" 2034
"C:/Users/ROG Primary/Documents/GitHub/Oops-All-Ruins-/Oops_All_Ruins_U5/Content/Materials/Textures/Rock1/M_Rock1-v1-unwrp_geo_1001_BaseColor.uexp" 2035
"C:/Users/ROG Primary/Documents/GitHub/Oops-All-Ruins-/Oops_All_Ruins_U5/Content/Materials/Rock1_mat.uasset" 2036
"C:/Users/ROG Primary/Documents/GitHub/Oops-All-Ruins-/Oops_All_Ruins_U5/Content/Materials/Rock1_mat.uexp" 2037
"C:/Users/ROG Primary/Documents/GitHub/Oops-All-Ruins-/Oops_All_Ruins_U5/Content/Assets/Rock1_V1_Geo.ubulk" 2038
"C:/Users/ROG Primary/Documents/GitHub/Oops-All-Ruins-/Oops_All_Ruins_U5/Content/Assets/Rock1_V1_Geo.uasset" 2039
"C:/Users/ROG Primary/Documents/GitHub/Oops-All-Ruins-/Oops_All_Ruins_U5/Content/Assets/Rock1_V1_Geo.uexp" 2040
"C:/Users/ROG Primary/Documents/GitHub/Oops-All-Ruins-/Oops_All_Ruins_U5/Content/Materials/TestMat_red.uasset" 2041
"C:/Users/ROG Primary/Documents/GitHub/Oops-All-Ruins-/Oops_All_Ruins_U5/Content/Materials/TestMat_red.uexp" 2042
"C:/Users/ROG Primary/Documents/GitHub/Oops-All-Ruins-/Oops_All_Ruins_U5/Content/Materials/Textures/PillarBase/M_PillarBase_v1_unwrp_geo_lambert4_OcclusionRoughnessMetallic.ubulk" 2043
"C:/Users/ROG Primary/Documents/GitHub/Oops-All-Ruins-/Oops_All_Ruins_U5/Content/Materials/Textures/PillarBase/M_PillarBase_v1_unwrp_geo_lambert4_OcclusionRoughnessMetallic.uasset" 2044
"C:/Users/ROG Primary/Documents/GitHub/Oops-All-Ruins-/Oops_All_Ruins_U5/Content/Materials/Textures/PillarBase/M_PillarBase_v1_unwrp_geo_lambert4_OcclusionRoughnessMetallic.uexp" 2045
"C:/Users/ROG Primary/Documents/GitHub/Oops-All-Ruins-/Oops_All_Ruins_U5/Content/Materials/Textures/PillarBase/M_PillarBase_v1_unwrp_geo_lambert4_BaseColor.ubulk" 2046
"C:/Users/ROG Primary/Documents/GitHub/Oops-All-Ruins-/Oops_All_Ruins_U5/Content/Materials/Textures/PillarBase/M_PillarBase_v1_unwrp_geo_lambert4_BaseColor.uasset" 2047
"C:/Users/ROG Primary/Documents/GitHub/Oops-All-Ruins-/Oops_All_Ruins_U5/Content/Materials/Textures/PillarBase/M_PillarBase_v1_unwrp_geo_lambert4_BaseColor.uexp" 2048
"C:/Users/ROG Primary/Documents/GitHub/Oops-All-Ruins-/Oops_All_Ruins_U5/Content/Materials/Textures/PillarBase/M_PillarBase_v1_unwrp_geo_lambert4_Normal.ubulk" 2049
"C:/Users/ROG Primary/Documents/GitHub/Oops-All-Ruins-/Oops_All_Ruins_U5/Content/Materials/Textures/PillarBase/M_PillarBase_v1_unwrp_geo_lambert4_Normal.uasset" 2050
"C:/Users/ROG Primary/Documents/GitHub/Oops-All-Ruins-/Oops_All_Ruins_U5/Content/Materials/Textures/PillarBase/M_PillarBase_v1_unwrp_geo_lambert4_Normal.uexp" 2051
"C:/Users/ROG Primary/Documents/GitHub/Oops-All-Ruins-/Oops_All_Ruins_U5/Content/Materials/PillarBase_mat.uasset" 2052
"C:/Users/ROG Primary/Documents/GitHub/Oops-All-Ruins-/Oops_All_Ruins_U5/Content/Materials/PillarBase_mat.uexp" 2053
"C:/Users/ROG Primary/Documents/GitHub/Oops-All-Ruins-/Oops_All_Ruins_U5/Content/Assets/M_PillarBase_v1_unwrp_geo.ubulk" 2054
"C:/Users/ROG Primary/Documents/GitHub/Oops-All-Ruins-/Oops_All_Ruins_U5/Content/Assets/M_PillarBase_v1_unwrp_geo.uasset" 2055
"C:/Users/ROG Primary/Documents/GitHub/Oops-All-Ruins-/Oops_All_Ruins_U5/Content/Assets/M_PillarBase_v1_unwrp_geo.uexp" 2056
"C:/Users/ROG Primary/Documents/GitHub/Oops-All-Ruins-/Oops_All_Ruins_U5/Content/Materials/Textures/MayanCalender/K_MayanCalender_v1_geo_low_DefaultMaterial_OcclusionRoughnessMetallic.ubulk" 2057
"C:/Users/ROG Primary/Documents/GitHub/Oops-All-Ruins-/Oops_All_Ruins_U5/Content/Materials/Textures/MayanCalender/K_MayanCalender_v1_geo_low_DefaultMaterial_OcclusionRoughnessMetallic.uasset" 2058
"C:/Users/ROG Primary/Documents/GitHub/Oops-All-Ruins-/Oops_All_Ruins_U5/Content/Materials/Textures/MayanCalender/K_MayanCalender_v1_geo_low_DefaultMaterial_OcclusionRoughnessMetallic.uexp" 2059
"C:/Users/ROG Primary/Documents/GitHub/Oops-All-Ruins-/Oops_All_Ruins_U5/Content/Materials/Textures/MayanCalender/K_MayanCalender_v1_geo_low_DefaultMaterial_Normal.ubulk" 2060
"C:/Users/ROG Primary/Documents/GitHub/Oops-All-Ruins-/Oops_All_Ruins_U5/Content/Materials/Textures/MayanCalender/K_MayanCalender_v1_geo_low_DefaultMaterial_Normal.uasset" 2061
"C:/Users/ROG Primary/Documents/GitHub/Oops-All-Ruins-/Oops_All_Ruins_U5/Content/Materials/Textures/MayanCalender/K_MayanCalender_v1_geo_low_DefaultMaterial_Normal.uexp" 2062
"C:/Users/ROG Primary/Documents/GitHub/Oops-All-Ruins-/Oops_All_Ruins_U5/Content/Materials/Textures/MayanCalender/K_MayanCalender_v1_geo_low_DefaultMaterial_BaseColor.ubulk" 2063
"C:/Users/ROG Primary/Documents/GitHub/Oops-All-Ruins-/Oops_All_Ruins_U5/Content/Materials/Textures/MayanCalender/K_MayanCalender_v1_geo_low_DefaultMaterial_BaseColor.uasset" 2064
"C:/Users/ROG Primary/Documents/GitHub/Oops-All-Ruins-/Oops_All_Ruins_U5/Content/Materials/Textures/MayanCalender/K_MayanCalender_v1_geo_low_DefaultMaterial_BaseColor.uexp" 2065
"C:/Users/ROG Primary/Documents/GitHub/Oops-All-Ruins-/Oops_All_Ruins_U5/Content/Materials/MayanCalendar_mat.uasset" 2066
"C:/Users/ROG Primary/Documents/GitHub/Oops-All-Ruins-/Oops_All_Ruins_U5/Content/Materials/MayanCalendar_mat.uexp" 2067
"C:/Users/ROG Primary/Documents/GitHub/Oops-All-Ruins-/Oops_All_Ruins_U5/Content/Assets/K_MayanCalender_v1_geo_low.ubulk" 2068
"C:/Users/ROG Primary/Documents/GitHub/Oops-All-Ruins-/Oops_All_Ruins_U5/Content/Assets/K_MayanCalender_v1_geo_low.uasset" 2069
"C:/Users/ROG Primary/Documents/GitHub/Oops-All-Ruins-/Oops_All_Ruins_U5/Content/Assets/K_MayanCalender_v1_geo_low.uexp" 2070
"C:/Users/ROG Primary/Documents/GitHub/Oops-All-Ruins-/Oops_All_Ruins_U5/Content/Cinematics/Level_3/Level3_opening_flythrough_02.uasset" 2071
"C:/Users/ROG Primary/Documents/GitHub/Oops-All-Ruins-/Oops_All_Ruins_U5/Content/Cinematics/Level_3/Level3_opening_flythrough_02.uexp" 2072
"C:/Users/ROG Primary/Documents/GitHub/Oops-All-Ruins-/Oops_All_Ruins_U5/Content/Materials/Textures/Alter_wall_relief/atlar_Wall_Relief_Geo_1002_OcclusionRoughnessMetallic.ubulk" 2073
"C:/Users/ROG Primary/Documents/GitHub/Oops-All-Ruins-/Oops_All_Ruins_U5/Content/Materials/Textures/Alter_wall_relief/atlar_Wall_Relief_Geo_1002_OcclusionRoughnessMetallic.uasset" 2074
"C:/Users/ROG Primary/Documents/GitHub/Oops-All-Ruins-/Oops_All_Ruins_U5/Content/Materials/Textures/Alter_wall_relief/atlar_Wall_Relief_Geo_1002_OcclusionRoughnessMetallic.uexp" 2075
"C:/Users/ROG Primary/Documents/GitHub/Oops-All-Ruins-/Oops_All_Ruins_U5/Content/Materials/Textures/Alter_wall_relief/atlar_Wall_Relief_Geo_1002_Normal.ubulk" 2076
"C:/Users/ROG Primary/Documents/GitHub/Oops-All-Ruins-/Oops_All_Ruins_U5/Content/Materials/Textures/Alter_wall_relief/atlar_Wall_Relief_Geo_1002_Normal.uasset" 2077
"C:/Users/ROG Primary/Documents/GitHub/Oops-All-Ruins-/Oops_All_Ruins_U5/Content/Materials/Textures/Alter_wall_relief/atlar_Wall_Relief_Geo_1002_Normal.uexp" 2078
"C:/Users/ROG Primary/Documents/GitHub/Oops-All-Ruins-/Oops_All_Ruins_U5/Content/Materials/Textures/Alter_wall_relief/atlar_Wall_Relief_Geo_1002_BaseColor.ubulk" 2079
"C:/Users/ROG Primary/Documents/GitHub/Oops-All-Ruins-/Oops_All_Ruins_U5/Content/Materials/Textures/Alter_wall_relief/atlar_Wall_Relief_Geo_1002_BaseColor.uasset" 2080
"C:/Users/ROG Primary/Documents/GitHub/Oops-All-Ruins-/Oops_All_Ruins_U5/Content/Materials/Textures/Alter_wall_relief/atlar_Wall_Relief_Geo_1002_BaseColor.uexp" 2081
"C:/Users/ROG Primary/Documents/GitHub/Oops-All-Ruins-/Oops_All_Ruins_U5/Content/Materials/AlterWallRelief_2_mat.uasset" 2082
"C:/Users/ROG Primary/Documents/GitHub/Oops-All-Ruins-/Oops_All_Ruins_U5/Content/Materials/AlterWallRelief_2_mat.uexp" 2083
"C:/Users/ROG Primary/Documents/GitHub/Oops-All-Ruins-/Oops_All_Ruins_U5/Content/Materials/Textures/Alter_wall_relief/atlar_Wall_Relief_Geo_1001_BaseColor.ubulk" 2084
"C:/Users/ROG Primary/Documents/GitHub/Oops-All-Ruins-/Oops_All_Ruins_U5/Content/Materials/Textures/Alter_wall_relief/atlar_Wall_Relief_Geo_1001_BaseColor.uasset" 2085
"C:/Users/ROG Primary/Documents/GitHub/Oops-All-Ruins-/Oops_All_Ruins_U5/Content/Materials/Textures/Alter_wall_relief/atlar_Wall_Relief_Geo_1001_BaseColor.uexp" 2086
"C:/Users/ROG Primary/Documents/GitHub/Oops-All-Ruins-/Oops_All_Ruins_U5/Content/Materials/Textures/Alter_wall_relief/atlar_Wall_Relief_Geo_1001_OcclusionRoughnessMetallic.ubulk" 2087
"C:/Users/ROG Primary/Documents/GitHub/Oops-All-Ruins-/Oops_All_Ruins_U5/Content/Materials/Textures/Alter_wall_relief/atlar_Wall_Relief_Geo_1001_OcclusionRoughnessMetallic.uasset" 2088
"C:/Users/ROG Primary/Documents/GitHub/Oops-All-Ruins-/Oops_All_Ruins_U5/Content/Materials/Textures/Alter_wall_relief/atlar_Wall_Relief_Geo_1001_OcclusionRoughnessMetallic.uexp" 2089
"C:/Users/ROG Primary/Documents/GitHub/Oops-All-Ruins-/Oops_All_Ruins_U5/Content/Materials/Textures/Alter_wall_relief/atlar_Wall_Relief_Geo_1001_Normal.ubulk" 2090
"C:/Users/ROG Primary/Documents/GitHub/Oops-All-Ruins-/Oops_All_Ruins_U5/Content/Materials/Textures/Alter_wall_relief/atlar_Wall_Relief_Geo_1001_Normal.uasset" 2091
"C:/Users/ROG Primary/Documents/GitHub/Oops-All-Ruins-/Oops_All_Ruins_U5/Content/Materials/Textures/Alter_wall_relief/atlar_Wall_Relief_Geo_1001_Normal.uexp" 2092
"C:/Users/ROG Primary/Documents/GitHub/Oops-All-Ruins-/Oops_All_Ruins_U5/Content/Materials/AlterWallRelief_1_mat.uasset" 2093
"C:/Users/ROG Primary/Documents/GitHub/Oops-All-Ruins-/Oops_All_Ruins_U5/Content/Materials/AlterWallRelief_1_mat.uexp" 2094
"C:/Users/ROG Primary/Documents/GitHub/Oops-All-Ruins-/Oops_All_Ruins_U5/Content/Assets/atlar_Wall_Relief_Geo.ubulk" 2095
"C:/Users/ROG Primary/Documents/GitHub/Oops-All-Ruins-/Oops_All_Ruins_U5/Content/Assets/atlar_Wall_Relief_Geo.uasset" 2096
"C:/Users/ROG Primary/Documents/GitHub/Oops-All-Ruins-/Oops_All_Ruins_U5/Content/Assets/atlar_Wall_Relief_Geo.uexp" 2097
"C:/Users/ROG Primary/Documents/GitHub/Oops-All-Ruins-/Oops_All_Ruins_U5/Content/StarterContent/Textures/T_Metal_Rust_N.ubulk" 2098
"C:/Users/ROG Primary/Documents/GitHub/Oops-All-Ruins-/Oops_All_Ruins_U5/Content/StarterContent/Textures/T_Metal_Rust_N.uasset" 2099
"C:/Users/ROG Primary/Documents/GitHub/Oops-All-Ruins-/Oops_All_Ruins_U5/Content/StarterContent/Textures/T_Metal_Rust_N.uexp" 2100
"C:/Users/ROG Primary/Documents/GitHub/Oops-All-Ruins-/Oops_All_Ruins_U5/Content/StarterContent/Textures/T_Metal_Rust_D.ubulk" 2101
"C:/Users/ROG Primary/Documents/GitHub/Oops-All-Ruins-/Oops_All_Ruins_U5/Content/StarterContent/Textures/T_Metal_Rust_D.uasset" 2102
"C:/Users/ROG Primary/Documents/GitHub/Oops-All-Ruins-/Oops_All_Ruins_U5/Content/StarterContent/Textures/T_Metal_Rust_D.uexp" 2103
"C:/Users/ROG Primary/Documents/GitHub/Oops-All-Ruins-/Oops_All_Ruins_U5/Content/StarterContent/Textures/T_MacroVariation.uasset" 2104
"C:/Users/ROG Primary/Documents/GitHub/Oops-All-Ruins-/Oops_All_Ruins_U5/Content/StarterContent/Textures/T_MacroVariation.uexp" 2105
"C:/Users/ROG Primary/Documents/GitHub/Oops-All-Ruins-/Oops_All_Ruins_U5/Content/StarterContent/Materials/M_Metal_Rust.uasset" 2106
"C:/Users/ROG Primary/Documents/GitHub/Oops-All-Ruins-/Oops_All_Ruins_U5/Content/StarterContent/Materials/M_Metal_Rust.uexp" 2107
"C:/Users/ROG Primary/Documents/GitHub/Oops-All-Ruins-/Oops_All_Ruins_U5/Content/Materials/Textures/Rock2/M_Rock2-v1-unwrp_geo_1001_BaseColor.ubulk" 2108
"C:/Users/ROG Primary/Documents/GitHub/Oops-All-Ruins-/Oops_All_Ruins_U5/Content/Materials/Textures/Rock2/M_Rock2-v1-unwrp_geo_1001_BaseColor.uasset" 2109
"C:/Users/ROG Primary/Documents/GitHub/Oops-All-Ruins-/Oops_All_Ruins_U5/Content/Materials/Textures/Rock2/M_Rock2-v1-unwrp_geo_1001_BaseColor.uexp" 2110
"C:/Users/ROG Primary/Documents/GitHub/Oops-All-Ruins-/Oops_All_Ruins_U5/Content/Materials/Textures/Rock2/M_Rock2-v1-unwrp_geo_1001_OcclusionRoughnessMetallic.ubulk" 2111
"C:/Users/ROG Primary/Documents/GitHub/Oops-All-Ruins-/Oops_All_Ruins_U5/Content/Materials/Textures/Rock2/M_Rock2-v1-unwrp_geo_1001_OcclusionRoughnessMetallic.uasset" 2112
"C:/Users/ROG Primary/Documents/GitHub/Oops-All-Ruins-/Oops_All_Ruins_U5/Content/Materials/Textures/Rock2/M_Rock2-v1-unwrp_geo_1001_OcclusionRoughnessMetallic.uexp" 2113
"C:/Users/ROG Primary/Documents/GitHub/Oops-All-Ruins-/Oops_All_Ruins_U5/Content/Materials/Textures/Rock2/M_Rock2-v1-unwrp_geo_1001_Normal.ubulk" 2114
"C:/Users/ROG Primary/Documents/GitHub/Oops-All-Ruins-/Oops_All_Ruins_U5/Content/Materials/Textures/Rock2/M_Rock2-v1-unwrp_geo_1001_Normal.uasset" 2115
"C:/Users/ROG Primary/Documents/GitHub/Oops-All-Ruins-/Oops_All_Ruins_U5/Content/Materials/Textures/Rock2/M_Rock2-v1-unwrp_geo_1001_Normal.uexp" 2116
"C:/Users/ROG Primary/Documents/GitHub/Oops-All-Ruins-/Oops_All_Ruins_U5/Content/Materials/Rock2_mat.uasset" 2117
"C:/Users/ROG Primary/Documents/GitHub/Oops-All-Ruins-/Oops_All_Ruins_U5/Content/Materials/Rock2_mat.uexp" 2118
"C:/Users/ROG Primary/Documents/GitHub/Oops-All-Ruins-/Oops_All_Ruins_U5/Content/Assets/Rock2_V1_Geo.ubulk" 2119
"C:/Users/ROG Primary/Documents/GitHub/Oops-All-Ruins-/Oops_All_Ruins_U5/Content/Assets/Rock2_V1_Geo.uasset" 2120
"C:/Users/ROG Primary/Documents/GitHub/Oops-All-Ruins-/Oops_All_Ruins_U5/Content/Assets/Rock2_V1_Geo.uexp" 2121
"C:/Users/ROG Primary/Documents/GitHub/Oops-All-Ruins-/Oops_All_Ruins_U5/Content/Particles/UpdatedParticles/LongFire_System.uasset" 2122
"C:/Users/ROG Primary/Documents/GitHub/Oops-All-Ruins-/Oops_All_Ruins_U5/Content/Particles/UpdatedParticles/LongFire_System.uexp" 2123
"C:/Users/ROG Primary/Documents/GitHub/Oops-All-Ruins-/Oops_All_Ruins_U5/Content/Traps_BP/Bouncy.uasset" 2124
"C:/Users/ROG Primary/Documents/GitHub/Oops-All-Ruins-/Oops_All_Ruins_U5/Content/Traps_BP/Bouncy.uexp" 2125
"C:/Users/ROG Primary/Documents/GitHub/Oops-All-Ruins-/Oops_All_Ruins_U5/Content/Blueprints/Torch_Point_BP.uasset" 2126
"C:/Users/ROG Primary/Documents/GitHub/Oops-All-Ruins-/Oops_All_Ruins_U5/Content/Blueprints/Torch_Point_BP.uexp" 2127
"C:/Users/ROG Primary/Documents/GitHub/Oops-All-Ruins-/Oops_All_Ruins_U5/Content/Materials/Textures/Pot1/M_Pot1_v1_unwrp_geo_lambert2_OcclusionRoughnessMetallic.ubulk" 2128
"C:/Users/ROG Primary/Documents/GitHub/Oops-All-Ruins-/Oops_All_Ruins_U5/Content/Materials/Textures/Pot1/M_Pot1_v1_unwrp_geo_lambert2_OcclusionRoughnessMetallic.uasset" 2129
"C:/Users/ROG Primary/Documents/GitHub/Oops-All-Ruins-/Oops_All_Ruins_U5/Content/Materials/Textures/Pot1/M_Pot1_v1_unwrp_geo_lambert2_OcclusionRoughnessMetallic.uexp" 2130
"C:/Users/ROG Primary/Documents/GitHub/Oops-All-Ruins-/Oops_All_Ruins_U5/Content/Materials/Textures/Pot1/M_Pot1_v1_unwrp_geo_lambert2_Normal.ubulk" 2131
"C:/Users/ROG Primary/Documents/GitHub/Oops-All-Ruins-/Oops_All_Ruins_U5/Content/Materials/Textures/Pot1/M_Pot1_v1_unwrp_geo_lambert2_Normal.uasset" 2132
"C:/Users/ROG Primary/Documents/GitHub/Oops-All-Ruins-/Oops_All_Ruins_U5/Content/Materials/Textures/Pot1/M_Pot1_v1_unwrp_geo_lambert2_Normal.uexp" 2133
"C:/Users/ROG Primary/Documents/GitHub/Oops-All-Ruins-/Oops_All_Ruins_U5/Content/Materials/Textures/Pot1/M_Pot1_v1_unwrp_geo_lambert2_BaseColor.ubulk" 2134
"C:/Users/ROG Primary/Documents/GitHub/Oops-All-Ruins-/Oops_All_Ruins_U5/Content/Materials/Textures/Pot1/M_Pot1_v1_unwrp_geo_lambert2_BaseColor.uasset" 2135
"C:/Users/ROG Primary/Documents/GitHub/Oops-All-Ruins-/Oops_All_Ruins_U5/Content/Materials/Textures/Pot1/M_Pot1_v1_unwrp_geo_lambert2_BaseColor.uexp" 2136
"C:/Users/ROG Primary/Documents/GitHub/Oops-All-Ruins-/Oops_All_Ruins_U5/Content/Materials/Pot1_mat.uasset" 2137
"C:/Users/ROG Primary/Documents/GitHub/Oops-All-Ruins-/Oops_All_Ruins_U5/Content/Materials/Pot1_mat.uexp" 2138
"C:/Users/ROG Primary/Documents/GitHub/Oops-All-Ruins-/Oops_All_Ruins_U5/Content/Assets/M_Pot1_v1_unwrp_geo.ubulk" 2139
"C:/Users/ROG Primary/Documents/GitHub/Oops-All-Ruins-/Oops_All_Ruins_U5/Content/Assets/M_Pot1_v1_unwrp_geo.uasset" 2140
"C:/Users/ROG Primary/Documents/GitHub/Oops-All-Ruins-/Oops_All_Ruins_U5/Content/Assets/M_Pot1_v1_unwrp_geo.uexp" 2141
"C:/Users/ROG Primary/Documents/GitHub/Oops-All-Ruins-/Oops_All_Ruins_U5/Content/Traps_BP/Bumper.uasset" 2142
"C:/Users/ROG Primary/Documents/GitHub/Oops-All-Ruins-/Oops_All_Ruins_U5/Content/Traps_BP/Bumper.uexp" 2143
"C:/Users/ROG Primary/Documents/GitHub/Oops-All-Ruins-/Oops_All_Ruins_U5/Content/Materials/Textures/PyramidStep_Corner_45/M_StepSlope_Corner45_v2_geo_DefaultMaterial_OcclusionRoughnessMetallic.ubulk" 2144
"C:/Users/ROG Primary/Documents/GitHub/Oops-All-Ruins-/Oops_All_Ruins_U5/Content/Materials/Textures/PyramidStep_Corner_45/M_StepSlope_Corner45_v2_geo_DefaultMaterial_OcclusionRoughnessMetallic.uasset" 2145
"C:/Users/ROG Primary/Documents/GitHub/Oops-All-Ruins-/Oops_All_Ruins_U5/Content/Materials/Textures/PyramidStep_Corner_45/M_StepSlope_Corner45_v2_geo_DefaultMaterial_OcclusionRoughnessMetallic.uexp" 2146
"C:/Users/ROG Primary/Documents/GitHub/Oops-All-Ruins-/Oops_All_Ruins_U5/Content/Materials/Textures/PyramidStep_Corner_45/M_StepSlope_Corner45_v2_geo_DefaultMaterial_BaseColor.ubulk" 2147
"C:/Users/ROG Primary/Documents/GitHub/Oops-All-Ruins-/Oops_All_Ruins_U5/Content/Materials/Textures/PyramidStep_Corner_45/M_StepSlope_Corner45_v2_geo_DefaultMaterial_BaseColor.uasset" 2148
"C:/Users/ROG Primary/Documents/GitHub/Oops-All-Ruins-/Oops_All_Ruins_U5/Content/Materials/Textures/PyramidStep_Corner_45/M_StepSlope_Corner45_v2_geo_DefaultMaterial_BaseColor.uexp" 2149
"C:/Users/ROG Primary/Documents/GitHub/Oops-All-Ruins-/Oops_All_Ruins_U5/Content/Materials/Textures/PyramidStep_Corner_45/M_StepSlope_Corner45_v2_geo_DefaultMaterial_Normal.ubulk" 2150
"C:/Users/ROG Primary/Documents/GitHub/Oops-All-Ruins-/Oops_All_Ruins_U5/Content/Materials/Textures/PyramidStep_Corner_45/M_StepSlope_Corner45_v2_geo_DefaultMaterial_Normal.uasset" 2151
"C:/Users/ROG Primary/Documents/GitHub/Oops-All-Ruins-/Oops_All_Ruins_U5/Content/Materials/Textures/PyramidStep_Corner_45/M_StepSlope_Corner45_v2_geo_DefaultMaterial_Normal.uexp" 2152
"C:/Users/ROG Primary/Documents/GitHub/Oops-All-Ruins-/Oops_All_Ruins_U5/Content/Materials/StepSlope_Corner_45_mat.uasset" 2153
"C:/Users/ROG Primary/Documents/GitHub/Oops-All-Ruins-/Oops_All_Ruins_U5/Content/Materials/StepSlope_Corner_45_mat.uexp" 2154
"C:/Users/ROG Primary/Documents/GitHub/Oops-All-Ruins-/Oops_All_Ruins_U5/Content/Assets/M_StepSlope_Corner45_v2_geo.ubulk" 2155
"C:/Users/ROG Primary/Documents/GitHub/Oops-All-Ruins-/Oops_All_Ruins_U5/Content/Assets/M_StepSlope_Corner45_v2_geo.uasset" 2156
"C:/Users/ROG Primary/Documents/GitHub/Oops-All-Ruins-/Oops_All_Ruins_U5/Content/Assets/M_StepSlope_Corner45_v2_geo.uexp" 2157
"C:/Users/ROG Primary/Documents/GitHub/Oops-All-Ruins-/Oops_All_Ruins_U5/Content/Materials/Textures/Rock3/O_Rock3_unwrp_geo_1001_Normal.ubulk" 2158
"C:/Users/ROG Primary/Documents/GitHub/Oops-All-Ruins-/Oops_All_Ruins_U5/Content/Materials/Textures/Rock3/O_Rock3_unwrp_geo_1001_Normal.uasset" 2159
"C:/Users/ROG Primary/Documents/GitHub/Oops-All-Ruins-/Oops_All_Ruins_U5/Content/Materials/Textures/Rock3/O_Rock3_unwrp_geo_1001_Normal.uexp" 2160
"C:/Users/ROG Primary/Documents/GitHub/Oops-All-Ruins-/Oops_All_Ruins_U5/Content/Materials/Textures/Rock3/O_Rock3_unwrp_geo_1001_OcclusionRoughnessMetallic.ubulk" 2161
"C:/Users/ROG Primary/Documents/GitHub/Oops-All-Ruins-/Oops_All_Ruins_U5/Content/Materials/Textures/Rock3/O_Rock3_unwrp_geo_1001_OcclusionRoughnessMetallic.uasset" 2162
"C:/Users/ROG Primary/Documents/GitHub/Oops-All-Ruins-/Oops_All_Ruins_U5/Content/Materials/Textures/Rock3/O_Rock3_unwrp_geo_1001_OcclusionRoughnessMetallic.uexp" 2163
"C:/Users/ROG Primary/Documents/GitHub/Oops-All-Ruins-/Oops_All_Ruins_U5/Content/Materials/Textures/Rock3/O_Rock3_unwrp_geo_1001_BaseColor.ubulk" 2164
"C:/Users/ROG Primary/Documents/GitHub/Oops-All-Ruins-/Oops_All_Ruins_U5/Content/Materials/Textures/Rock3/O_Rock3_unwrp_geo_1001_BaseColor.uasset" 2165
"C:/Users/ROG Primary/Documents/GitHub/Oops-All-Ruins-/Oops_All_Ruins_U5/Content/Materials/Textures/Rock3/O_Rock3_unwrp_geo_1001_BaseColor.uexp" 2166
"C:/Users/ROG Primary/Documents/GitHub/Oops-All-Ruins-/Oops_All_Ruins_U5/Content/Materials/Rock3_mat.uasset" 2167
"C:/Users/ROG Primary/Documents/GitHub/Oops-All-Ruins-/Oops_All_Ruins_U5/Content/Materials/Rock3_mat.uexp" 2168
"C:/Users/ROG Primary/Documents/GitHub/Oops-All-Ruins-/Oops_All_Ruins_U5/Content/Assets/Rock3_V1_Geo.ubulk" 2169
"C:/Users/ROG Primary/Documents/GitHub/Oops-All-Ruins-/Oops_All_Ruins_U5/Content/Assets/Rock3_V1_Geo.uasset" 2170
"C:/Users/ROG Primary/Documents/GitHub/Oops-All-Ruins-/Oops_All_Ruins_U5/Content/Assets/Rock3_V1_Geo.uexp" 2171
"C:/Users/ROG Primary/Documents/GitHub/Oops-All-Ruins-/Oops_All_Ruins_U5/Content/Materials/Textures/SeaGodReleif/M_SeaGodRelief_v2_geo_low_DefaultMaterial_OcclusionRoughnessMetallic.ubulk" 2172
"C:/Users/ROG Primary/Documents/GitHub/Oops-All-Ruins-/Oops_All_Ruins_U5/Content/Materials/Textures/SeaGodReleif/M_SeaGodRelief_v2_geo_low_DefaultMaterial_OcclusionRoughnessMetallic.uasset" 2173
"C:/Users/ROG Primary/Documents/GitHub/Oops-All-Ruins-/Oops_All_Ruins_U5/Content/Materials/Textures/SeaGodReleif/M_SeaGodRelief_v2_geo_low_DefaultMaterial_OcclusionRoughnessMetallic.uexp" 2174
"C:/Users/ROG Primary/Documents/GitHub/Oops-All-Ruins-/Oops_All_Ruins_U5/Content/Materials/Textures/SeaGodReleif/M_SeaGodRelief_v2_geo_low_DefaultMaterial_BaseColor.ubulk" 2175
"C:/Users/ROG Primary/Documents/GitHub/Oops-All-Ruins-/Oops_All_Ruins_U5/Content/Materials/Textures/SeaGodReleif/M_SeaGodRelief_v2_geo_low_DefaultMaterial_BaseColor.uasset" 2176
"C:/Users/ROG Primary/Documents/GitHub/Oops-All-Ruins-/Oops_All_Ruins_U5/Content/Materials/Textures/SeaGodReleif/M_SeaGodRelief_v2_geo_low_DefaultMaterial_BaseColor.uexp" 2177
"C:/Users/ROG Primary/Documents/GitHub/Oops-All-Ruins-/Oops_All_Ruins_U5/Content/Materials/Textures/SeaGodReleif/M_SeaGodRelief_v2_geo_low_DefaultMaterial_Normal.ubulk" 2178
"C:/Users/ROG Primary/Documents/GitHub/Oops-All-Ruins-/Oops_All_Ruins_U5/Content/Materials/Textures/SeaGodReleif/M_SeaGodRelief_v2_geo_low_DefaultMaterial_Normal.uasset" 2179
"C:/Users/ROG Primary/Documents/GitHub/Oops-All-Ruins-/Oops_All_Ruins_U5/Content/Materials/Textures/SeaGodReleif/M_SeaGodRelief_v2_geo_low_DefaultMaterial_Normal.uexp" 2180
"C:/Users/ROG Primary/Documents/GitHub/Oops-All-Ruins-/Oops_All_Ruins_U5/Content/Materials/SeaGodReleif_mat.uasset" 2181
"C:/Users/ROG Primary/Documents/GitHub/Oops-All-Ruins-/Oops_All_Ruins_U5/Content/Materials/SeaGodReleif_mat.uexp" 2182
"C:/Users/ROG Primary/Documents/GitHub/Oops-All-Ruins-/Oops_All_Ruins_U5/Content/Assets/M_SeaGodRelief_v2_geo_low.ubulk" 2183
"C:/Users/ROG Primary/Documents/GitHub/Oops-All-Ruins-/Oops_All_Ruins_U5/Content/Assets/M_SeaGodRelief_v2_geo_low.uasset" 2184
"C:/Users/ROG Primary/Documents/GitHub/Oops-All-Ruins-/Oops_All_Ruins_U5/Content/Assets/M_SeaGodRelief_v2_geo_low.uexp" 2185
"C:/Users/ROG Primary/Documents/GitHub/Oops-All-Ruins-/Oops_All_Ruins_U5/Content/Geometry/Meshes/TemplateFloor.ubulk" 2186
"C:/Users/ROG Primary/Documents/GitHub/Oops-All-Ruins-/Oops_All_Ruins_U5/Content/Geometry/Meshes/TemplateFloor.uasset" 2187
"C:/Users/ROG Primary/Documents/GitHub/Oops-All-Ruins-/Oops_All_Ruins_U5/Content/Geometry/Meshes/TemplateFloor.uexp" 2188
"C:/Users/ROG Primary/Documents/GitHub/Oops-All-Ruins-/Oops_All_Ruins_U5/Content/Assets/Ramp_V1_Geo.ubulk" 2189
"C:/Users/ROG Primary/Documents/GitHub/Oops-All-Ruins-/Oops_All_Ruins_U5/Content/Assets/Ramp_V1_Geo.uasset" 2190
"C:/Users/ROG Primary/Documents/GitHub/Oops-All-Ruins-/Oops_All_Ruins_U5/Content/Assets/Ramp_V1_Geo.uexp" 2191
"C:/Users/ROG Primary/Documents/GitHub/Oops-All-Ruins-/Oops_All_Ruins_U5/Content/ThirdPerson/Blueprints/MainMenu/BP_PC_BasicSetup.uasset" 2192
"C:/Users/ROG Primary/Documents/GitHub/Oops-All-Ruins-/Oops_All_Ruins_U5/Content/ThirdPerson/Blueprints/MainMenu/BP_PC_BasicSetup.uexp" 2193
"C:/Users/ROG Primary/Documents/GitHub/Oops-All-Ruins-/Oops_All_Ruins_U5/Content/ThirdPerson/Blueprints/MainMenu/BP_GM_BasicSetup.uasset" 2194
"C:/Users/ROG Primary/Documents/GitHub/Oops-All-Ruins-/Oops_All_Ruins_U5/Content/ThirdPerson/Blueprints/MainMenu/BP_GM_BasicSetup.uexp" 2195
"C:/Users/ROG Primary/Documents/GitHub/Oops-All-Ruins-/Oops_All_Ruins_U5/Content/Cinematics/Level_3/Level3_opening_flythrough_03.uasset" 2196
"C:/Users/ROG Primary/Documents/GitHub/Oops-All-Ruins-/Oops_All_Ruins_U5/Content/Cinematics/Level_3/Level3_opening_flythrough_03.uexp" 2197
"C:/Users/ROG Primary/Documents/GitHub/Oops-All-Ruins-/Oops_All_Ruins_U5/Content/Images/Winner2.uasset" 2198
"C:/Users/ROG Primary/Documents/GitHub/Oops-All-Ruins-/Oops_All_Ruins_U5/Content/Images/Winner2.uexp" 2199
"C:/Users/ROG Primary/Documents/GitHub/Oops-All-Ruins-/Oops_All_Ruins_U5/Content/Images/Winner.uasset" 2200
"C:/Users/ROG Primary/Documents/GitHub/Oops-All-Ruins-/Oops_All_Ruins_U5/Content/Images/Winner.uexp" 2201
"C:/Users/ROG Primary/Documents/GitHub/Oops-All-Ruins-/Oops_All_Ruins_U5/Content/Materials/Textures/Arrow/K_Arrow_v1_geo_1001_Normal.ubulk" 2202
"C:/Users/ROG Primary/Documents/GitHub/Oops-All-Ruins-/Oops_All_Ruins_U5/Content/Materials/Textures/Arrow/K_Arrow_v1_geo_1001_Normal.uasset" 2203
"C:/Users/ROG Primary/Documents/GitHub/Oops-All-Ruins-/Oops_All_Ruins_U5/Content/Materials/Textures/Arrow/K_Arrow_v1_geo_1001_Normal.uexp" 2204
"C:/Users/ROG Primary/Documents/GitHub/Oops-All-Ruins-/Oops_All_Ruins_U5/Content/Materials/Textures/Arrow/K_Arrow_v1_geo_1001_BaseColor.ubulk" 2205
"C:/Users/ROG Primary/Documents/GitHub/Oops-All-Ruins-/Oops_All_Ruins_U5/Content/Materials/Textures/Arrow/K_Arrow_v1_geo_1001_BaseColor.uasset" 2206
"C:/Users/ROG Primary/Documents/GitHub/Oops-All-Ruins-/Oops_All_Ruins_U5/Content/Materials/Textures/Arrow/K_Arrow_v1_geo_1001_BaseColor.uexp" 2207
"C:/Users/ROG Primary/Documents/GitHub/Oops-All-Ruins-/Oops_All_Ruins_U5/Content/Materials/Textures/Arrow/K_Arrow_v1_geo_1001_OcclusionRoughnessMetallic.ubulk" 2208
"C:/Users/ROG Primary/Documents/GitHub/Oops-All-Ruins-/Oops_All_Ruins_U5/Content/Materials/Textures/Arrow/K_Arrow_v1_geo_1001_OcclusionRoughnessMetallic.uasset" 2209
"C:/Users/ROG Primary/Documents/GitHub/Oops-All-Ruins-/Oops_All_Ruins_U5/Content/Materials/Textures/Arrow/K_Arrow_v1_geo_1001_OcclusionRoughnessMetallic.uexp" 2210
"C:/Users/ROG Primary/Documents/GitHub/Oops-All-Ruins-/Oops_All_Ruins_U5/Content/Materials/Arrow_mat.uasset" 2211
"C:/Users/ROG Primary/Documents/GitHub/Oops-All-Ruins-/Oops_All_Ruins_U5/Content/Materials/Arrow_mat.uexp" 2212
"C:/Users/ROG Primary/Documents/GitHub/Oops-All-Ruins-/Oops_All_Ruins_U5/Content/Assets/K_Arrow_v1_geo.ubulk" 2213
"C:/Users/ROG Primary/Documents/GitHub/Oops-All-Ruins-/Oops_All_Ruins_U5/Content/Assets/K_Arrow_v1_geo.uasset" 2214
"C:/Users/ROG Primary/Documents/GitHub/Oops-All-Ruins-/Oops_All_Ruins_U5/Content/Assets/K_Arrow_v1_geo.uexp" 2215
"C:/Users/ROG Primary/Documents/GitHub/Oops-All-Ruins-/Oops_All_Ruins_U5/Content/Materials/Textures/Rock4/O_Rock4_unwrp_geo_1001_Normal.ubulk" 2216
"C:/Users/ROG Primary/Documents/GitHub/Oops-All-Ruins-/Oops_All_Ruins_U5/Content/Materials/Textures/Rock4/O_Rock4_unwrp_geo_1001_Normal.uasset" 2217
"C:/Users/ROG Primary/Documents/GitHub/Oops-All-Ruins-/Oops_All_Ruins_U5/Content/Materials/Textures/Rock4/O_Rock4_unwrp_geo_1001_Normal.uexp" 2218
"C:/Users/ROG Primary/Documents/GitHub/Oops-All-Ruins-/Oops_All_Ruins_U5/Content/Materials/Textures/Rock4/O_Rock4_unwrp_geo_1001_OcclusionRoughnessMetallic.ubulk" 2219
"C:/Users/ROG Primary/Documents/GitHub/Oops-All-Ruins-/Oops_All_Ruins_U5/Content/Materials/Textures/Rock4/O_Rock4_unwrp_geo_1001_OcclusionRoughnessMetallic.uasset" 2220
"C:/Users/ROG Primary/Documents/GitHub/Oops-All-Ruins-/Oops_All_Ruins_U5/Content/Materials/Textures/Rock4/O_Rock4_unwrp_geo_1001_OcclusionRoughnessMetallic.uexp" 2221
"C:/Users/ROG Primary/Documents/GitHub/Oops-All-Ruins-/Oops_All_Ruins_U5/Content/Materials/Textures/Rock4/O_Rock4_unwrp_geo_1001_BaseColor.ubulk" 2222
"C:/Users/ROG Primary/Documents/GitHub/Oops-All-Ruins-/Oops_All_Ruins_U5/Content/Materials/Textures/Rock4/O_Rock4_unwrp_geo_1001_BaseColor.uasset" 2223
"C:/Users/ROG Primary/Documents/GitHub/Oops-All-Ruins-/Oops_All_Ruins_U5/Content/Materials/Textures/Rock4/O_Rock4_unwrp_geo_1001_BaseColor.uexp" 2224
"C:/Users/ROG Primary/Documents/GitHub/Oops-All-Ruins-/Oops_All_Ruins_U5/Content/Materials/Rock4_mat.uasset" 2225
"C:/Users/ROG Primary/Documents/GitHub/Oops-All-Ruins-/Oops_All_Ruins_U5/Content/Materials/Rock4_mat.uexp" 2226
"C:/Users/ROG Primary/Documents/GitHub/Oops-All-Ruins-/Oops_All_Ruins_U5/Content/Assets/Rock4_V1_Geo.ubulk" 2227
"C:/Users/ROG Primary/Documents/GitHub/Oops-All-Ruins-/Oops_All_Ruins_U5/Content/Assets/Rock4_V1_Geo.uasset" 2228
"C:/Users/ROG Primary/Documents/GitHub/Oops-All-Ruins-/Oops_All_Ruins_U5/Content/Assets/Rock4_V1_Geo.uexp" 2229
"C:/Users/ROG Primary/Documents/GitHub/Oops-All-Ruins-/Oops_All_Ruins_U5/Content/Materials/Textures/Red_BaseColor/Red_BaseColor_normal.ubulk" 2230
"C:/Users/ROG Primary/Documents/GitHub/Oops-All-Ruins-/Oops_All_Ruins_U5/Content/Materials/Textures/Red_BaseColor/Red_BaseColor_normal.uasset" 2231
"C:/Users/ROG Primary/Documents/GitHub/Oops-All-Ruins-/Oops_All_Ruins_U5/Content/Materials/Textures/Red_BaseColor/Red_BaseColor_normal.uexp" 2232
"C:/Users/ROG Primary/Documents/GitHub/Oops-All-Ruins-/Oops_All_Ruins_U5/Content/Materials/Textures/Red_BaseColor/Red_BaseColor_basecolor.ubulk" 2233
"C:/Users/ROG Primary/Documents/GitHub/Oops-All-Ruins-/Oops_All_Ruins_U5/Content/Materials/Textures/Red_BaseColor/Red_BaseColor_basecolor.uasset" 2234
"C:/Users/ROG Primary/Documents/GitHub/Oops-All-Ruins-/Oops_All_Ruins_U5/Content/Materials/Textures/Red_BaseColor/Red_BaseColor_basecolor.uexp" 2235
"C:/Users/ROG Primary/Documents/GitHub/Oops-All-Ruins-/Oops_All_Ruins_U5/Content/Materials/Textures/Red_BaseColor/Red_BaseColor_metallic.ubulk" 2236
"C:/Users/ROG Primary/Documents/GitHub/Oops-All-Ruins-/Oops_All_Ruins_U5/Content/Materials/Textures/Red_BaseColor/Red_BaseColor_metallic.uasset" 2237
"C:/Users/ROG Primary/Documents/GitHub/Oops-All-Ruins-/Oops_All_Ruins_U5/Content/Materials/Textures/Red_BaseColor/Red_BaseColor_metallic.uexp" 2238
"C:/Users/ROG Primary/Documents/GitHub/Oops-All-Ruins-/Oops_All_Ruins_U5/Content/Materials/Textures/Red_BaseColor/Red_BaseColor_roughness.ubulk" 2239
"C:/Users/ROG Primary/Documents/GitHub/Oops-All-Ruins-/Oops_All_Ruins_U5/Content/Materials/Textures/Red_BaseColor/Red_BaseColor_roughness.uasset" 2240
"C:/Users/ROG Primary/Documents/GitHub/Oops-All-Ruins-/Oops_All_Ruins_U5/Content/Materials/Textures/Red_BaseColor/Red_BaseColor_roughness.uexp" 2241
"C:/Users/ROG Primary/Documents/GitHub/Oops-All-Ruins-/Oops_All_Ruins_U5/Content/Materials/Red_BaseColor_mat.uasset" 2242
"C:/Users/ROG Primary/Documents/GitHub/Oops-All-Ruins-/Oops_All_Ruins_U5/Content/Materials/Red_BaseColor_mat.uexp" 2243
"C:/Users/ROG Primary/Documents/GitHub/Oops-All-Ruins-/Oops_All_Ruins_U5/Content/Assets/M_WallRelief_v1_unwrp_geo.ubulk" 2244
"C:/Users/ROG Primary/Documents/GitHub/Oops-All-Ruins-/Oops_All_Ruins_U5/Content/Assets/M_WallRelief_v1_unwrp_geo.uasset" 2245
"C:/Users/ROG Primary/Documents/GitHub/Oops-All-Ruins-/Oops_All_Ruins_U5/Content/Assets/M_WallRelief_v1_unwrp_geo.uexp" 2246
"C:/Users/ROG Primary/Documents/GitHub/Oops-All-Ruins-/Oops_All_Ruins_U5/Content/Materials/Blue_BaseColor_mat.uasset" 2247
"C:/Users/ROG Primary/Documents/GitHub/Oops-All-Ruins-/Oops_All_Ruins_U5/Content/Materials/Blue_BaseColor_mat.uexp" 2248
"C:/Users/ROG Primary/Documents/GitHub/Oops-All-Ruins-/Oops_All_Ruins_U5/Content/Assets/M_WallDetail_v1_unwrp_geo.ubulk" 2249
"C:/Users/ROG Primary/Documents/GitHub/Oops-All-Ruins-/Oops_All_Ruins_U5/Content/Assets/M_WallDetail_v1_unwrp_geo.uasset" 2250
"C:/Users/ROG Primary/Documents/GitHub/Oops-All-Ruins-/Oops_All_Ruins_U5/Content/Assets/M_WallDetail_v1_unwrp_geo.uexp" 2251
"C:/Users/ROG Primary/Documents/GitHub/Oops-All-Ruins-/Oops_All_Ruins_U5/Content/Materials/Textures/DecorativeAlter/Decorative_Altar_V2_Geo_1001_OcclusionRoughnessMetallic.ubulk" 2252
"C:/Users/ROG Primary/Documents/GitHub/Oops-All-Ruins-/Oops_All_Ruins_U5/Content/Materials/Textures/DecorativeAlter/Decorative_Altar_V2_Geo_1001_OcclusionRoughnessMetallic.uasset" 2253
"C:/Users/ROG Primary/Documents/GitHub/Oops-All-Ruins-/Oops_All_Ruins_U5/Content/Materials/Textures/DecorativeAlter/Decorative_Altar_V2_Geo_1001_OcclusionRoughnessMetallic.uexp" 2254
"C:/Users/ROG Primary/Documents/GitHub/Oops-All-Ruins-/Oops_All_Ruins_U5/Content/Materials/Textures/DecorativeAlter/Decorative_Altar_V2_Geo_1001_BaseColor.ubulk" 2255
"C:/Users/ROG Primary/Documents/GitHub/Oops-All-Ruins-/Oops_All_Ruins_U5/Content/Materials/Textures/DecorativeAlter/Decorative_Altar_V2_Geo_1001_BaseColor.uasset" 2256
"C:/Users/ROG Primary/Documents/GitHub/Oops-All-Ruins-/Oops_All_Ruins_U5/Content/Materials/Textures/DecorativeAlter/Decorative_Altar_V2_Geo_1001_BaseColor.uexp" 2257
"C:/Users/ROG Primary/Documents/GitHub/Oops-All-Ruins-/Oops_All_Ruins_U5/Content/Materials/Textures/DecorativeAlter/Decorative_Altar_V2_Geo_1001_Normal.ubulk" 2258
"C:/Users/ROG Primary/Documents/GitHub/Oops-All-Ruins-/Oops_All_Ruins_U5/Content/Materials/Textures/DecorativeAlter/Decorative_Altar_V2_Geo_1001_Normal.uasset" 2259
"C:/Users/ROG Primary/Documents/GitHub/Oops-All-Ruins-/Oops_All_Ruins_U5/Content/Materials/Textures/DecorativeAlter/Decorative_Altar_V2_Geo_1001_Normal.uexp" 2260
"C:/Users/ROG Primary/Documents/GitHub/Oops-All-Ruins-/Oops_All_Ruins_U5/Content/Materials/DectrativeAlter_mat.uasset" 2261
"C:/Users/ROG Primary/Documents/GitHub/Oops-All-Ruins-/Oops_All_Ruins_U5/Content/Materials/DectrativeAlter_mat.uexp" 2262
"C:/Users/ROG Primary/Documents/GitHub/Oops-All-Ruins-/Oops_All_Ruins_U5/Content/Assets/Decorative_Altar_V1_Geo.ubulk" 2263
"C:/Users/ROG Primary/Documents/GitHub/Oops-All-Ruins-/Oops_All_Ruins_U5/Content/Assets/Decorative_Altar_V1_Geo.uasset" 2264
"C:/Users/ROG Primary/Documents/GitHub/Oops-All-Ruins-/Oops_All_Ruins_U5/Content/Assets/Decorative_Altar_V1_Geo.uexp" 2265
"C:/Users/ROG Primary/Documents/GitHub/Oops-All-Ruins-/Oops_All_Ruins_U5/Content/Materials/Textures/Podium/podium_uv_unwrapped_1001_Normal.ubulk" 2266
"C:/Users/ROG Primary/Documents/GitHub/Oops-All-Ruins-/Oops_All_Ruins_U5/Content/Materials/Textures/Podium/podium_uv_unwrapped_1001_Normal.uasset" 2267
"C:/Users/ROG Primary/Documents/GitHub/Oops-All-Ruins-/Oops_All_Ruins_U5/Content/Materials/Textures/Podium/podium_uv_unwrapped_1001_Normal.uexp" 2268
"C:/Users/ROG Primary/Documents/GitHub/Oops-All-Ruins-/Oops_All_Ruins_U5/Content/Materials/Textures/Podium/podium_uv_unwrapped_1001_BaseColor.ubulk" 2269
"C:/Users/ROG Primary/Documents/GitHub/Oops-All-Ruins-/Oops_All_Ruins_U5/Content/Materials/Textures/Podium/podium_uv_unwrapped_1001_BaseColor.uasset" 2270
"C:/Users/ROG Primary/Documents/GitHub/Oops-All-Ruins-/Oops_All_Ruins_U5/Content/Materials/Textures/Podium/podium_uv_unwrapped_1001_BaseColor.uexp" 2271
"C:/Users/ROG Primary/Documents/GitHub/Oops-All-Ruins-/Oops_All_Ruins_U5/Content/Materials/Textures/Podium/podium_uv_unwrapped_1001_OcclusionRoughnessMetallic.ubulk" 2272
"C:/Users/ROG Primary/Documents/GitHub/Oops-All-Ruins-/Oops_All_Ruins_U5/Content/Materials/Textures/Podium/podium_uv_unwrapped_1001_OcclusionRoughnessMetallic.uasset" 2273
"C:/Users/ROG Primary/Documents/GitHub/Oops-All-Ruins-/Oops_All_Ruins_U5/Content/Materials/Textures/Podium/podium_uv_unwrapped_1001_OcclusionRoughnessMetallic.uexp" 2274
"C:/Users/ROG Primary/Documents/GitHub/Oops-All-Ruins-/Oops_All_Ruins_U5/Content/Materials/Podium_mat.uasset" 2275
"C:/Users/ROG Primary/Documents/GitHub/Oops-All-Ruins-/Oops_All_Ruins_U5/Content/Materials/Podium_mat.uexp" 2276
"C:/Users/ROG Primary/Documents/GitHub/Oops-All-Ruins-/Oops_All_Ruins_U5/Content/Assets/podium_uv_unwrapped.ubulk" 2277
"C:/Users/ROG Primary/Documents/GitHub/Oops-All-Ruins-/Oops_All_Ruins_U5/Content/Assets/podium_uv_unwrapped.uasset" 2278
"C:/Users/ROG Primary/Documents/GitHub/Oops-All-Ruins-/Oops_All_Ruins_U5/Content/Assets/podium_uv_unwrapped.uexp" 2279
"../../../Engine/Content/EngineMaterials/DefaultPhysicalMaterial.uasset" 2280
"../../../Engine/Content/EngineMaterials/DefaultPhysicalMaterial.uexp" 2281
"C:/Users/ROG Primary/Documents/GitHub/Oops-All-Ruins-/Oops_All_Ruins_U5/Content/Materials/Textures/PillarBlank/M_PillarBlank_v1_unwrp_geo_lambert6_BaseColor.ubulk" 2282
"C:/Users/ROG Primary/Documents/GitHub/Oops-All-Ruins-/Oops_All_Ruins_U5/Content/Materials/Textures/PillarBlank/M_PillarBlank_v1_unwrp_geo_lambert6_BaseColor.uasset" 2283
"C:/Users/ROG Primary/Documents/GitHub/Oops-All-Ruins-/Oops_All_Ruins_U5/Content/Materials/Textures/PillarBlank/M_PillarBlank_v1_unwrp_geo_lambert6_BaseColor.uexp" 2284
"C:/Users/ROG Primary/Documents/GitHub/Oops-All-Ruins-/Oops_All_Ruins_U5/Content/Materials/Textures/PillarBlank/M_PillarBlank_v1_unwrp_geo_lambert6_Roughness.ubulk" 2285
"C:/Users/ROG Primary/Documents/GitHub/Oops-All-Ruins-/Oops_All_Ruins_U5/Content/Materials/Textures/PillarBlank/M_PillarBlank_v1_unwrp_geo_lambert6_Roughness.uasset" 2286
"C:/Users/ROG Primary/Documents/GitHub/Oops-All-Ruins-/Oops_All_Ruins_U5/Content/Materials/Textures/PillarBlank/M_PillarBlank_v1_unwrp_geo_lambert6_Roughness.uexp" 2287
"C:/Users/ROG Primary/Documents/GitHub/Oops-All-Ruins-/Oops_All_Ruins_U5/Content/Materials/Textures/PillarBlank/M_PillarBlank_v1_unwrp_geo_lambert6_Normal.ubulk" 2288
"C:/Users/ROG Primary/Documents/GitHub/Oops-All-Ruins-/Oops_All_Ruins_U5/Content/Materials/Textures/PillarBlank/M_PillarBlank_v1_unwrp_geo_lambert6_Normal.uasset" 2289
"C:/Users/ROG Primary/Documents/GitHub/Oops-All-Ruins-/Oops_All_Ruins_U5/Content/Materials/Textures/PillarBlank/M_PillarBlank_v1_unwrp_geo_lambert6_Normal.uexp" 2290
"C:/Users/ROG Primary/Documents/GitHub/Oops-All-Ruins-/Oops_All_Ruins_U5/Content/Materials/PillarBlank_mat.uasset" 2291
"C:/Users/ROG Primary/Documents/GitHub/Oops-All-Ruins-/Oops_All_Ruins_U5/Content/Materials/PillarBlank_mat.uexp" 2292
"C:/Users/ROG Primary/Documents/GitHub/Oops-All-Ruins-/Oops_All_Ruins_U5/Content/Assets/M_PillarBlank_v1_unwrp_geo.ubulk" 2293
"C:/Users/ROG Primary/Documents/GitHub/Oops-All-Ruins-/Oops_All_Ruins_U5/Content/Assets/M_PillarBlank_v1_unwrp_geo.uasset" 2294
"C:/Users/ROG Primary/Documents/GitHub/Oops-All-Ruins-/Oops_All_Ruins_U5/Content/Assets/M_PillarBlank_v1_unwrp_geo.uexp" 2295
"../../../Engine/Content/EngineMaterials/DefaultDestructiblePhysicalMaterial.uasset" 2296
"../../../Engine/Content/EngineMaterials/DefaultDestructiblePhysicalMaterial.uexp" 2297
"C:/Users/ROG Primary/Documents/GitHub/Oops-All-Ruins-/Oops_All_Ruins_U5/Content/Blueprints/Checkpoint_BP.uasset" 2298
"C:/Users/ROG Primary/Documents/GitHub/Oops-All-Ruins-/Oops_All_Ruins_U5/Content/Blueprints/Checkpoint_BP.uexp" 2299
"C:/Users/ROG Primary/Documents/GitHub/Oops-All-Ruins-/Oops_All_Ruins_U5/Content/Materials/Textures/QuatzHead/M_Quetzalcoatl_Head_v1_unwrap_geo_Material_001_OcclusionRoughnessMetallic.ubulk" 2300
"C:/Users/ROG Primary/Documents/GitHub/Oops-All-Ruins-/Oops_All_Ruins_U5/Content/Materials/Textures/QuatzHead/M_Quetzalcoatl_Head_v1_unwrap_geo_Material_001_OcclusionRoughnessMetallic.uasset" 2301
"C:/Users/ROG Primary/Documents/GitHub/Oops-All-Ruins-/Oops_All_Ruins_U5/Content/Materials/Textures/QuatzHead/M_Quetzalcoatl_Head_v1_unwrap_geo_Material_001_OcclusionRoughnessMetallic.uexp" 2302
"C:/Users/ROG Primary/Documents/GitHub/Oops-All-Ruins-/Oops_All_Ruins_U5/Content/Materials/Textures/QuatzHead/M_Quetzalcoatl_Head_v1_unwrap_geo_Material_001_BaseColor.ubulk" 2303
"C:/Users/ROG Primary/Documents/GitHub/Oops-All-Ruins-/Oops_All_Ruins_U5/Content/Materials/Textures/QuatzHead/M_Quetzalcoatl_Head_v1_unwrap_geo_Material_001_BaseColor.uasset" 2304
"C:/Users/ROG Primary/Documents/GitHub/Oops-All-Ruins-/Oops_All_Ruins_U5/Content/Materials/Textures/QuatzHead/M_Quetzalcoatl_Head_v1_unwrap_geo_Material_001_BaseColor.uexp" 2305
"C:/Users/ROG Primary/Documents/GitHub/Oops-All-Ruins-/Oops_All_Ruins_U5/Content/Materials/Textures/QuatzHead/M_Quetzalcoatl_Head_v1_unwrap_geo_Material_001_Normal.ubulk" 2306
"C:/Users/ROG Primary/Documents/GitHub/Oops-All-Ruins-/Oops_All_Ruins_U5/Content/Materials/Textures/QuatzHead/M_Quetzalcoatl_Head_v1_unwrap_geo_Material_001_Normal.uasset" 2307
"C:/Users/ROG Primary/Documents/GitHub/Oops-All-Ruins-/Oops_All_Ruins_U5/Content/Materials/Textures/QuatzHead/M_Quetzalcoatl_Head_v1_unwrap_geo_Material_001_Normal.uexp" 2308
"C:/Users/ROG Primary/Documents/GitHub/Oops-All-Ruins-/Oops_All_Ruins_U5/Content/Materials/QuetzalcoatlHead_mat.uasset" 2309
"C:/Users/ROG Primary/Documents/GitHub/Oops-All-Ruins-/Oops_All_Ruins_U5/Content/Materials/QuetzalcoatlHead_mat.uexp" 2310
"C:/Users/ROG Primary/Documents/GitHub/Oops-All-Ruins-/Oops_All_Ruins_U5/Content/Assets/M_Quetzalcoatl_Head_v1_geo_low.ubulk" 2311
"C:/Users/ROG Primary/Documents/GitHub/Oops-All-Ruins-/Oops_All_Ruins_U5/Content/Assets/M_Quetzalcoatl_Head_v1_geo_low.uasset" 2312
"C:/Users/ROG Primary/Documents/GitHub/Oops-All-Ruins-/Oops_All_Ruins_U5/Content/Assets/M_Quetzalcoatl_Head_v1_geo_low.uexp" 2313
"C:/Users/ROG Primary/Documents/GitHub/Oops-All-Ruins-/Oops_All_Ruins_U5/Content/Materials/Textures/Rock5/O_Rock5_unwrp_geo_1001_Normal.ubulk" 2314
"C:/Users/ROG Primary/Documents/GitHub/Oops-All-Ruins-/Oops_All_Ruins_U5/Content/Materials/Textures/Rock5/O_Rock5_unwrp_geo_1001_Normal.uasset" 2315
"C:/Users/ROG Primary/Documents/GitHub/Oops-All-Ruins-/Oops_All_Ruins_U5/Content/Materials/Textures/Rock5/O_Rock5_unwrp_geo_1001_Normal.uexp" 2316
"C:/Users/ROG Primary/Documents/GitHub/Oops-All-Ruins-/Oops_All_Ruins_U5/Content/Materials/Textures/Rock5/O_Rock5_unwrp_geo_1001_BaseColor.ubulk" 2317
"C:/Users/ROG Primary/Documents/GitHub/Oops-All-Ruins-/Oops_All_Ruins_U5/Content/Materials/Textures/Rock5/O_Rock5_unwrp_geo_1001_BaseColor.uasset" 2318
"C:/Users/ROG Primary/Documents/GitHub/Oops-All-Ruins-/Oops_All_Ruins_U5/Content/Materials/Textures/Rock5/O_Rock5_unwrp_geo_1001_BaseColor.uexp" 2319
"C:/Users/ROG Primary/Documents/GitHub/Oops-All-Ruins-/Oops_All_Ruins_U5/Content/Materials/Textures/Rock5/O_Rock5_unwrp_geo_1001_OcclusionRoughnessMetallic.ubulk" 2320
"C:/Users/ROG Primary/Documents/GitHub/Oops-All-Ruins-/Oops_All_Ruins_U5/Content/Materials/Textures/Rock5/O_Rock5_unwrp_geo_1001_OcclusionRoughnessMetallic.uasset" 2321
"C:/Users/ROG Primary/Documents/GitHub/Oops-All-Ruins-/Oops_All_Ruins_U5/Content/Materials/Textures/Rock5/O_Rock5_unwrp_geo_1001_OcclusionRoughnessMetallic.uexp" 2322
"C:/Users/ROG Primary/Documents/GitHub/Oops-All-Ruins-/Oops_All_Ruins_U5/Content/Materials/Rock5_mat.uasset" 2323
"C:/Users/ROG Primary/Documents/GitHub/Oops-All-Ruins-/Oops_All_Ruins_U5/Content/Materials/Rock5_mat.uexp" 2324
"C:/Users/ROG Primary/Documents/GitHub/Oops-All-Ruins-/Oops_All_Ruins_U5/Content/Assets/Rock5_V1_Geo.ubulk" 2325
"C:/Users/ROG Primary/Documents/GitHub/Oops-All-Ruins-/Oops_All_Ruins_U5/Content/Assets/Rock5_V1_Geo.uasset" 2326
"C:/Users/ROG Primary/Documents/GitHub/Oops-All-Ruins-/Oops_All_Ruins_U5/Content/Assets/Rock5_V1_Geo.uexp" 2327
"C:/Users/ROG Primary/Documents/GitHub/Oops-All-Ruins-/Oops_All_Ruins_U5/Content/Materials/Textures/PyramidStep_Middle_45/M_StepSlope_Middle45_v1_geo_DefaultMaterial_OcclusionRoughnessMetallic.ubulk" 2328
"C:/Users/ROG Primary/Documents/GitHub/Oops-All-Ruins-/Oops_All_Ruins_U5/Content/Materials/Textures/PyramidStep_Middle_45/M_StepSlope_Middle45_v1_geo_DefaultMaterial_OcclusionRoughnessMetallic.uasset" 2329
"C:/Users/ROG Primary/Documents/GitHub/Oops-All-Ruins-/Oops_All_Ruins_U5/Content/Materials/Textures/PyramidStep_Middle_45/M_StepSlope_Middle45_v1_geo_DefaultMaterial_OcclusionRoughnessMetallic.uexp" 2330
"C:/Users/ROG Primary/Documents/GitHub/Oops-All-Ruins-/Oops_All_Ruins_U5/Content/Materials/Textures/PyramidStep_Middle_45/M_StepSlope_Middle45_v1_geo_DefaultMaterial_BaseColor.ubulk" 2331
"C:/Users/ROG Primary/Documents/GitHub/Oops-All-Ruins-/Oops_All_Ruins_U5/Content/Materials/Textures/PyramidStep_Middle_45/M_StepSlope_Middle45_v1_geo_DefaultMaterial_BaseColor.uasset" 2332
"C:/Users/ROG Primary/Documents/GitHub/Oops-All-Ruins-/Oops_All_Ruins_U5/Content/Materials/Textures/PyramidStep_Middle_45/M_StepSlope_Middle45_v1_geo_DefaultMaterial_BaseColor.uexp" 2333
"C:/Users/ROG Primary/Documents/GitHub/Oops-All-Ruins-/Oops_All_Ruins_U5/Content/Materials/Textures/PyramidStep_Middle_45/M_StepSlope_Middle45_v1_geo_DefaultMaterial_Normal.ubulk" 2334
"C:/Users/ROG Primary/Documents/GitHub/Oops-All-Ruins-/Oops_All_Ruins_U5/Content/Materials/Textures/PyramidStep_Middle_45/M_StepSlope_Middle45_v1_geo_DefaultMaterial_Normal.uasset" 2335
"C:/Users/ROG Primary/Documents/GitHub/Oops-All-Ruins-/Oops_All_Ruins_U5/Content/Materials/Textures/PyramidStep_Middle_45/M_StepSlope_Middle45_v1_geo_DefaultMaterial_Normal.uexp" 2336
"C:/Users/ROG Primary/Documents/GitHub/Oops-All-Ruins-/Oops_All_Ruins_U5/Content/Materials/StepSlope_Middle_45_mat.uasset" 2337
"C:/Users/ROG Primary/Documents/GitHub/Oops-All-Ruins-/Oops_All_Ruins_U5/Content/Materials/StepSlope_Middle_45_mat.uexp" 2338
"C:/Users/ROG Primary/Documents/GitHub/Oops-All-Ruins-/Oops_All_Ruins_U5/Content/Assets/M_StepSlope_Middle45_v1_geo.ubulk" 2339
"C:/Users/ROG Primary/Documents/GitHub/Oops-All-Ruins-/Oops_All_Ruins_U5/Content/Assets/M_StepSlope_Middle45_v1_geo.uasset" 2340
"C:/Users/ROG Primary/Documents/GitHub/Oops-All-Ruins-/Oops_All_Ruins_U5/Content/Assets/M_StepSlope_Middle45_v1_geo.uexp" 2341
"C:/Users/ROG Primary/Documents/GitHub/Oops-All-Ruins-/Oops_All_Ruins_U5/Content/Materials/Textures/Brick_LightBlue/LB_Brick_basecolor.ubulk" 2342
"C:/Users/ROG Primary/Documents/GitHub/Oops-All-Ruins-/Oops_All_Ruins_U5/Content/Materials/Textures/Brick_LightBlue/LB_Brick_basecolor.uasset" 2343
"C:/Users/ROG Primary/Documents/GitHub/Oops-All-Ruins-/Oops_All_Ruins_U5/Content/Materials/Textures/Brick_LightBlue/LB_Brick_basecolor.uexp" 2344
"C:/Users/ROG Primary/Documents/GitHub/Oops-All-Ruins-/Oops_All_Ruins_U5/Content/Materials/Textures/Brick_LightBlue/LB_Brick_metallic.ubulk" 2345
"C:/Users/ROG Primary/Documents/GitHub/Oops-All-Ruins-/Oops_All_Ruins_U5/Content/Materials/Textures/Brick_LightBlue/LB_Brick_metallic.uasset" 2346
"C:/Users/ROG Primary/Documents/GitHub/Oops-All-Ruins-/Oops_All_Ruins_U5/Content/Materials/Textures/Brick_LightBlue/LB_Brick_metallic.uexp" 2347
"C:/Users/ROG Primary/Documents/GitHub/Oops-All-Ruins-/Oops_All_Ruins_U5/Content/Materials/Textures/Brick_LightBlue/LB_Brick_roughness.ubulk" 2348
"C:/Users/ROG Primary/Documents/GitHub/Oops-All-Ruins-/Oops_All_Ruins_U5/Content/Materials/Textures/Brick_LightBlue/LB_Brick_roughness.uasset" 2349
"C:/Users/ROG Primary/Documents/GitHub/Oops-All-Ruins-/Oops_All_Ruins_U5/Content/Materials/Textures/Brick_LightBlue/LB_Brick_roughness.uexp" 2350
"C:/Users/ROG Primary/Documents/GitHub/Oops-All-Ruins-/Oops_All_Ruins_U5/Content/Materials/Textures/Brick_LightBlue/LB_Brick_normal.ubulk" 2351
"C:/Users/ROG Primary/Documents/GitHub/Oops-All-Ruins-/Oops_All_Ruins_U5/Content/Materials/Textures/Brick_LightBlue/LB_Brick_normal.uasset" 2352
"C:/Users/ROG Primary/Documents/GitHub/Oops-All-Ruins-/Oops_All_Ruins_U5/Content/Materials/Textures/Brick_LightBlue/LB_Brick_normal.uexp" 2353
"C:/Users/ROG Primary/Documents/GitHub/Oops-All-Ruins-/Oops_All_Ruins_U5/Content/Materials/Brick_LightBlue_mat.uasset" 2354
"C:/Users/ROG Primary/Documents/GitHub/Oops-All-Ruins-/Oops_All_Ruins_U5/Content/Materials/Brick_LightBlue_mat.uexp" 2355
"C:/Users/ROG Primary/Documents/GitHub/Oops-All-Ruins-/Oops_All_Ruins_U5/Content/Materials/TestMat_blue.uasset" 2356
"C:/Users/ROG Primary/Documents/GitHub/Oops-All-Ruins-/Oops_All_Ruins_U5/Content/Materials/TestMat_blue.uexp" 2357
"C:/Users/ROG Primary/Documents/GitHub/Oops-All-Ruins-/Oops_All_Ruins_U5/Content/StarterContent/Textures/T_Metal_Steel_D.ubulk" 2358
"C:/Users/ROG Primary/Documents/GitHub/Oops-All-Ruins-/Oops_All_Ruins_U5/Content/StarterContent/Textures/T_Metal_Steel_D.uasset" 2359
"C:/Users/ROG Primary/Documents/GitHub/Oops-All-Ruins-/Oops_All_Ruins_U5/Content/StarterContent/Textures/T_Metal_Steel_D.uexp" 2360
"C:/Users/ROG Primary/Documents/GitHub/Oops-All-Ruins-/Oops_All_Ruins_U5/Content/StarterContent/Textures/T_Metal_Steel_N.ubulk" 2361
"C:/Users/ROG Primary/Documents/GitHub/Oops-All-Ruins-/Oops_All_Ruins_U5/Content/StarterContent/Textures/T_Metal_Steel_N.uasset" 2362
"C:/Users/ROG Primary/Documents/GitHub/Oops-All-Ruins-/Oops_All_Ruins_U5/Content/StarterContent/Textures/T_Metal_Steel_N.uexp" 2363
"C:/Users/ROG Primary/Documents/GitHub/Oops-All-Ruins-/Oops_All_Ruins_U5/Content/StarterContent/Materials/M_Metal_Steel.uasset" 2364
"C:/Users/ROG Primary/Documents/GitHub/Oops-All-Ruins-/Oops_All_Ruins_U5/Content/StarterContent/Materials/M_Metal_Steel.uexp" 2365
"C:/Users/ROG Primary/Documents/GitHub/Oops-All-Ruins-/Oops_All_Ruins_U5/Content/Materials/Textures/Brick_Yellow/Yellow_Brick_normal.ubulk" 2366
"C:/Users/ROG Primary/Documents/GitHub/Oops-All-Ruins-/Oops_All_Ruins_U5/Content/Materials/Textures/Brick_Yellow/Yellow_Brick_normal.uasset" 2367
"C:/Users/ROG Primary/Documents/GitHub/Oops-All-Ruins-/Oops_All_Ruins_U5/Content/Materials/Textures/Brick_Yellow/Yellow_Brick_normal.uexp" 2368
"C:/Users/ROG Primary/Documents/GitHub/Oops-All-Ruins-/Oops_All_Ruins_U5/Content/Materials/Textures/Brick_Yellow/Yellow_Brick_roughness.ubulk" 2369
"C:/Users/ROG Primary/Documents/GitHub/Oops-All-Ruins-/Oops_All_Ruins_U5/Content/Materials/Textures/Brick_Yellow/Yellow_Brick_roughness.uasset" 2370
"C:/Users/ROG Primary/Documents/GitHub/Oops-All-Ruins-/Oops_All_Ruins_U5/Content/Materials/Textures/Brick_Yellow/Yellow_Brick_roughness.uexp" 2371
"C:/Users/ROG Primary/Documents/GitHub/Oops-All-Ruins-/Oops_All_Ruins_U5/Content/Materials/Textures/Brick_Yellow/Yellow_Brick_metallic.ubulk" 2372
"C:/Users/ROG Primary/Documents/GitHub/Oops-All-Ruins-/Oops_All_Ruins_U5/Content/Materials/Textures/Brick_Yellow/Yellow_Brick_metallic.uasset" 2373
"C:/Users/ROG Primary/Documents/GitHub/Oops-All-Ruins-/Oops_All_Ruins_U5/Content/Materials/Textures/Brick_Yellow/Yellow_Brick_metallic.uexp" 2374
"C:/Users/ROG Primary/Documents/GitHub/Oops-All-Ruins-/Oops_All_Ruins_U5/Content/Materials/Textures/Brick_Yellow/Yellow_Brick_basecolor.ubulk" 2375
"C:/Users/ROG Primary/Documents/GitHub/Oops-All-Ruins-/Oops_All_Ruins_U5/Content/Materials/Textures/Brick_Yellow/Yellow_Brick_basecolor.uasset" 2376
"C:/Users/ROG Primary/Documents/GitHub/Oops-All-Ruins-/Oops_All_Ruins_U5/Content/Materials/Textures/Brick_Yellow/Yellow_Brick_basecolor.uexp" 2377
"C:/Users/ROG Primary/Documents/GitHub/Oops-All-Ruins-/Oops_All_Ruins_U5/Content/Materials/Brick_Yellow_mat.uasset" 2378
"C:/Users/ROG Primary/Documents/GitHub/Oops-All-Ruins-/Oops_All_Ruins_U5/Content/Materials/Brick_Yellow_mat.uexp" 2379
"C:/Users/ROG Primary/Documents/GitHub/Oops-All-Ruins-/Oops_All_Ruins_U5/Content/Blueprints/Torch_LessIntense_BP.uasset" 2380
"C:/Users/ROG Primary/Documents/GitHub/Oops-All-Ruins-/Oops_All_Ruins_U5/Content/Blueprints/Torch_LessIntense_BP.uexp" 2381
"C:/Users/ROG Primary/Documents/GitHub/Oops-All-Ruins-/Oops_All_Ruins_U5/Content/Materials/Textures/LargeBoulder/K_LargeBoulder_LP_v1_unwrp_geo_lambert1_OcclusionRoughnessMetallic.ubulk" 2382
"C:/Users/ROG Primary/Documents/GitHub/Oops-All-Ruins-/Oops_All_Ruins_U5/Content/Materials/Textures/LargeBoulder/K_LargeBoulder_LP_v1_unwrp_geo_lambert1_OcclusionRoughnessMetallic.uasset" 2383
"C:/Users/ROG Primary/Documents/GitHub/Oops-All-Ruins-/Oops_All_Ruins_U5/Content/Materials/Textures/LargeBoulder/K_LargeBoulder_LP_v1_unwrp_geo_lambert1_OcclusionRoughnessMetallic.uexp" 2384
"C:/Users/ROG Primary/Documents/GitHub/Oops-All-Ruins-/Oops_All_Ruins_U5/Content/Materials/Textures/LargeBoulder/K_LargeBoulder_LP_v1_unwrp_geo_lambert1_BaseColor.ubulk" 2385
"C:/Users/ROG Primary/Documents/GitHub/Oops-All-Ruins-/Oops_All_Ruins_U5/Content/Materials/Textures/LargeBoulder/K_LargeBoulder_LP_v1_unwrp_geo_lambert1_BaseColor.uasset" 2386
"C:/Users/ROG Primary/Documents/GitHub/Oops-All-Ruins-/Oops_All_Ruins_U5/Content/Materials/Textures/LargeBoulder/K_LargeBoulder_LP_v1_unwrp_geo_lambert1_BaseColor.uexp" 2387
"C:/Users/ROG Primary/Documents/GitHub/Oops-All-Ruins-/Oops_All_Ruins_U5/Content/Materials/Textures/LargeBoulder/K_LargeBoulder_LP_v1_unwrp_geo_lambert1_Normal.ubulk" 2388
"C:/Users/ROG Primary/Documents/GitHub/Oops-All-Ruins-/Oops_All_Ruins_U5/Content/Materials/Textures/LargeBoulder/K_LargeBoulder_LP_v1_unwrp_geo_lambert1_Normal.uasset" 2389
"C:/Users/ROG Primary/Documents/GitHub/Oops-All-Ruins-/Oops_All_Ruins_U5/Content/Materials/Textures/LargeBoulder/K_LargeBoulder_LP_v1_unwrp_geo_lambert1_Normal.uexp" 2390
"C:/Users/ROG Primary/Documents/GitHub/Oops-All-Ruins-/Oops_All_Ruins_U5/Content/Materials/LargeBoulder_mat.uasset" 2391
"C:/Users/ROG Primary/Documents/GitHub/Oops-All-Ruins-/Oops_All_Ruins_U5/Content/Materials/LargeBoulder_mat.uexp" 2392
"C:/Users/ROG Primary/Documents/GitHub/Oops-All-Ruins-/Oops_All_Ruins_U5/Content/Assets/K_LargeBoulder_LP_v2_unwrp_geo.ubulk" 2393
"C:/Users/ROG Primary/Documents/GitHub/Oops-All-Ruins-/Oops_All_Ruins_U5/Content/Assets/K_LargeBoulder_LP_v2_unwrp_geo.uasset" 2394
"C:/Users/ROG Primary/Documents/GitHub/Oops-All-Ruins-/Oops_All_Ruins_U5/Content/Assets/K_LargeBoulder_LP_v2_unwrp_geo.uexp" 2395
"../../../Engine/Plugins/FX/Niagara/Content/Modules/Emitter/SpawnBurst_Instantaneous.uasset" 2396
"../../../Engine/Plugins/FX/Niagara/Content/Modules/Emitter/SpawnBurst_Instantaneous.uexp" 2397
"C:/Users/ROG Primary/Documents/GitHub/Oops-All-Ruins-/Oops_All_Ruins_U5/Content/Particles/UpdatedParticles/DustBiggerExplosion_System.uasset" 2398
"C:/Users/ROG Primary/Documents/GitHub/Oops-All-Ruins-/Oops_All_Ruins_U5/Content/Particles/UpdatedParticles/DustBiggerExplosion_System.uexp" 2399
"C:/Users/ROG Primary/Documents/GitHub/Oops-All-Ruins-/Oops_All_Ruins_U5/Content/Traps_BP/BigBoulder_BP.uasset" 2400
"C:/Users/ROG Primary/Documents/GitHub/Oops-All-Ruins-/Oops_All_Ruins_U5/Content/Traps_BP/BigBoulder_BP.uexp" 2401
"C:/Users/ROG Primary/Documents/GitHub/Oops-All-Ruins-/Oops_All_Ruins_U5/Content/Cinematics/Level_3/Level3_opening_flythrough_01.uasset" 2402
"C:/Users/ROG Primary/Documents/GitHub/Oops-All-Ruins-/Oops_All_Ruins_U5/Content/Cinematics/Level_3/Level3_opening_flythrough_01.uexp" 2403
"C:/Users/ROG Primary/Documents/GitHub/Oops-All-Ruins-/Oops_All_Ruins_U5/Content/Traps_BP/arrow.uasset" 2404
"C:/Users/ROG Primary/Documents/GitHub/Oops-All-Ruins-/Oops_All_Ruins_U5/Content/Traps_BP/arrow.uexp" 2405
"C:/Users/ROG Primary/Documents/GitHub/Oops-All-Ruins-/Oops_All_Ruins_U5/Content/Traps_BP/Arrow_trap.uasset" 2406
"C:/Users/ROG Primary/Documents/GitHub/Oops-All-Ruins-/Oops_All_Ruins_U5/Content/Traps_BP/Arrow_trap.uexp" 2407
"C:/Users/ROG Primary/Documents/GitHub/Oops-All-Ruins-/Oops_All_Ruins_U5/Content/Materials/Brick_Yellow_Wall_mat_Inst.uasset" 2408
"C:/Users/ROG Primary/Documents/GitHub/Oops-All-Ruins-/Oops_All_Ruins_U5/Content/Materials/Brick_Yellow_Wall_mat_Inst.uexp" 2409
"C:/Users/ROG Primary/Documents/GitHub/Oops-All-Ruins-/Oops_All_Ruins_U5/Content/Sounds/Music/Revered_Eagle_1_2__1_.ubulk" 2410
"C:/Users/ROG Primary/Documents/GitHub/Oops-All-Ruins-/Oops_All_Ruins_U5/Content/Sounds/Music/Revered_Eagle_1_2__1_.uasset" 2411
"C:/Users/ROG Primary/Documents/GitHub/Oops-All-Ruins-/Oops_All_Ruins_U5/Content/Sounds/Music/Revered_Eagle_1_2__1_.uexp" 2412
"C:/Users/ROG Primary/Documents/GitHub/Oops-All-Ruins-/Oops_All_Ruins_U5/Content/Materials/Textures/RootVines_PillarVines_/Vines_Geo_Final_1001_OcclusionRoughnessMetallic.ubulk" 2413
"C:/Users/ROG Primary/Documents/GitHub/Oops-All-Ruins-/Oops_All_Ruins_U5/Content/Materials/Textures/RootVines_PillarVines_/Vines_Geo_Final_1001_OcclusionRoughnessMetallic.uasset" 2414
"C:/Users/ROG Primary/Documents/GitHub/Oops-All-Ruins-/Oops_All_Ruins_U5/Content/Materials/Textures/RootVines_PillarVines_/Vines_Geo_Final_1001_OcclusionRoughnessMetallic.uexp" 2415
"C:/Users/ROG Primary/Documents/GitHub/Oops-All-Ruins-/Oops_All_Ruins_U5/Content/Materials/Textures/RootVines_PillarVines_/Vines_Geo_Final_1001_BaseColor.ubulk" 2416
"C:/Users/ROG Primary/Documents/GitHub/Oops-All-Ruins-/Oops_All_Ruins_U5/Content/Materials/Textures/RootVines_PillarVines_/Vines_Geo_Final_1001_BaseColor.uasset" 2417
"C:/Users/ROG Primary/Documents/GitHub/Oops-All-Ruins-/Oops_All_Ruins_U5/Content/Materials/Textures/RootVines_PillarVines_/Vines_Geo_Final_1001_BaseColor.uexp" 2418
"C:/Users/ROG Primary/Documents/GitHub/Oops-All-Ruins-/Oops_All_Ruins_U5/Content/Materials/Textures/RootVines_PillarVines_/Vines_Geo_Final_1001_Normal.ubulk" 2419
"C:/Users/ROG Primary/Documents/GitHub/Oops-All-Ruins-/Oops_All_Ruins_U5/Content/Materials/Textures/RootVines_PillarVines_/Vines_Geo_Final_1001_Normal.uasset" 2420
"C:/Users/ROG Primary/Documents/GitHub/Oops-All-Ruins-/Oops_All_Ruins_U5/Content/Materials/Textures/RootVines_PillarVines_/Vines_Geo_Final_1001_Normal.uexp" 2421
"C:/Users/ROG Primary/Documents/GitHub/Oops-All-Ruins-/Oops_All_Ruins_U5/Content/Materials/RootVines_mat.uasset" 2422
"C:/Users/ROG Primary/Documents/GitHub/Oops-All-Ruins-/Oops_All_Ruins_U5/Content/Materials/RootVines_mat.uexp" 2423
"C:/Users/ROG Primary/Documents/GitHub/Oops-All-Ruins-/Oops_All_Ruins_U5/Content/Assets/Vines_Geo_Final.ubulk" 2424
"C:/Users/ROG Primary/Documents/GitHub/Oops-All-Ruins-/Oops_All_Ruins_U5/Content/Assets/Vines_Geo_Final.uasset" 2425
"C:/Users/ROG Primary/Documents/GitHub/Oops-All-Ruins-/Oops_All_Ruins_U5/Content/Assets/Vines_Geo_Final.uexp" 2426
"C:/Users/ROG Primary/Documents/GitHub/Oops-All-Ruins-/Oops_All_Ruins_U5/Content/Blueprints/Torch_Point_LessIntense_BP.uasset" 2427
"C:/Users/ROG Primary/Documents/GitHub/Oops-All-Ruins-/Oops_All_Ruins_U5/Content/Blueprints/Torch_Point_LessIntense_BP.uexp" 2428
"C:/Users/ROG Primary/Documents/GitHub/Oops-All-Ruins-/Oops_All_Ruins_U5/Content/Materials/Textures/QuatzBase/M_Quetzalcoatl_Base_v1__unwrp_geo_low_lambert1_OcclusionRoughnessMetallic.ubulk" 2429
"C:/Users/ROG Primary/Documents/GitHub/Oops-All-Ruins-/Oops_All_Ruins_U5/Content/Materials/Textures/QuatzBase/M_Quetzalcoatl_Base_v1__unwrp_geo_low_lambert1_OcclusionRoughnessMetallic.uasset" 2430
"C:/Users/ROG Primary/Documents/GitHub/Oops-All-Ruins-/Oops_All_Ruins_U5/Content/Materials/Textures/QuatzBase/M_Quetzalcoatl_Base_v1__unwrp_geo_low_lambert1_OcclusionRoughnessMetallic.uexp" 2431
"C:/Users/ROG Primary/Documents/GitHub/Oops-All-Ruins-/Oops_All_Ruins_U5/Content/Materials/Textures/QuatzBase/M_Quetzalcoatl_Base_v1__unwrp_geo_low_lambert1_Normal.ubulk" 2432
"C:/Users/ROG Primary/Documents/GitHub/Oops-All-Ruins-/Oops_All_Ruins_U5/Content/Materials/Textures/QuatzBase/M_Quetzalcoatl_Base_v1__unwrp_geo_low_lambert1_Normal.uasset" 2433
"C:/Users/ROG Primary/Documents/GitHub/Oops-All-Ruins-/Oops_All_Ruins_U5/Content/Materials/Textures/QuatzBase/M_Quetzalcoatl_Base_v1__unwrp_geo_low_lambert1_Normal.uexp" 2434
"C:/Users/ROG Primary/Documents/GitHub/Oops-All-Ruins-/Oops_All_Ruins_U5/Content/Materials/Textures/QuatzBase/M_Quetzalcoatl_Base_v1__unwrp_geo_low_lambert1_BaseColor.ubulk" 2435
"C:/Users/ROG Primary/Documents/GitHub/Oops-All-Ruins-/Oops_All_Ruins_U5/Content/Materials/Textures/QuatzBase/M_Quetzalcoatl_Base_v1__unwrp_geo_low_lambert1_BaseColor.uasset" 2436
"C:/Users/ROG Primary/Documents/GitHub/Oops-All-Ruins-/Oops_All_Ruins_U5/Content/Materials/Textures/QuatzBase/M_Quetzalcoatl_Base_v1__unwrp_geo_low_lambert1_BaseColor.uexp" 2437
"C:/Users/ROG Primary/Documents/GitHub/Oops-All-Ruins-/Oops_All_Ruins_U5/Content/Materials/QuetzalcoatlBase_mat.uasset" 2438
"C:/Users/ROG Primary/Documents/GitHub/Oops-All-Ruins-/Oops_All_Ruins_U5/Content/Materials/QuetzalcoatlBase_mat.uexp" 2439
"C:/Users/ROG Primary/Documents/GitHub/Oops-All-Ruins-/Oops_All_Ruins_U5/Content/Assets/M_Quetzalcoatl_Base_v1__unwrp_geo_low.ubulk" 2440
"C:/Users/ROG Primary/Documents/GitHub/Oops-All-Ruins-/Oops_All_Ruins_U5/Content/Assets/M_Quetzalcoatl_Base_v1__unwrp_geo_low.uasset" 2441
"C:/Users/ROG Primary/Documents/GitHub/Oops-All-Ruins-/Oops_All_Ruins_U5/Content/Assets/M_Quetzalcoatl_Base_v1__unwrp_geo_low.uexp" 2442
"C:/Users/ROG Primary/Documents/GitHub/Oops-All-Ruins-/Oops_All_Ruins_U5/Content/Cinematics/Level_3/Level3_opening_flythrough_04.uasset" 2443
"C:/Users/ROG Primary/Documents/GitHub/Oops-All-Ruins-/Oops_All_Ruins_U5/Content/Cinematics/Level_3/Level3_opening_flythrough_04.uexp" 2444
"C:/Users/ROG Primary/Documents/GitHub/Oops-All-Ruins-/Oops_All_Ruins_U5/Content/Cinematics/Level_3/Master_Level3_opening_flythrough.uasset" 2445
"C:/Users/ROG Primary/Documents/GitHub/Oops-All-Ruins-/Oops_All_Ruins_U5/Content/Cinematics/Level_3/Master_Level3_opening_flythrough.uexp" 2446
"C:/Users/ROG Primary/Documents/GitHub/Oops-All-Ruins-/Oops_All_Ruins_U5/Content/Particles/UpdatedParticles/TorchFire_smaller_System.uasset" 2447
"C:/Users/ROG Primary/Documents/GitHub/Oops-All-Ruins-/Oops_All_Ruins_U5/Content/Particles/UpdatedParticles/TorchFire_smaller_System.uexp" 2448
"C:/Users/ROG Primary/Documents/GitHub/Oops-All-Ruins-/Oops_All_Ruins_U5/Content/Materials/Textures/SmallBoulder/K_SmallBoulder_lp_v1_unwrp_geo_Cube1_OcclusionRoughnessMetallic.ubulk" 2449
"C:/Users/ROG Primary/Documents/GitHub/Oops-All-Ruins-/Oops_All_Ruins_U5/Content/Materials/Textures/SmallBoulder/K_SmallBoulder_lp_v1_unwrp_geo_Cube1_OcclusionRoughnessMetallic.uasset" 2450
"C:/Users/ROG Primary/Documents/GitHub/Oops-All-Ruins-/Oops_All_Ruins_U5/Content/Materials/Textures/SmallBoulder/K_SmallBoulder_lp_v1_unwrp_geo_Cube1_OcclusionRoughnessMetallic.uexp" 2451
"C:/Users/ROG Primary/Documents/GitHub/Oops-All-Ruins-/Oops_All_Ruins_U5/Content/Materials/Textures/SmallBoulder/K_SmallBoulder_lp_v1_unwrp_geo_Cube1_Normal.ubulk" 2452
"C:/Users/ROG Primary/Documents/GitHub/Oops-All-Ruins-/Oops_All_Ruins_U5/Content/Materials/Textures/SmallBoulder/K_SmallBoulder_lp_v1_unwrp_geo_Cube1_Normal.uasset" 2453
"C:/Users/ROG Primary/Documents/GitHub/Oops-All-Ruins-/Oops_All_Ruins_U5/Content/Materials/Textures/SmallBoulder/K_SmallBoulder_lp_v1_unwrp_geo_Cube1_Normal.uexp" 2454
"C:/Users/ROG Primary/Documents/GitHub/Oops-All-Ruins-/Oops_All_Ruins_U5/Content/Materials/Textures/SmallBoulder/K_SmallBoulder_lp_v1_unwrp_geo_Cube1_BaseColor.ubulk" 2455
"C:/Users/ROG Primary/Documents/GitHub/Oops-All-Ruins-/Oops_All_Ruins_U5/Content/Materials/Textures/SmallBoulder/K_SmallBoulder_lp_v1_unwrp_geo_Cube1_BaseColor.uasset" 2456
"C:/Users/ROG Primary/Documents/GitHub/Oops-All-Ruins-/Oops_All_Ruins_U5/Content/Materials/Textures/SmallBoulder/K_SmallBoulder_lp_v1_unwrp_geo_Cube1_BaseColor.uexp" 2457
"C:/Users/ROG Primary/Documents/GitHub/Oops-All-Ruins-/Oops_All_Ruins_U5/Content/Materials/SmallBoulder_mat.uasset" 2458
"C:/Users/ROG Primary/Documents/GitHub/Oops-All-Ruins-/Oops_All_Ruins_U5/Content/Materials/SmallBoulder_mat.uexp" 2459
"C:/Users/ROG Primary/Documents/GitHub/Oops-All-Ruins-/Oops_All_Ruins_U5/Content/Assets/K_SmallBoulder_lp_v1_unwrp_geo.ubulk" 2460
"C:/Users/ROG Primary/Documents/GitHub/Oops-All-Ruins-/Oops_All_Ruins_U5/Content/Assets/K_SmallBoulder_lp_v1_unwrp_geo.uasset" 2461
"C:/Users/ROG Primary/Documents/GitHub/Oops-All-Ruins-/Oops_All_Ruins_U5/Content/Assets/K_SmallBoulder_lp_v1_unwrp_geo.uexp" 2462
"C:/Users/ROG Primary/Documents/GitHub/Oops-All-Ruins-/Oops_All_Ruins_U5/Content/Sounds/BoulderRolling.ubulk" 2463
"C:/Users/ROG Primary/Documents/GitHub/Oops-All-Ruins-/Oops_All_Ruins_U5/Content/Sounds/BoulderRolling.uasset" 2464
"C:/Users/ROG Primary/Documents/GitHub/Oops-All-Ruins-/Oops_All_Ruins_U5/Content/Sounds/BoulderRolling.uexp" 2465
"C:/Users/ROG Primary/Documents/GitHub/Oops-All-Ruins-/Oops_All_Ruins_U5/Content/Traps_BP/SmallBoulder_BP.uasset" 2466
"C:/Users/ROG Primary/Documents/GitHub/Oops-All-Ruins-/Oops_All_Ruins_U5/Content/Traps_BP/SmallBoulder_BP.uexp" 2467
"C:/Users/ROG Primary/Documents/GitHub/Oops-All-Ruins-/Oops_All_Ruins_U5/Content/Materials/Textures/Gold/Gold_basecolor.ubulk" 2468
"C:/Users/ROG Primary/Documents/GitHub/Oops-All-Ruins-/Oops_All_Ruins_U5/Content/Materials/Textures/Gold/Gold_basecolor.uasset" 2469
"C:/Users/ROG Primary/Documents/GitHub/Oops-All-Ruins-/Oops_All_Ruins_U5/Content/Materials/Textures/Gold/Gold_basecolor.uexp" 2470
"C:/Users/ROG Primary/Documents/GitHub/Oops-All-Ruins-/Oops_All_Ruins_U5/Content/Materials/Textures/Gold/Gold_normal.ubulk" 2471
"C:/Users/ROG Primary/Documents/GitHub/Oops-All-Ruins-/Oops_All_Ruins_U5/Content/Materials/Textures/Gold/Gold_normal.uasset" 2472
"C:/Users/ROG Primary/Documents/GitHub/Oops-All-Ruins-/Oops_All_Ruins_U5/Content/Materials/Textures/Gold/Gold_normal.uexp" 2473
"C:/Users/ROG Primary/Documents/GitHub/Oops-All-Ruins-/Oops_All_Ruins_U5/Content/Materials/Textures/Gold/Gold_roughness.ubulk" 2474
"C:/Users/ROG Primary/Documents/GitHub/Oops-All-Ruins-/Oops_All_Ruins_U5/Content/Materials/Textures/Gold/Gold_roughness.uasset" 2475
"C:/Users/ROG Primary/Documents/GitHub/Oops-All-Ruins-/Oops_All_Ruins_U5/Content/Materials/Textures/Gold/Gold_roughness.uexp" 2476
"C:/Users/ROG Primary/Documents/GitHub/Oops-All-Ruins-/Oops_All_Ruins_U5/Content/Materials/Textures/Gold/Gold_metallic.ubulk" 2477
"C:/Users/ROG Primary/Documents/GitHub/Oops-All-Ruins-/Oops_All_Ruins_U5/Content/Materials/Textures/Gold/Gold_metallic.uasset" 2478
"C:/Users/ROG Primary/Documents/GitHub/Oops-All-Ruins-/Oops_All_Ruins_U5/Content/Materials/Textures/Gold/Gold_metallic.uexp" 2479
"C:/Users/ROG Primary/Documents/GitHub/Oops-All-Ruins-/Oops_All_Ruins_U5/Content/Materials/Gold_mat.uasset" 2480
"C:/Users/ROG Primary/Documents/GitHub/Oops-All-Ruins-/Oops_All_Ruins_U5/Content/Materials/Gold_mat.uexp" 2481
"C:/Users/ROG Primary/Documents/GitHub/Oops-All-Ruins-/Oops_All_Ruins_U5/Content/Assets/M_MainWall_v1_unwrp_geo.ubulk" 2482
"C:/Users/ROG Primary/Documents/GitHub/Oops-All-Ruins-/Oops_All_Ruins_U5/Content/Assets/M_MainWall_v1_unwrp_geo.uasset" 2483
"C:/Users/ROG Primary/Documents/GitHub/Oops-All-Ruins-/Oops_All_Ruins_U5/Content/Assets/M_MainWall_v1_unwrp_geo.uexp" 2484
"C:/Users/ROG Primary/Documents/GitHub/Oops-All-Ruins-/Oops_All_Ruins_U5/Content/Materials/Textures/BallCourtStands/M_BallCourtStands_v1_unwrp_geo_lambert2_Normal.ubulk" 2485
"C:/Users/ROG Primary/Documents/GitHub/Oops-All-Ruins-/Oops_All_Ruins_U5/Content/Materials/Textures/BallCourtStands/M_BallCourtStands_v1_unwrp_geo_lambert2_Normal.uasset" 2486
"C:/Users/ROG Primary/Documents/GitHub/Oops-All-Ruins-/Oops_All_Ruins_U5/Content/Materials/Textures/BallCourtStands/M_BallCourtStands_v1_unwrp_geo_lambert2_Normal.uexp" 2487
"C:/Users/ROG Primary/Documents/GitHub/Oops-All-Ruins-/Oops_All_Ruins_U5/Content/Materials/Textures/BallCourtStands/M_BallCourtStands_v1_unwrp_geo_lambert2_OcclusionRoughnessMetallic.ubulk" 2488
"C:/Users/ROG Primary/Documents/GitHub/Oops-All-Ruins-/Oops_All_Ruins_U5/Content/Materials/Textures/BallCourtStands/M_BallCourtStands_v1_unwrp_geo_lambert2_OcclusionRoughnessMetallic.uasset" 2489
"C:/Users/ROG Primary/Documents/GitHub/Oops-All-Ruins-/Oops_All_Ruins_U5/Content/Materials/Textures/BallCourtStands/M_BallCourtStands_v1_unwrp_geo_lambert2_OcclusionRoughnessMetallic.uexp" 2490
"C:/Users/ROG Primary/Documents/GitHub/Oops-All-Ruins-/Oops_All_Ruins_U5/Content/Materials/Textures/BallCourtStands/M_BallCourtStands_v1_unwrp_geo_lambert2_BaseColor.ubulk" 2491
"C:/Users/ROG Primary/Documents/GitHub/Oops-All-Ruins-/Oops_All_Ruins_U5/Content/Materials/Textures/BallCourtStands/M_BallCourtStands_v1_unwrp_geo_lambert2_BaseColor.uasset" 2492
"C:/Users/ROG Primary/Documents/GitHub/Oops-All-Ruins-/Oops_All_Ruins_U5/Content/Materials/Textures/BallCourtStands/M_BallCourtStands_v1_unwrp_geo_lambert2_BaseColor.uexp" 2493
"C:/Users/ROG Primary/Documents/GitHub/Oops-All-Ruins-/Oops_All_Ruins_U5/Content/Materials/BallCourtStands_mat.uasset" 2494
"C:/Users/ROG Primary/Documents/GitHub/Oops-All-Ruins-/Oops_All_Ruins_U5/Content/Materials/BallCourtStands_mat.uexp" 2495
"C:/Users/ROG Primary/Documents/GitHub/Oops-All-Ruins-/Oops_All_Ruins_U5/Content/Assets/M_BallCourtStands_v1_unwrp_geo.ubulk" 2496
"C:/Users/ROG Primary/Documents/GitHub/Oops-All-Ruins-/Oops_All_Ruins_U5/Content/Assets/M_BallCourtStands_v1_unwrp_geo.uasset" 2497
"C:/Users/ROG Primary/Documents/GitHub/Oops-All-Ruins-/Oops_All_Ruins_U5/Content/Assets/M_BallCourtStands_v1_unwrp_geo.uexp" 2498
"C:/Users/ROG Primary/Documents/GitHub/Oops-All-Ruins-/Oops_All_Ruins_U5/Content/Materials/Decals/V2_vine_decal_normal.uasset" 2499
"C:/Users/ROG Primary/Documents/GitHub/Oops-All-Ruins-/Oops_All_Ruins_U5/Content/Materials/Decals/V2_vine_decal_normal.uexp" 2500
"C:/Users/ROG Primary/Documents/GitHub/Oops-All-Ruins-/Oops_All_Ruins_U5/Content/Materials/Decals/Vine_Decal.uasset" 2501
"C:/Users/ROG Primary/Documents/GitHub/Oops-All-Ruins-/Oops_All_Ruins_U5/Content/Materials/Decals/Vine_Decal.uexp" 2502
"C:/Users/ROG Primary/Documents/GitHub/Oops-All-Ruins-/Oops_All_Ruins_U5/Content/Materials/Decals/Decal_Test_mat.uasset" 2503
"C:/Users/ROG Primary/Documents/GitHub/Oops-All-Ruins-/Oops_All_Ruins_U5/Content/Materials/Decals/Decal_Test_mat.uexp" 2504
"C:/Users/ROG Primary/Documents/GitHub/Oops-All-Ruins-/Oops_All_Ruins_U5/Content/Assets/MM_Spikes_Geo_col.ubulk" 2505
"C:/Users/ROG Primary/Documents/GitHub/Oops-All-Ruins-/Oops_All_Ruins_U5/Content/Assets/MM_Spikes_Geo_col.uasset" 2506
"C:/Users/ROG Primary/Documents/GitHub/Oops-All-Ruins-/Oops_All_Ruins_U5/Content/Assets/MM_Spikes_Geo_col.uexp" 2507
"C:/Users/ROG Primary/Documents/GitHub/Oops-All-Ruins-/Oops_All_Ruins_U5/Content/Materials/Textures/FloorSpikeTrap/Floor_Spike_Trap_1001_OcclusionRoughnessMetallic.ubulk" 2508
"C:/Users/ROG Primary/Documents/GitHub/Oops-All-Ruins-/Oops_All_Ruins_U5/Content/Materials/Textures/FloorSpikeTrap/Floor_Spike_Trap_1001_OcclusionRoughnessMetallic.uasset" 2509
"C:/Users/ROG Primary/Documents/GitHub/Oops-All-Ruins-/Oops_All_Ruins_U5/Content/Materials/Textures/FloorSpikeTrap/Floor_Spike_Trap_1001_OcclusionRoughnessMetallic.uexp" 2510
"C:/Users/ROG Primary/Documents/GitHub/Oops-All-Ruins-/Oops_All_Ruins_U5/Content/Materials/Textures/FloorSpikeTrap/Floor_Spike_Trap_1001_Normal.ubulk" 2511
"C:/Users/ROG Primary/Documents/GitHub/Oops-All-Ruins-/Oops_All_Ruins_U5/Content/Materials/Textures/FloorSpikeTrap/Floor_Spike_Trap_1001_Normal.uasset" 2512
"C:/Users/ROG Primary/Documents/GitHub/Oops-All-Ruins-/Oops_All_Ruins_U5/Content/Materials/Textures/FloorSpikeTrap/Floor_Spike_Trap_1001_Normal.uexp" 2513
"C:/Users/ROG Primary/Documents/GitHub/Oops-All-Ruins-/Oops_All_Ruins_U5/Content/Materials/Textures/FloorSpikeTrap/Floor_Spike_Trap_1001_BaseColor.ubulk" 2514
"C:/Users/ROG Primary/Documents/GitHub/Oops-All-Ruins-/Oops_All_Ruins_U5/Content/Materials/Textures/FloorSpikeTrap/Floor_Spike_Trap_1001_BaseColor.uasset" 2515
"C:/Users/ROG Primary/Documents/GitHub/Oops-All-Ruins-/Oops_All_Ruins_U5/Content/Materials/Textures/FloorSpikeTrap/Floor_Spike_Trap_1001_BaseColor.uexp" 2516
"C:/Users/ROG Primary/Documents/GitHub/Oops-All-Ruins-/Oops_All_Ruins_U5/Content/Materials/SpikeTrap_mat.uasset" 2517
"C:/Users/ROG Primary/Documents/GitHub/Oops-All-Ruins-/Oops_All_Ruins_U5/Content/Materials/SpikeTrap_mat.uexp" 2518
"C:/Users/ROG Primary/Documents/GitHub/Oops-All-Ruins-/Oops_All_Ruins_U5/Content/Assets/Floor_Spike_Trap.ubulk" 2519
"C:/Users/ROG Primary/Documents/GitHub/Oops-All-Ruins-/Oops_All_Ruins_U5/Content/Assets/Floor_Spike_Trap.uasset" 2520
"C:/Users/ROG Primary/Documents/GitHub/Oops-All-Ruins-/Oops_All_Ruins_U5/Content/Assets/Floor_Spike_Trap.uexp" 2521
"C:/Users/ROG Primary/Documents/GitHub/Oops-All-Ruins-/Oops_All_Ruins_U5/Content/Traps_BP/spike.uasset" 2522
"C:/Users/ROG Primary/Documents/GitHub/Oops-All-Ruins-/Oops_All_Ruins_U5/Content/Traps_BP/spike.uexp" 2523
"C:/Users/ROG Primary/Documents/GitHub/Oops-All-Ruins-/Oops_All_Ruins_U5/Content/Materials/Brick_DarkBlue__TriDoorsmat_Inst.uasset" 2524
"C:/Users/ROG Primary/Documents/GitHub/Oops-All-Ruins-/Oops_All_Ruins_U5/Content/Materials/Brick_DarkBlue__TriDoorsmat_Inst.uexp" 2525
"C:/Users/ROG Primary/Documents/GitHub/Oops-All-Ruins-/Oops_All_Ruins_U5/Content/Materials/Textures/PyramidStep_Edge_45/M_StepSlope_Edge45_v1_geo_DefaultMaterial_OcclusionRoughnessMetallic.ubulk" 2526
"C:/Users/ROG Primary/Documents/GitHub/Oops-All-Ruins-/Oops_All_Ruins_U5/Content/Materials/Textures/PyramidStep_Edge_45/M_StepSlope_Edge45_v1_geo_DefaultMaterial_OcclusionRoughnessMetallic.uasset" 2527
"C:/Users/ROG Primary/Documents/GitHub/Oops-All-Ruins-/Oops_All_Ruins_U5/Content/Materials/Textures/PyramidStep_Edge_45/M_StepSlope_Edge45_v1_geo_DefaultMaterial_OcclusionRoughnessMetallic.uexp" 2528
"C:/Users/ROG Primary/Documents/GitHub/Oops-All-Ruins-/Oops_All_Ruins_U5/Content/Materials/Textures/PyramidStep_Edge_45/M_StepSlope_Edge45_v1_geo_DefaultMaterial_Normal.ubulk" 2529
"C:/Users/ROG Primary/Documents/GitHub/Oops-All-Ruins-/Oops_All_Ruins_U5/Content/Materials/Textures/PyramidStep_Edge_45/M_StepSlope_Edge45_v1_geo_DefaultMaterial_Normal.uasset" 2530
"C:/Users/ROG Primary/Documents/GitHub/Oops-All-Ruins-/Oops_All_Ruins_U5/Content/Materials/Textures/PyramidStep_Edge_45/M_StepSlope_Edge45_v1_geo_DefaultMaterial_Normal.uexp" 2531
"C:/Users/ROG Primary/Documents/GitHub/Oops-All-Ruins-/Oops_All_Ruins_U5/Content/Materials/Textures/PyramidStep_Edge_45/M_StepSlope_Edge45_v1_geo_DefaultMaterial_BaseColor.ubulk" 2532
"C:/Users/ROG Primary/Documents/GitHub/Oops-All-Ruins-/Oops_All_Ruins_U5/Content/Materials/Textures/PyramidStep_Edge_45/M_StepSlope_Edge45_v1_geo_DefaultMaterial_BaseColor.uasset" 2533
"C:/Users/ROG Primary/Documents/GitHub/Oops-All-Ruins-/Oops_All_Ruins_U5/Content/Materials/Textures/PyramidStep_Edge_45/M_StepSlope_Edge45_v1_geo_DefaultMaterial_BaseColor.uexp" 2534
"C:/Users/ROG Primary/Documents/GitHub/Oops-All-Ruins-/Oops_All_Ruins_U5/Content/Materials/StepSlope_Edge_45_mat.uasset" 2535
"C:/Users/ROG Primary/Documents/GitHub/Oops-All-Ruins-/Oops_All_Ruins_U5/Content/Materials/StepSlope_Edge_45_mat.uexp" 2536
"C:/Users/ROG Primary/Documents/GitHub/Oops-All-Ruins-/Oops_All_Ruins_U5/Content/Assets/M_StepSlope_Edge45_v1_geo.ubulk" 2537
"C:/Users/ROG Primary/Documents/GitHub/Oops-All-Ruins-/Oops_All_Ruins_U5/Content/Assets/M_StepSlope_Edge45_v1_geo.uasset" 2538
"C:/Users/ROG Primary/Documents/GitHub/Oops-All-Ruins-/Oops_All_Ruins_U5/Content/Assets/M_StepSlope_Edge45_v1_geo.uexp" 2539
"C:/Users/ROG Primary/Documents/GitHub/Oops-All-Ruins-/Oops_All_Ruins_U5/Content/Materials/Textures/Stone_Yellow/Yellow_Stone_normal.ubulk" 2540
"C:/Users/ROG Primary/Documents/GitHub/Oops-All-Ruins-/Oops_All_Ruins_U5/Content/Materials/Textures/Stone_Yellow/Yellow_Stone_normal.uasset" 2541
"C:/Users/ROG Primary/Documents/GitHub/Oops-All-Ruins-/Oops_All_Ruins_U5/Content/Materials/Textures/Stone_Yellow/Yellow_Stone_normal.uexp" 2542
"C:/Users/ROG Primary/Documents/GitHub/Oops-All-Ruins-/Oops_All_Ruins_U5/Content/Materials/Textures/Stone_Yellow/Yellow_Stone_roughness.ubulk" 2543
"C:/Users/ROG Primary/Documents/GitHub/Oops-All-Ruins-/Oops_All_Ruins_U5/Content/Materials/Textures/Stone_Yellow/Yellow_Stone_roughness.uasset" 2544
"C:/Users/ROG Primary/Documents/GitHub/Oops-All-Ruins-/Oops_All_Ruins_U5/Content/Materials/Textures/Stone_Yellow/Yellow_Stone_roughness.uexp" 2545
"C:/Users/ROG Primary/Documents/GitHub/Oops-All-Ruins-/Oops_All_Ruins_U5/Content/Materials/Textures/Stone_Yellow/Yellow_Stone_metallic.ubulk" 2546
"C:/Users/ROG Primary/Documents/GitHub/Oops-All-Ruins-/Oops_All_Ruins_U5/Content/Materials/Textures/Stone_Yellow/Yellow_Stone_metallic.uasset" 2547
"C:/Users/ROG Primary/Documents/GitHub/Oops-All-Ruins-/Oops_All_Ruins_U5/Content/Materials/Textures/Stone_Yellow/Yellow_Stone_metallic.uexp" 2548
"C:/Users/ROG Primary/Documents/GitHub/Oops-All-Ruins-/Oops_All_Ruins_U5/Content/Materials/Textures/Stone_Yellow/Yellow_Stone_basecolor.ubulk" 2549
"C:/Users/ROG Primary/Documents/GitHub/Oops-All-Ruins-/Oops_All_Ruins_U5/Content/Materials/Textures/Stone_Yellow/Yellow_Stone_basecolor.uasset" 2550
"C:/Users/ROG Primary/Documents/GitHub/Oops-All-Ruins-/Oops_All_Ruins_U5/Content/Materials/Textures/Stone_Yellow/Yellow_Stone_basecolor.uexp" 2551
"C:/Users/ROG Primary/Documents/GitHub/Oops-All-Ruins-/Oops_All_Ruins_U5/Content/Materials/Stone_Yellow_mat.uasset" 2552
"C:/Users/ROG Primary/Documents/GitHub/Oops-All-Ruins-/Oops_All_Ruins_U5/Content/Materials/Stone_Yellow_mat.uexp" 2553
"C:/Users/ROG Primary/Documents/GitHub/Oops-All-Ruins-/Oops_All_Ruins_U5/Content/Materials/Textures/BumperVines/A_BumperVines_LP_V2_geo_1001_Normal.ubulk" 2554
"C:/Users/ROG Primary/Documents/GitHub/Oops-All-Ruins-/Oops_All_Ruins_U5/Content/Materials/Textures/BumperVines/A_BumperVines_LP_V2_geo_1001_Normal.uasset" 2555
"C:/Users/ROG Primary/Documents/GitHub/Oops-All-Ruins-/Oops_All_Ruins_U5/Content/Materials/Textures/BumperVines/A_BumperVines_LP_V2_geo_1001_Normal.uexp" 2556
"C:/Users/ROG Primary/Documents/GitHub/Oops-All-Ruins-/Oops_All_Ruins_U5/Content/Materials/Textures/BumperVines/A_BumperVines_LP_V2_geo_1001_OcclusionRoughnessMetallic.ubulk" 2557
"C:/Users/ROG Primary/Documents/GitHub/Oops-All-Ruins-/Oops_All_Ruins_U5/Content/Materials/Textures/BumperVines/A_BumperVines_LP_V2_geo_1001_OcclusionRoughnessMetallic.uasset" 2558
"C:/Users/ROG Primary/Documents/GitHub/Oops-All-Ruins-/Oops_All_Ruins_U5/Content/Materials/Textures/BumperVines/A_BumperVines_LP_V2_geo_1001_OcclusionRoughnessMetallic.uexp" 2559
"C:/Users/ROG Primary/Documents/GitHub/Oops-All-Ruins-/Oops_All_Ruins_U5/Content/Materials/Textures/BumperVines/A_BumperVines_LP_V2_geo_1001_BaseColor.ubulk" 2560
"C:/Users/ROG Primary/Documents/GitHub/Oops-All-Ruins-/Oops_All_Ruins_U5/Content/Materials/Textures/BumperVines/A_BumperVines_LP_V2_geo_1001_BaseColor.uasset" 2561
"C:/Users/ROG Primary/Documents/GitHub/Oops-All-Ruins-/Oops_All_Ruins_U5/Content/Materials/Textures/BumperVines/A_BumperVines_LP_V2_geo_1001_BaseColor.uexp" 2562
"C:/Users/ROG Primary/Documents/GitHub/Oops-All-Ruins-/Oops_All_Ruins_U5/Content/Materials/BumperVines_mat.uasset" 2563
"C:/Users/ROG Primary/Documents/GitHub/Oops-All-Ruins-/Oops_All_Ruins_U5/Content/Materials/BumperVines_mat.uexp" 2564
"C:/Users/ROG Primary/Documents/GitHub/Oops-All-Ruins-/Oops_All_Ruins_U5/Content/Assets/Vine_Bumber_LowPoly_Geo.ubulk" 2565
"C:/Users/ROG Primary/Documents/GitHub/Oops-All-Ruins-/Oops_All_Ruins_U5/Content/Assets/Vine_Bumber_LowPoly_Geo.uasset" 2566
"C:/Users/ROG Primary/Documents/GitHub/Oops-All-Ruins-/Oops_All_Ruins_U5/Content/Assets/Vine_Bumber_LowPoly_Geo.uexp" 2567
"C:/Users/ROG Primary/Documents/GitHub/Oops-All-Ruins-/Oops_All_Ruins_U5/Content/Materials/Textures/PillarDetailed/M_PillarDetailed_v1_unwrp_geo_lambert7_Roughness.ubulk" 2568
"C:/Users/ROG Primary/Documents/GitHub/Oops-All-Ruins-/Oops_All_Ruins_U5/Content/Materials/Textures/PillarDetailed/M_PillarDetailed_v1_unwrp_geo_lambert7_Roughness.uasset" 2569
"C:/Users/ROG Primary/Documents/GitHub/Oops-All-Ruins-/Oops_All_Ruins_U5/Content/Materials/Textures/PillarDetailed/M_PillarDetailed_v1_unwrp_geo_lambert7_Roughness.uexp" 2570
"C:/Users/ROG Primary/Documents/GitHub/Oops-All-Ruins-/Oops_All_Ruins_U5/Content/Materials/Textures/PillarDetailed/M_PillarDetailed_v1_unwrp_geo_lambert7_Metallic.ubulk" 2571
"C:/Users/ROG Primary/Documents/GitHub/Oops-All-Ruins-/Oops_All_Ruins_U5/Content/Materials/Textures/PillarDetailed/M_PillarDetailed_v1_unwrp_geo_lambert7_Metallic.uasset" 2572
"C:/Users/ROG Primary/Documents/GitHub/Oops-All-Ruins-/Oops_All_Ruins_U5/Content/Materials/Textures/PillarDetailed/M_PillarDetailed_v1_unwrp_geo_lambert7_Metallic.uexp" 2573
"C:/Users/ROG Primary/Documents/GitHub/Oops-All-Ruins-/Oops_All_Ruins_U5/Content/Materials/Textures/PillarDetailed/M_PillarDetailed_v1_unwrp_geo_lambert7_BaseColor.ubulk" 2574
"C:/Users/ROG Primary/Documents/GitHub/Oops-All-Ruins-/Oops_All_Ruins_U5/Content/Materials/Textures/PillarDetailed/M_PillarDetailed_v1_unwrp_geo_lambert7_BaseColor.uasset" 2575
"C:/Users/ROG Primary/Documents/GitHub/Oops-All-Ruins-/Oops_All_Ruins_U5/Content/Materials/Textures/PillarDetailed/M_PillarDetailed_v1_unwrp_geo_lambert7_BaseColor.uexp" 2576
"C:/Users/ROG Primary/Documents/GitHub/Oops-All-Ruins-/Oops_All_Ruins_U5/Content/Materials/Textures/PillarDetailed/M_PillarDetailed_v1_unwrp_geo_lambert7_Normal.ubulk" 2577
"C:/Users/ROG Primary/Documents/GitHub/Oops-All-Ruins-/Oops_All_Ruins_U5/Content/Materials/Textures/PillarDetailed/M_PillarDetailed_v1_unwrp_geo_lambert7_Normal.uasset" 2578
"C:/Users/ROG Primary/Documents/GitHub/Oops-All-Ruins-/Oops_All_Ruins_U5/Content/Materials/Textures/PillarDetailed/M_PillarDetailed_v1_unwrp_geo_lambert7_Normal.uexp" 2579
"C:/Users/ROG Primary/Documents/GitHub/Oops-All-Ruins-/Oops_All_Ruins_U5/Content/Materials/PillarDetailed_mat.uasset" 2580
"C:/Users/ROG Primary/Documents/GitHub/Oops-All-Ruins-/Oops_All_Ruins_U5/Content/Materials/PillarDetailed_mat.uexp" 2581
"C:/Users/ROG Primary/Documents/GitHub/Oops-All-Ruins-/Oops_All_Ruins_U5/Content/Assets/M_PillarDetailed_v1_unwrp_geo_Pillar_Modular_Detail.ubulk" 2582
"C:/Users/ROG Primary/Documents/GitHub/Oops-All-Ruins-/Oops_All_Ruins_U5/Content/Assets/M_PillarDetailed_v1_unwrp_geo_Pillar_Modular_Detail.uasset" 2583
"C:/Users/ROG Primary/Documents/GitHub/Oops-All-Ruins-/Oops_All_Ruins_U5/Content/Assets/M_PillarDetailed_v1_unwrp_geo_Pillar_Modular_Detail.uexp" 2584
"C:/Users/ROG Primary/Documents/GitHub/Oops-All-Ruins-/Oops_All_Ruins_U5/Content/Traps_BP/VineBumper_BP.uasset" 2585
"C:/Users/ROG Primary/Documents/GitHub/Oops-All-Ruins-/Oops_All_Ruins_U5/Content/Traps_BP/VineBumper_BP.uexp" 2586
"C:/Users/ROG Primary/Documents/GitHub/Oops-All-Ruins-/Oops_All_Ruins_U5/Content/Traps_BP/Spawner_BP.uasset" 2587
"C:/Users/ROG Primary/Documents/GitHub/Oops-All-Ruins-/Oops_All_Ruins_U5/Content/Traps_BP/Spawner_BP.uexp" 2588
"C:/Users/ROG Primary/Documents/GitHub/Oops-All-Ruins-/Oops_All_Ruins_U5/Content/Materials/Textures/Stone_LightBlue/LB_Stone_normal.ubulk" 2589
"C:/Users/ROG Primary/Documents/GitHub/Oops-All-Ruins-/Oops_All_Ruins_U5/Content/Materials/Textures/Stone_LightBlue/LB_Stone_normal.uasset" 2590
"C:/Users/ROG Primary/Documents/GitHub/Oops-All-Ruins-/Oops_All_Ruins_U5/Content/Materials/Textures/Stone_LightBlue/LB_Stone_normal.uexp" 2591
"C:/Users/ROG Primary/Documents/GitHub/Oops-All-Ruins-/Oops_All_Ruins_U5/Content/Materials/Textures/Stone_LightBlue/LB_Stone_metallic.ubulk" 2592
"C:/Users/ROG Primary/Documents/GitHub/Oops-All-Ruins-/Oops_All_Ruins_U5/Content/Materials/Textures/Stone_LightBlue/LB_Stone_metallic.uasset" 2593
"C:/Users/ROG Primary/Documents/GitHub/Oops-All-Ruins-/Oops_All_Ruins_U5/Content/Materials/Textures/Stone_LightBlue/LB_Stone_metallic.uexp" 2594
"C:/Users/ROG Primary/Documents/GitHub/Oops-All-Ruins-/Oops_All_Ruins_U5/Content/Materials/Textures/Stone_LightBlue/LB_Stone_roughness.ubulk" 2595
"C:/Users/ROG Primary/Documents/GitHub/Oops-All-Ruins-/Oops_All_Ruins_U5/Content/Materials/Textures/Stone_LightBlue/LB_Stone_roughness.uasset" 2596
"C:/Users/ROG Primary/Documents/GitHub/Oops-All-Ruins-/Oops_All_Ruins_U5/Content/Materials/Textures/Stone_LightBlue/LB_Stone_roughness.uexp" 2597
"C:/Users/ROG Primary/Documents/GitHub/Oops-All-Ruins-/Oops_All_Ruins_U5/Content/Materials/Textures/Stone_LightBlue/LB_Stone_basecolor.ubulk" 2598
"C:/Users/ROG Primary/Documents/GitHub/Oops-All-Ruins-/Oops_All_Ruins_U5/Content/Materials/Textures/Stone_LightBlue/LB_Stone_basecolor.uasset" 2599
"C:/Users/ROG Primary/Documents/GitHub/Oops-All-Ruins-/Oops_All_Ruins_U5/Content/Materials/Textures/Stone_LightBlue/LB_Stone_basecolor.uexp" 2600
"C:/Users/ROG Primary/Documents/GitHub/Oops-All-Ruins-/Oops_All_Ruins_U5/Content/Materials/Stone_LightBlue_mat.uasset" 2601
"C:/Users/ROG Primary/Documents/GitHub/Oops-All-Ruins-/Oops_All_Ruins_U5/Content/Materials/Stone_LightBlue_mat.uexp" 2602
"C:/Users/ROG Primary/Documents/GitHub/Oops-All-Ruins-/Oops_All_Ruins_U5/Content/Materials/Stone_LightBlue_Floor_mat_Inst.uasset" 2603
"C:/Users/ROG Primary/Documents/GitHub/Oops-All-Ruins-/Oops_All_Ruins_U5/Content/Materials/Stone_LightBlue_Floor_mat_Inst.uexp" 2604
"C:/Users/ROG Primary/Documents/GitHub/Oops-All-Ruins-/Oops_All_Ruins_U5/Content/Assets/Floor_UV_fbx_Jess_Unwrap_UE5.ubulk" 2605
"C:/Users/ROG Primary/Documents/GitHub/Oops-All-Ruins-/Oops_All_Ruins_U5/Content/Assets/Floor_UV_fbx_Jess_Unwrap_UE5.uasset" 2606
"C:/Users/ROG Primary/Documents/GitHub/Oops-All-Ruins-/Oops_All_Ruins_U5/Content/Assets/Floor_UV_fbx_Jess_Unwrap_UE5.uexp" 2607
"C:/Users/ROG Primary/Documents/GitHub/Oops-All-Ruins-/Oops_All_Ruins_U5/Content/Blueprints/Torch_BP.uasset" 2608
"C:/Users/ROG Primary/Documents/GitHub/Oops-All-Ruins-/Oops_All_Ruins_U5/Content/Blueprints/Torch_BP.uexp" 2609
"C:/Users/ROG Primary/Documents/GitHub/Oops-All-Ruins-/Oops_All_Ruins_U5/Content/Maps/AZTEC_RUN_1_sharedassets/Grass_LayerInfo.uasset" 2610
"C:/Users/ROG Primary/Documents/GitHub/Oops-All-Ruins-/Oops_All_Ruins_U5/Content/Maps/AZTEC_RUN_1_sharedassets/Grass_LayerInfo.uexp" 2611
"C:/Users/ROG Primary/Documents/GitHub/Oops-All-Ruins-/Oops_All_Ruins_U5/Content/Maps/AZTEC_RUN_3.uexp" 2612
"C:/Users/ROG Primary/Documents/GitHub/Oops-All-Ruins-/Oops_All_Ruins_U5/Content/Maps/AZTEC_RUN_3.ubulk" 2613
"C:/Users/ROG Primary/Documents/GitHub/Oops-All-Ruins-/Oops_All_Ruins_U5/Content/Maps/AZTEC_RUN_3.umap" 2614
"C:/Users/ROG Primary/Documents/GitHub/Oops-All-Ruins-/Oops_All_Ruins_U5/Content/Cinematics/Level_2/Level2_opening_flythrough_01.uasset" 2615
"C:/Users/ROG Primary/Documents/GitHub/Oops-All-Ruins-/Oops_All_Ruins_U5/Content/Cinematics/Level_2/Level2_opening_flythrough_01.uexp" 2616
"C:/Users/ROG Primary/Documents/GitHub/Oops-All-Ruins-/Oops_All_Ruins_U5/Content/Cinematics/Level_2/Level2_opening_flythrough_05.uasset" 2617
"C:/Users/ROG Primary/Documents/GitHub/Oops-All-Ruins-/Oops_All_Ruins_U5/Content/Cinematics/Level_2/Level2_opening_flythrough_05.uexp" 2618
"C:/Users/ROG Primary/Documents/GitHub/Oops-All-Ruins-/Oops_All_Ruins_U5/Content/Materials/Textures/Cave/Cave_Material_basecolor.ubulk" 2619
"C:/Users/ROG Primary/Documents/GitHub/Oops-All-Ruins-/Oops_All_Ruins_U5/Content/Materials/Textures/Cave/Cave_Material_basecolor.uasset" 2620
"C:/Users/ROG Primary/Documents/GitHub/Oops-All-Ruins-/Oops_All_Ruins_U5/Content/Materials/Textures/Cave/Cave_Material_basecolor.uexp" 2621
"C:/Users/ROG Primary/Documents/GitHub/Oops-All-Ruins-/Oops_All_Ruins_U5/Content/Materials/Textures/Cave/Cave_Material_roughness.ubulk" 2622
"C:/Users/ROG Primary/Documents/GitHub/Oops-All-Ruins-/Oops_All_Ruins_U5/Content/Materials/Textures/Cave/Cave_Material_roughness.uasset" 2623
"C:/Users/ROG Primary/Documents/GitHub/Oops-All-Ruins-/Oops_All_Ruins_U5/Content/Materials/Textures/Cave/Cave_Material_roughness.uexp" 2624
"C:/Users/ROG Primary/Documents/GitHub/Oops-All-Ruins-/Oops_All_Ruins_U5/Content/Materials/Textures/Cave/Cave_Material_normal.ubulk" 2625
"C:/Users/ROG Primary/Documents/GitHub/Oops-All-Ruins-/Oops_All_Ruins_U5/Content/Materials/Textures/Cave/Cave_Material_normal.uasset" 2626
"C:/Users/ROG Primary/Documents/GitHub/Oops-All-Ruins-/Oops_All_Ruins_U5/Content/Materials/Textures/Cave/Cave_Material_normal.uexp" 2627
"C:/Users/ROG Primary/Documents/GitHub/Oops-All-Ruins-/Oops_All_Ruins_U5/Content/Materials/Cave_mat.uasset" 2628
"C:/Users/ROG Primary/Documents/GitHub/Oops-All-Ruins-/Oops_All_Ruins_U5/Content/Materials/Cave_mat.uexp" 2629
"C:/Users/ROG Primary/Documents/GitHub/Oops-All-Ruins-/Oops_All_Ruins_U5/Content/Materials/Cave_mat_Inst.uasset" 2630
"C:/Users/ROG Primary/Documents/GitHub/Oops-All-Ruins-/Oops_All_Ruins_U5/Content/Materials/Cave_mat_Inst.uexp" 2631
"C:/Users/ROG Primary/Documents/GitHub/Oops-All-Ruins-/Oops_All_Ruins_U5/Content/Assets/Low_Poly_Cave_V1_Geo.ubulk" 2632
"C:/Users/ROG Primary/Documents/GitHub/Oops-All-Ruins-/Oops_All_Ruins_U5/Content/Assets/Low_Poly_Cave_V1_Geo.uasset" 2633
"C:/Users/ROG Primary/Documents/GitHub/Oops-All-Ruins-/Oops_All_Ruins_U5/Content/Assets/Low_Poly_Cave_V1_Geo.uexp" 2634
"C:/Users/ROG Primary/Documents/GitHub/Oops-All-Ruins-/Oops_All_Ruins_U5/Content/Materials/Textures/Stone_Red/Red_Stone_normal.ubulk" 2635
"C:/Users/ROG Primary/Documents/GitHub/Oops-All-Ruins-/Oops_All_Ruins_U5/Content/Materials/Textures/Stone_Red/Red_Stone_normal.uasset" 2636
"C:/Users/ROG Primary/Documents/GitHub/Oops-All-Ruins-/Oops_All_Ruins_U5/Content/Materials/Textures/Stone_Red/Red_Stone_normal.uexp" 2637
"C:/Users/ROG Primary/Documents/GitHub/Oops-All-Ruins-/Oops_All_Ruins_U5/Content/Materials/Textures/Stone_Red/Red_Stone_basecolor.ubulk" 2638
"C:/Users/ROG Primary/Documents/GitHub/Oops-All-Ruins-/Oops_All_Ruins_U5/Content/Materials/Textures/Stone_Red/Red_Stone_basecolor.uasset" 2639
"C:/Users/ROG Primary/Documents/GitHub/Oops-All-Ruins-/Oops_All_Ruins_U5/Content/Materials/Textures/Stone_Red/Red_Stone_basecolor.uexp" 2640
"C:/Users/ROG Primary/Documents/GitHub/Oops-All-Ruins-/Oops_All_Ruins_U5/Content/Materials/Textures/Stone_Red/Red_Stone_roughness.ubulk" 2641
"C:/Users/ROG Primary/Documents/GitHub/Oops-All-Ruins-/Oops_All_Ruins_U5/Content/Materials/Textures/Stone_Red/Red_Stone_roughness.uasset" 2642
"C:/Users/ROG Primary/Documents/GitHub/Oops-All-Ruins-/Oops_All_Ruins_U5/Content/Materials/Textures/Stone_Red/Red_Stone_roughness.uexp" 2643
"C:/Users/ROG Primary/Documents/GitHub/Oops-All-Ruins-/Oops_All_Ruins_U5/Content/Materials/Textures/Stone_Red/Red_Stone_metallic.ubulk" 2644
"C:/Users/ROG Primary/Documents/GitHub/Oops-All-Ruins-/Oops_All_Ruins_U5/Content/Materials/Textures/Stone_Red/Red_Stone_metallic.uasset" 2645
"C:/Users/ROG Primary/Documents/GitHub/Oops-All-Ruins-/Oops_All_Ruins_U5/Content/Materials/Textures/Stone_Red/Red_Stone_metallic.uexp" 2646
"C:/Users/ROG Primary/Documents/GitHub/Oops-All-Ruins-/Oops_All_Ruins_U5/Content/Materials/Stone_Red_mat.uasset" 2647
"C:/Users/ROG Primary/Documents/GitHub/Oops-All-Ruins-/Oops_All_Ruins_U5/Content/Materials/Stone_Red_mat.uexp" 2648
"C:/Users/ROG Primary/Documents/GitHub/Oops-All-Ruins-/Oops_All_Ruins_U5/Content/Materials/Textures/PushTrap/K_PushTrap_LP_Ver1_geo_1001_OcclusionRoughnessMetallic.ubulk" 2649
"C:/Users/ROG Primary/Documents/GitHub/Oops-All-Ruins-/Oops_All_Ruins_U5/Content/Materials/Textures/PushTrap/K_PushTrap_LP_Ver1_geo_1001_OcclusionRoughnessMetallic.uasset" 2650
"C:/Users/ROG Primary/Documents/GitHub/Oops-All-Ruins-/Oops_All_Ruins_U5/Content/Materials/Textures/PushTrap/K_PushTrap_LP_Ver1_geo_1001_OcclusionRoughnessMetallic.uexp" 2651
"C:/Users/ROG Primary/Documents/GitHub/Oops-All-Ruins-/Oops_All_Ruins_U5/Content/Materials/Textures/PushTrap/K_PushTrap_LP_Ver1_geo_1001_BaseColor.ubulk" 2652
"C:/Users/ROG Primary/Documents/GitHub/Oops-All-Ruins-/Oops_All_Ruins_U5/Content/Materials/Textures/PushTrap/K_PushTrap_LP_Ver1_geo_1001_BaseColor.uasset" 2653
"C:/Users/ROG Primary/Documents/GitHub/Oops-All-Ruins-/Oops_All_Ruins_U5/Content/Materials/Textures/PushTrap/K_PushTrap_LP_Ver1_geo_1001_BaseColor.uexp" 2654
"C:/Users/ROG Primary/Documents/GitHub/Oops-All-Ruins-/Oops_All_Ruins_U5/Content/Materials/Textures/PushTrap/K_PushTrap_LP_Ver1_geo_1001_Normal.ubulk" 2655
"C:/Users/ROG Primary/Documents/GitHub/Oops-All-Ruins-/Oops_All_Ruins_U5/Content/Materials/Textures/PushTrap/K_PushTrap_LP_Ver1_geo_1001_Normal.uasset" 2656
"C:/Users/ROG Primary/Documents/GitHub/Oops-All-Ruins-/Oops_All_Ruins_U5/Content/Materials/Textures/PushTrap/K_PushTrap_LP_Ver1_geo_1001_Normal.uexp" 2657
"C:/Users/ROG Primary/Documents/GitHub/Oops-All-Ruins-/Oops_All_Ruins_U5/Content/Materials/PushTrap_mat.uasset" 2658
"C:/Users/ROG Primary/Documents/GitHub/Oops-All-Ruins-/Oops_All_Ruins_U5/Content/Materials/PushTrap_mat.uexp" 2659
"C:/Users/ROG Primary/Documents/GitHub/Oops-All-Ruins-/Oops_All_Ruins_U5/Content/Assets/K_PushTrap_LP_Ver1_geo.ubulk" 2660
"C:/Users/ROG Primary/Documents/GitHub/Oops-All-Ruins-/Oops_All_Ruins_U5/Content/Assets/K_PushTrap_LP_Ver1_geo.uasset" 2661
"C:/Users/ROG Primary/Documents/GitHub/Oops-All-Ruins-/Oops_All_Ruins_U5/Content/Assets/K_PushTrap_LP_Ver1_geo.uexp" 2662
"C:/Users/ROG Primary/Documents/GitHub/Oops-All-Ruins-/Oops_All_Ruins_U5/Content/Traps_BP/PushTrap_BP.uasset" 2663
"C:/Users/ROG Primary/Documents/GitHub/Oops-All-Ruins-/Oops_All_Ruins_U5/Content/Traps_BP/PushTrap_BP.uexp" 2664
"C:/Users/ROG Primary/Documents/GitHub/Oops-All-Ruins-/Oops_All_Ruins_U5/Content/Maps/AZTEC_RUN_2_sharedassets/grass_LayerInfo.uasset" 2665
"C:/Users/ROG Primary/Documents/GitHub/Oops-All-Ruins-/Oops_All_Ruins_U5/Content/Maps/AZTEC_RUN_2_sharedassets/grass_LayerInfo.uexp" 2666
"C:/Users/ROG Primary/Documents/GitHub/Oops-All-Ruins-/Oops_All_Ruins_U5/Content/Materials/Textures/SwingingBeam/A_SwingingBeam_V1_Geo_1001_BaseColor.ubulk" 2667
"C:/Users/ROG Primary/Documents/GitHub/Oops-All-Ruins-/Oops_All_Ruins_U5/Content/Materials/Textures/SwingingBeam/A_SwingingBeam_V1_Geo_1001_BaseColor.uasset" 2668
"C:/Users/ROG Primary/Documents/GitHub/Oops-All-Ruins-/Oops_All_Ruins_U5/Content/Materials/Textures/SwingingBeam/A_SwingingBeam_V1_Geo_1001_BaseColor.uexp" 2669
"C:/Users/ROG Primary/Documents/GitHub/Oops-All-Ruins-/Oops_All_Ruins_U5/Content/Materials/Textures/SwingingBeam/A_SwingingBeam_V1_Geo_1001_Normal.ubulk" 2670
"C:/Users/ROG Primary/Documents/GitHub/Oops-All-Ruins-/Oops_All_Ruins_U5/Content/Materials/Textures/SwingingBeam/A_SwingingBeam_V1_Geo_1001_Normal.uasset" 2671
"C:/Users/ROG Primary/Documents/GitHub/Oops-All-Ruins-/Oops_All_Ruins_U5/Content/Materials/Textures/SwingingBeam/A_SwingingBeam_V1_Geo_1001_Normal.uexp" 2672
"C:/Users/ROG Primary/Documents/GitHub/Oops-All-Ruins-/Oops_All_Ruins_U5/Content/Materials/Textures/SwingingBeam/A_SwingingBeam_V1_Geo_1001_OcclusionRoughnessMetallic.ubulk" 2673
"C:/Users/ROG Primary/Documents/GitHub/Oops-All-Ruins-/Oops_All_Ruins_U5/Content/Materials/Textures/SwingingBeam/A_SwingingBeam_V1_Geo_1001_OcclusionRoughnessMetallic.uasset" 2674
"C:/Users/ROG Primary/Documents/GitHub/Oops-All-Ruins-/Oops_All_Ruins_U5/Content/Materials/Textures/SwingingBeam/A_SwingingBeam_V1_Geo_1001_OcclusionRoughnessMetallic.uexp" 2675
"C:/Users/ROG Primary/Documents/GitHub/Oops-All-Ruins-/Oops_All_Ruins_U5/Content/Materials/SwingingBeam_mat.uasset" 2676
"C:/Users/ROG Primary/Documents/GitHub/Oops-All-Ruins-/Oops_All_Ruins_U5/Content/Materials/SwingingBeam_mat.uexp" 2677
"C:/Users/ROG Primary/Documents/GitHub/Oops-All-Ruins-/Oops_All_Ruins_U5/Content/Assets/A_SwingingBeam_V1_Geo.ubulk" 2678
"C:/Users/ROG Primary/Documents/GitHub/Oops-All-Ruins-/Oops_All_Ruins_U5/Content/Assets/A_SwingingBeam_V1_Geo.uasset" 2679
"C:/Users/ROG Primary/Documents/GitHub/Oops-All-Ruins-/Oops_All_Ruins_U5/Content/Assets/A_SwingingBeam_V1_Geo.uexp" 2680
"C:/Users/ROG Primary/Documents/GitHub/Oops-All-Ruins-/Oops_All_Ruins_U5/Content/Assets/Log_LowPoly_Geo.ubulk" 2681
"C:/Users/ROG Primary/Documents/GitHub/Oops-All-Ruins-/Oops_All_Ruins_U5/Content/Assets/Log_LowPoly_Geo.uasset" 2682
"C:/Users/ROG Primary/Documents/GitHub/Oops-All-Ruins-/Oops_All_Ruins_U5/Content/Assets/Log_LowPoly_Geo.uexp" 2683
"C:/Users/ROG Primary/Documents/GitHub/Oops-All-Ruins-/Oops_All_Ruins_U5/Content/Traps_BP/SwingingLog_BP.uasset" 2684
"C:/Users/ROG Primary/Documents/GitHub/Oops-All-Ruins-/Oops_All_Ruins_U5/Content/Traps_BP/SwingingLog_BP.uexp" 2685
"C:/Users/ROG Primary/Documents/GitHub/Oops-All-Ruins-/Oops_All_Ruins_U5/Content/Cinematics/Level_2/Level2_opening_flythrough_02.uasset" 2686
"C:/Users/ROG Primary/Documents/GitHub/Oops-All-Ruins-/Oops_All_Ruins_U5/Content/Cinematics/Level_2/Level2_opening_flythrough_02.uexp" 2687
"C:/Users/ROG Primary/Documents/GitHub/Oops-All-Ruins-/Oops_All_Ruins_U5/Content/Cinematics/Level_2/Level2_opening_flythrough_03.uasset" 2688
"C:/Users/ROG Primary/Documents/GitHub/Oops-All-Ruins-/Oops_All_Ruins_U5/Content/Cinematics/Level_2/Level2_opening_flythrough_03.uexp" 2689
"C:/Users/ROG Primary/Documents/GitHub/Oops-All-Ruins-/Oops_All_Ruins_U5/Content/Cinematics/Level_2/Level2_opening_flythrough_06.uasset" 2690
"C:/Users/ROG Primary/Documents/GitHub/Oops-All-Ruins-/Oops_All_Ruins_U5/Content/Cinematics/Level_2/Level2_opening_flythrough_06.uexp" 2691
"C:/Users/ROG Primary/Documents/GitHub/Oops-All-Ruins-/Oops_All_Ruins_U5/Content/Cinematics/Level_2/Level2_opening_flythrough_04.uasset" 2692
"C:/Users/ROG Primary/Documents/GitHub/Oops-All-Ruins-/Oops_All_Ruins_U5/Content/Cinematics/Level_2/Level2_opening_flythrough_04.uexp" 2693
"C:/Users/ROG Primary/Documents/GitHub/Oops-All-Ruins-/Oops_All_Ruins_U5/Content/Cinematics/Level_2/Master_Level2_opening_flythrough.uasset" 2694
"C:/Users/ROG Primary/Documents/GitHub/Oops-All-Ruins-/Oops_All_Ruins_U5/Content/Cinematics/Level_2/Master_Level2_opening_flythrough.uexp" 2695
"C:/Users/ROG Primary/Documents/GitHub/Oops-All-Ruins-/Oops_All_Ruins_U5/Content/Images/Loading_screen_images/Level3LoadLast.uasset" 2696
"C:/Users/ROG Primary/Documents/GitHub/Oops-All-Ruins-/Oops_All_Ruins_U5/Content/Images/Loading_screen_images/Level3LoadLast.uexp" 2697
"C:/Users/ROG Primary/Documents/GitHub/Oops-All-Ruins-/Oops_All_Ruins_U5/Content/Images/loading_screen_3.uasset" 2698
"C:/Users/ROG Primary/Documents/GitHub/Oops-All-Ruins-/Oops_All_Ruins_U5/Content/Images/loading_screen_3.uexp" 2699
"C:/Users/ROG Primary/Documents/GitHub/Oops-All-Ruins-/Oops_All_Ruins_U5/Content/Materials/Textures/Stone_Neutral/Neutral_Stone_roughness.ubulk" 2700
"C:/Users/ROG Primary/Documents/GitHub/Oops-All-Ruins-/Oops_All_Ruins_U5/Content/Materials/Textures/Stone_Neutral/Neutral_Stone_roughness.uasset" 2701
"C:/Users/ROG Primary/Documents/GitHub/Oops-All-Ruins-/Oops_All_Ruins_U5/Content/Materials/Textures/Stone_Neutral/Neutral_Stone_roughness.uexp" 2702
"C:/Users/ROG Primary/Documents/GitHub/Oops-All-Ruins-/Oops_All_Ruins_U5/Content/Materials/Textures/Stone_Neutral/Neutral_Stone_basecolor.ubulk" 2703
"C:/Users/ROG Primary/Documents/GitHub/Oops-All-Ruins-/Oops_All_Ruins_U5/Content/Materials/Textures/Stone_Neutral/Neutral_Stone_basecolor.uasset" 2704
"C:/Users/ROG Primary/Documents/GitHub/Oops-All-Ruins-/Oops_All_Ruins_U5/Content/Materials/Textures/Stone_Neutral/Neutral_Stone_basecolor.uexp" 2705
"C:/Users/ROG Primary/Documents/GitHub/Oops-All-Ruins-/Oops_All_Ruins_U5/Content/Materials/Textures/Stone_Neutral/Neutral_Stone_metallic.ubulk" 2706
"C:/Users/ROG Primary/Documents/GitHub/Oops-All-Ruins-/Oops_All_Ruins_U5/Content/Materials/Textures/Stone_Neutral/Neutral_Stone_metallic.uasset" 2707
"C:/Users/ROG Primary/Documents/GitHub/Oops-All-Ruins-/Oops_All_Ruins_U5/Content/Materials/Textures/Stone_Neutral/Neutral_Stone_metallic.uexp" 2708
"C:/Users/ROG Primary/Documents/GitHub/Oops-All-Ruins-/Oops_All_Ruins_U5/Content/Materials/Textures/Stone_Neutral/Neutral_Stone_normal.ubulk" 2709
"C:/Users/ROG Primary/Documents/GitHub/Oops-All-Ruins-/Oops_All_Ruins_U5/Content/Materials/Textures/Stone_Neutral/Neutral_Stone_normal.uasset" 2710
"C:/Users/ROG Primary/Documents/GitHub/Oops-All-Ruins-/Oops_All_Ruins_U5/Content/Materials/Textures/Stone_Neutral/Neutral_Stone_normal.uexp" 2711
"C:/Users/ROG Primary/Documents/GitHub/Oops-All-Ruins-/Oops_All_Ruins_U5/Content/Materials/Stone_Neutral_mat.uasset" 2712
"C:/Users/ROG Primary/Documents/GitHub/Oops-All-Ruins-/Oops_All_Ruins_U5/Content/Materials/Stone_Neutral_mat.uexp" 2713
"C:/Users/ROG Primary/Documents/GitHub/Oops-All-Ruins-/Oops_All_Ruins_U5/Content/Materials/Stone_Neutral_Breakable_mat_Inst.uasset" 2714
"C:/Users/ROG Primary/Documents/GitHub/Oops-All-Ruins-/Oops_All_Ruins_U5/Content/Materials/Stone_Neutral_Breakable_mat_Inst.uexp" 2715
"C:/Users/ROG Primary/Documents/GitHub/Oops-All-Ruins-/Oops_All_Ruins_U5/Content/Traps_BP/BreakableWall_2_geo4_GeometryCollection.uasset" 2716
"C:/Users/ROG Primary/Documents/GitHub/Oops-All-Ruins-/Oops_All_Ruins_U5/Content/Traps_BP/BreakableWall_2_geo4_GeometryCollection.uexp" 2717
"C:/Users/ROG Primary/Documents/GitHub/Oops-All-Ruins-/Oops_All_Ruins_U5/Content/Materials/Textures/crack_01/Wall_Crack_01_normal.ubulk" 2718
"C:/Users/ROG Primary/Documents/GitHub/Oops-All-Ruins-/Oops_All_Ruins_U5/Content/Materials/Textures/crack_01/Wall_Crack_01_normal.uasset" 2719
"C:/Users/ROG Primary/Documents/GitHub/Oops-All-Ruins-/Oops_All_Ruins_U5/Content/Materials/Textures/crack_01/Wall_Crack_01_normal.uexp" 2720
"C:/Users/ROG Primary/Documents/GitHub/Oops-All-Ruins-/Oops_All_Ruins_U5/Content/Materials/Textures/crack_01/Wall_Crack_01_roughness.ubulk" 2721
"C:/Users/ROG Primary/Documents/GitHub/Oops-All-Ruins-/Oops_All_Ruins_U5/Content/Materials/Textures/crack_01/Wall_Crack_01_roughness.uasset" 2722
"C:/Users/ROG Primary/Documents/GitHub/Oops-All-Ruins-/Oops_All_Ruins_U5/Content/Materials/Textures/crack_01/Wall_Crack_01_roughness.uexp" 2723
"C:/Users/ROG Primary/Documents/GitHub/Oops-All-Ruins-/Oops_All_Ruins_U5/Content/Materials/Textures/crack_01/Wall_Crack_01_basecolor.ubulk" 2724
"C:/Users/ROG Primary/Documents/GitHub/Oops-All-Ruins-/Oops_All_Ruins_U5/Content/Materials/Textures/crack_01/Wall_Crack_01_basecolor.uasset" 2725
"C:/Users/ROG Primary/Documents/GitHub/Oops-All-Ruins-/Oops_All_Ruins_U5/Content/Materials/Textures/crack_01/Wall_Crack_01_basecolor.uexp" 2726
"C:/Users/ROG Primary/Documents/GitHub/Oops-All-Ruins-/Oops_All_Ruins_U5/Content/Materials/Cracks_01_mat.uasset" 2727
"C:/Users/ROG Primary/Documents/GitHub/Oops-All-Ruins-/Oops_All_Ruins_U5/Content/Materials/Cracks_01_mat.uexp" 2728
"C:/Users/ROG Primary/Documents/GitHub/Oops-All-Ruins-/Oops_All_Ruins_U5/Content/Materials/Cracks_01_mat_Inst.uasset" 2729
"C:/Users/ROG Primary/Documents/GitHub/Oops-All-Ruins-/Oops_All_Ruins_U5/Content/Materials/Cracks_01_mat_Inst.uexp" 2730
"C:/Users/ROG Primary/Documents/GitHub/Oops-All-Ruins-/Oops_All_Ruins_U5/Content/Traps_BP/BreakableWall_BP.uasset" 2731
"C:/Users/ROG Primary/Documents/GitHub/Oops-All-Ruins-/Oops_All_Ruins_U5/Content/Traps_BP/BreakableWall_BP.uexp" 2732
"C:/Users/ROG Primary/Documents/GitHub/Oops-All-Ruins-/Oops_All_Ruins_U5/Content/Materials/Textures/BallCourtGoal/M_BallCourtGoal_v1_unwrp_geo_lambert2_OcclusionRoughnessMetallic.ubulk" 2733
"C:/Users/ROG Primary/Documents/GitHub/Oops-All-Ruins-/Oops_All_Ruins_U5/Content/Materials/Textures/BallCourtGoal/M_BallCourtGoal_v1_unwrp_geo_lambert2_OcclusionRoughnessMetallic.uasset" 2734
"C:/Users/ROG Primary/Documents/GitHub/Oops-All-Ruins-/Oops_All_Ruins_U5/Content/Materials/Textures/BallCourtGoal/M_BallCourtGoal_v1_unwrp_geo_lambert2_OcclusionRoughnessMetallic.uexp" 2735
"C:/Users/ROG Primary/Documents/GitHub/Oops-All-Ruins-/Oops_All_Ruins_U5/Content/Materials/Textures/BallCourtGoal/M_BallCourtGoal_v1_unwrp_geo_lambert2_Normal.ubulk" 2736
"C:/Users/ROG Primary/Documents/GitHub/Oops-All-Ruins-/Oops_All_Ruins_U5/Content/Materials/Textures/BallCourtGoal/M_BallCourtGoal_v1_unwrp_geo_lambert2_Normal.uasset" 2737
"C:/Users/ROG Primary/Documents/GitHub/Oops-All-Ruins-/Oops_All_Ruins_U5/Content/Materials/Textures/BallCourtGoal/M_BallCourtGoal_v1_unwrp_geo_lambert2_Normal.uexp" 2738
"C:/Users/ROG Primary/Documents/GitHub/Oops-All-Ruins-/Oops_All_Ruins_U5/Content/Materials/Textures/BallCourtGoal/M_BallCourtGoal_v1_unwrp_geo_lambert2_BaseColor.ubulk" 2739
"C:/Users/ROG Primary/Documents/GitHub/Oops-All-Ruins-/Oops_All_Ruins_U5/Content/Materials/Textures/BallCourtGoal/M_BallCourtGoal_v1_unwrp_geo_lambert2_BaseColor.uasset" 2740
"C:/Users/ROG Primary/Documents/GitHub/Oops-All-Ruins-/Oops_All_Ruins_U5/Content/Materials/Textures/BallCourtGoal/M_BallCourtGoal_v1_unwrp_geo_lambert2_BaseColor.uexp" 2741
"C:/Users/ROG Primary/Documents/GitHub/Oops-All-Ruins-/Oops_All_Ruins_U5/Content/Materials/BallCourtGoal_mat.uasset" 2742
"C:/Users/ROG Primary/Documents/GitHub/Oops-All-Ruins-/Oops_All_Ruins_U5/Content/Materials/BallCourtGoal_mat.uexp" 2743
"C:/Users/ROG Primary/Documents/GitHub/Oops-All-Ruins-/Oops_All_Ruins_U5/Content/Assets/M_BallCourtGoal_v1_unwrp_geo_polySurface26.ubulk" 2744
"C:/Users/ROG Primary/Documents/GitHub/Oops-All-Ruins-/Oops_All_Ruins_U5/Content/Assets/M_BallCourtGoal_v1_unwrp_geo_polySurface26.uasset" 2745
"C:/Users/ROG Primary/Documents/GitHub/Oops-All-Ruins-/Oops_All_Ruins_U5/Content/Assets/M_BallCourtGoal_v1_unwrp_geo_polySurface26.uexp" 2746
"C:/Users/ROG Primary/Documents/GitHub/Oops-All-Ruins-/Oops_All_Ruins_U5/Content/Materials/Textures/Frieze_Relief/M_FriezeRelief_R_V1_Geo_1001_OcclusionRoughnessMetallic.ubulk" 2747
"C:/Users/ROG Primary/Documents/GitHub/Oops-All-Ruins-/Oops_All_Ruins_U5/Content/Materials/Textures/Frieze_Relief/M_FriezeRelief_R_V1_Geo_1001_OcclusionRoughnessMetallic.uasset" 2748
"C:/Users/ROG Primary/Documents/GitHub/Oops-All-Ruins-/Oops_All_Ruins_U5/Content/Materials/Textures/Frieze_Relief/M_FriezeRelief_R_V1_Geo_1001_OcclusionRoughnessMetallic.uexp" 2749
"C:/Users/ROG Primary/Documents/GitHub/Oops-All-Ruins-/Oops_All_Ruins_U5/Content/Materials/Textures/Frieze_Relief/M_FriezeRelief_R_V1_Geo_1001_BaseColor.ubulk" 2750
"C:/Users/ROG Primary/Documents/GitHub/Oops-All-Ruins-/Oops_All_Ruins_U5/Content/Materials/Textures/Frieze_Relief/M_FriezeRelief_R_V1_Geo_1001_BaseColor.uasset" 2751
"C:/Users/ROG Primary/Documents/GitHub/Oops-All-Ruins-/Oops_All_Ruins_U5/Content/Materials/Textures/Frieze_Relief/M_FriezeRelief_R_V1_Geo_1001_BaseColor.uexp" 2752
"C:/Users/ROG Primary/Documents/GitHub/Oops-All-Ruins-/Oops_All_Ruins_U5/Content/Materials/Textures/Frieze_Relief/M_FriezeRelief_R_V1_Geo_1001_Normal.ubulk" 2753
"C:/Users/ROG Primary/Documents/GitHub/Oops-All-Ruins-/Oops_All_Ruins_U5/Content/Materials/Textures/Frieze_Relief/M_FriezeRelief_R_V1_Geo_1001_Normal.uasset" 2754
"C:/Users/ROG Primary/Documents/GitHub/Oops-All-Ruins-/Oops_All_Ruins_U5/Content/Materials/Textures/Frieze_Relief/M_FriezeRelief_R_V1_Geo_1001_Normal.uexp" 2755
"C:/Users/ROG Primary/Documents/GitHub/Oops-All-Ruins-/Oops_All_Ruins_U5/Content/Materials/FriezeRelief_mat.uasset" 2756
"C:/Users/ROG Primary/Documents/GitHub/Oops-All-Ruins-/Oops_All_Ruins_U5/Content/Materials/FriezeRelief_mat.uexp" 2757
"C:/Users/ROG Primary/Documents/GitHub/Oops-All-Ruins-/Oops_All_Ruins_U5/Content/Assets/M_FriezeRelief_L_V1_Geo.ubulk" 2758
"C:/Users/ROG Primary/Documents/GitHub/Oops-All-Ruins-/Oops_All_Ruins_U5/Content/Assets/M_FriezeRelief_L_V1_Geo.uasset" 2759
"C:/Users/ROG Primary/Documents/GitHub/Oops-All-Ruins-/Oops_All_Ruins_U5/Content/Assets/M_FriezeRelief_L_V1_Geo.uexp" 2760
"C:/Users/ROG Primary/Documents/GitHub/Oops-All-Ruins-/Oops_All_Ruins_U5/Content/Materials/Black_Fog_mat.uasset" 2761
"C:/Users/ROG Primary/Documents/GitHub/Oops-All-Ruins-/Oops_All_Ruins_U5/Content/Materials/Black_Fog_mat.uexp" 2762
"C:/Users/ROG Primary/Documents/GitHub/Oops-All-Ruins-/Oops_All_Ruins_U5/Content/Materials/Black_Fog_mat_Inst3.uasset" 2763
"C:/Users/ROG Primary/Documents/GitHub/Oops-All-Ruins-/Oops_All_Ruins_U5/Content/Materials/Black_Fog_mat_Inst3.uexp" 2764
"C:/Users/ROG Primary/Documents/GitHub/Oops-All-Ruins-/Oops_All_Ruins_U5/Content/Assets/M_FriezeRelief_R_V1_Geo.ubulk" 2765
"C:/Users/ROG Primary/Documents/GitHub/Oops-All-Ruins-/Oops_All_Ruins_U5/Content/Assets/M_FriezeRelief_R_V1_Geo.uasset" 2766
"C:/Users/ROG Primary/Documents/GitHub/Oops-All-Ruins-/Oops_All_Ruins_U5/Content/Assets/M_FriezeRelief_R_V1_Geo.uexp" 2767
"C:/Users/ROG Primary/Documents/GitHub/Oops-All-Ruins-/Oops_All_Ruins_U5/Content/Materials/Textures/crack_02/Wall_Crack_02_basecolor.ubulk" 2768
"C:/Users/ROG Primary/Documents/GitHub/Oops-All-Ruins-/Oops_All_Ruins_U5/Content/Materials/Textures/crack_02/Wall_Crack_02_basecolor.uasset" 2769
"C:/Users/ROG Primary/Documents/GitHub/Oops-All-Ruins-/Oops_All_Ruins_U5/Content/Materials/Textures/crack_02/Wall_Crack_02_basecolor.uexp" 2770
"C:/Users/ROG Primary/Documents/GitHub/Oops-All-Ruins-/Oops_All_Ruins_U5/Content/Materials/Textures/crack_02/Wall_Crack_02_normal.ubulk" 2771
"C:/Users/ROG Primary/Documents/GitHub/Oops-All-Ruins-/Oops_All_Ruins_U5/Content/Materials/Textures/crack_02/Wall_Crack_02_normal.uasset" 2772
"C:/Users/ROG Primary/Documents/GitHub/Oops-All-Ruins-/Oops_All_Ruins_U5/Content/Materials/Textures/crack_02/Wall_Crack_02_normal.uexp" 2773
"C:/Users/ROG Primary/Documents/GitHub/Oops-All-Ruins-/Oops_All_Ruins_U5/Content/Materials/Textures/crack_02/Wall_Crack_02_roughness.ubulk" 2774
"C:/Users/ROG Primary/Documents/GitHub/Oops-All-Ruins-/Oops_All_Ruins_U5/Content/Materials/Textures/crack_02/Wall_Crack_02_roughness.uasset" 2775
"C:/Users/ROG Primary/Documents/GitHub/Oops-All-Ruins-/Oops_All_Ruins_U5/Content/Materials/Textures/crack_02/Wall_Crack_02_roughness.uexp" 2776
"C:/Users/ROG Primary/Documents/GitHub/Oops-All-Ruins-/Oops_All_Ruins_U5/Content/Materials/Cracks_02_mat.uasset" 2777
"C:/Users/ROG Primary/Documents/GitHub/Oops-All-Ruins-/Oops_All_Ruins_U5/Content/Materials/Cracks_02_mat.uexp" 2778
"C:/Users/ROG Primary/Documents/GitHub/Oops-All-Ruins-/Oops_All_Ruins_U5/Content/Materials/Cracks_02_mat_Inst.uasset" 2779
"C:/Users/ROG Primary/Documents/GitHub/Oops-All-Ruins-/Oops_All_Ruins_U5/Content/Materials/Cracks_02_mat_Inst.uexp" 2780
"C:/Users/ROG Primary/Documents/GitHub/Oops-All-Ruins-/Oops_All_Ruins_U5/Content/Materials/Textures/PyramisStep_Corner_1/M_StepSlope_Corner30_v1_geo_DefaultMaterial_BaseColor.ubulk" 2781
"C:/Users/ROG Primary/Documents/GitHub/Oops-All-Ruins-/Oops_All_Ruins_U5/Content/Materials/Textures/PyramisStep_Corner_1/M_StepSlope_Corner30_v1_geo_DefaultMaterial_BaseColor.uasset" 2782
"C:/Users/ROG Primary/Documents/GitHub/Oops-All-Ruins-/Oops_All_Ruins_U5/Content/Materials/Textures/PyramisStep_Corner_1/M_StepSlope_Corner30_v1_geo_DefaultMaterial_BaseColor.uexp" 2783
"C:/Users/ROG Primary/Documents/GitHub/Oops-All-Ruins-/Oops_All_Ruins_U5/Content/Materials/Textures/PyramisStep_Corner_1/M_StepSlope_Corner30_v1_geo_DefaultMaterial_Normal.ubulk" 2784
"C:/Users/ROG Primary/Documents/GitHub/Oops-All-Ruins-/Oops_All_Ruins_U5/Content/Materials/Textures/PyramisStep_Corner_1/M_StepSlope_Corner30_v1_geo_DefaultMaterial_Normal.uasset" 2785
"C:/Users/ROG Primary/Documents/GitHub/Oops-All-Ruins-/Oops_All_Ruins_U5/Content/Materials/Textures/PyramisStep_Corner_1/M_StepSlope_Corner30_v1_geo_DefaultMaterial_Normal.uexp" 2786
"C:/Users/ROG Primary/Documents/GitHub/Oops-All-Ruins-/Oops_All_Ruins_U5/Content/Materials/Textures/PyramisStep_Corner_1/M_StepSlope_Corner30_v1_geo_DefaultMaterial_OcclusionRoughnessMetallic.ubulk" 2787
"C:/Users/ROG Primary/Documents/GitHub/Oops-All-Ruins-/Oops_All_Ruins_U5/Content/Materials/Textures/PyramisStep_Corner_1/M_StepSlope_Corner30_v1_geo_DefaultMaterial_OcclusionRoughnessMetallic.uasset" 2788
"C:/Users/ROG Primary/Documents/GitHub/Oops-All-Ruins-/Oops_All_Ruins_U5/Content/Materials/Textures/PyramisStep_Corner_1/M_StepSlope_Corner30_v1_geo_DefaultMaterial_OcclusionRoughnessMetallic.uexp" 2789
"C:/Users/ROG Primary/Documents/GitHub/Oops-All-Ruins-/Oops_All_Ruins_U5/Content/Materials/StepSlope_Corner_30_mat.uasset" 2790
"C:/Users/ROG Primary/Documents/GitHub/Oops-All-Ruins-/Oops_All_Ruins_U5/Content/Materials/StepSlope_Corner_30_mat.uexp" 2791
"C:/Users/ROG Primary/Documents/GitHub/Oops-All-Ruins-/Oops_All_Ruins_U5/Content/Assets/M_StepSlope_Corner30_v1_geo.ubulk" 2792
"C:/Users/ROG Primary/Documents/GitHub/Oops-All-Ruins-/Oops_All_Ruins_U5/Content/Assets/M_StepSlope_Corner30_v1_geo.uasset" 2793
"C:/Users/ROG Primary/Documents/GitHub/Oops-All-Ruins-/Oops_All_Ruins_U5/Content/Assets/M_StepSlope_Corner30_v1_geo.uexp" 2794
"C:/Users/ROG Primary/Documents/GitHub/Oops-All-Ruins-/Oops_All_Ruins_U5/Content/Materials/Stone_Red_floor_mat_Inst.uasset" 2795
"C:/Users/ROG Primary/Documents/GitHub/Oops-All-Ruins-/Oops_All_Ruins_U5/Content/Materials/Stone_Red_floor_mat_Inst.uexp" 2796
"C:/Users/ROG Primary/Documents/GitHub/Oops-All-Ruins-/Oops_All_Ruins_U5/Content/Materials/MossyGround_mat.uasset" 2797
"C:/Users/ROG Primary/Documents/GitHub/Oops-All-Ruins-/Oops_All_Ruins_U5/Content/Materials/MossyGround_mat.uexp" 2798
"C:/Users/ROG Primary/Documents/GitHub/Oops-All-Ruins-/Oops_All_Ruins_U5/Content/Materials/MossyGround_mat_Inst.uasset" 2799
"C:/Users/ROG Primary/Documents/GitHub/Oops-All-Ruins-/Oops_All_Ruins_U5/Content/Materials/MossyGround_mat_Inst.uexp" 2800
"C:/Users/ROG Primary/Documents/GitHub/Oops-All-Ruins-/Oops_All_Ruins_U5/Content/Materials/Textures/PyramidStep_Middle_1/M_StepSlope_Middle30_v1_geo_DefaultMaterial_OcclusionRoughnessMetallic.ubulk" 2801
"C:/Users/ROG Primary/Documents/GitHub/Oops-All-Ruins-/Oops_All_Ruins_U5/Content/Materials/Textures/PyramidStep_Middle_1/M_StepSlope_Middle30_v1_geo_DefaultMaterial_OcclusionRoughnessMetallic.uasset" 2802
"C:/Users/ROG Primary/Documents/GitHub/Oops-All-Ruins-/Oops_All_Ruins_U5/Content/Materials/Textures/PyramidStep_Middle_1/M_StepSlope_Middle30_v1_geo_DefaultMaterial_OcclusionRoughnessMetallic.uexp" 2803
"C:/Users/ROG Primary/Documents/GitHub/Oops-All-Ruins-/Oops_All_Ruins_U5/Content/Materials/Textures/PyramidStep_Middle_1/M_StepSlope_Middle30_v1_geo_DefaultMaterial_Normal.ubulk" 2804
"C:/Users/ROG Primary/Documents/GitHub/Oops-All-Ruins-/Oops_All_Ruins_U5/Content/Materials/Textures/PyramidStep_Middle_1/M_StepSlope_Middle30_v1_geo_DefaultMaterial_Normal.uasset" 2805
"C:/Users/ROG Primary/Documents/GitHub/Oops-All-Ruins-/Oops_All_Ruins_U5/Content/Materials/Textures/PyramidStep_Middle_1/M_StepSlope_Middle30_v1_geo_DefaultMaterial_Normal.uexp" 2806
"C:/Users/ROG Primary/Documents/GitHub/Oops-All-Ruins-/Oops_All_Ruins_U5/Content/Materials/Textures/PyramidStep_Middle_1/M_StepSlope_Middle30_v1_geo_DefaultMaterial_BaseColor.ubulk" 2807
"C:/Users/ROG Primary/Documents/GitHub/Oops-All-Ruins-/Oops_All_Ruins_U5/Content/Materials/Textures/PyramidStep_Middle_1/M_StepSlope_Middle30_v1_geo_DefaultMaterial_BaseColor.uasset" 2808
"C:/Users/ROG Primary/Documents/GitHub/Oops-All-Ruins-/Oops_All_Ruins_U5/Content/Materials/Textures/PyramidStep_Middle_1/M_StepSlope_Middle30_v1_geo_DefaultMaterial_BaseColor.uexp" 2809
"C:/Users/ROG Primary/Documents/GitHub/Oops-All-Ruins-/Oops_All_Ruins_U5/Content/Materials/StepSlope_Middle_30_mat.uasset" 2810
"C:/Users/ROG Primary/Documents/GitHub/Oops-All-Ruins-/Oops_All_Ruins_U5/Content/Materials/StepSlope_Middle_30_mat.uexp" 2811
"C:/Users/ROG Primary/Documents/GitHub/Oops-All-Ruins-/Oops_All_Ruins_U5/Content/Assets/M_StepSlope_Middle30_v1_geo.ubulk" 2812
"C:/Users/ROG Primary/Documents/GitHub/Oops-All-Ruins-/Oops_All_Ruins_U5/Content/Assets/M_StepSlope_Middle30_v1_geo.uasset" 2813
"C:/Users/ROG Primary/Documents/GitHub/Oops-All-Ruins-/Oops_All_Ruins_U5/Content/Assets/M_StepSlope_Middle30_v1_geo.uexp" 2814
"C:/Users/ROG Primary/Documents/GitHub/Oops-All-Ruins-/Oops_All_Ruins_U5/Content/Assets/BreakableWall_1_geo_Collision.ubulk" 2815
"C:/Users/ROG Primary/Documents/GitHub/Oops-All-Ruins-/Oops_All_Ruins_U5/Content/Assets/BreakableWall_1_geo_Collision.uasset" 2816
"C:/Users/ROG Primary/Documents/GitHub/Oops-All-Ruins-/Oops_All_Ruins_U5/Content/Assets/BreakableWall_1_geo_Collision.uexp" 2817
"C:/Users/ROG Primary/Documents/GitHub/Oops-All-Ruins-/Oops_All_Ruins_U5/Content/Traps_BP/SmallBoulder3_BP1.uasset" 2818
"C:/Users/ROG Primary/Documents/GitHub/Oops-All-Ruins-/Oops_All_Ruins_U5/Content/Traps_BP/SmallBoulder3_BP1.uexp" 2819
"C:/Users/ROG Primary/Documents/GitHub/Oops-All-Ruins-/Oops_All_Ruins_U5/Content/Widgets/FINISH.uasset" 2820
"C:/Users/ROG Primary/Documents/GitHub/Oops-All-Ruins-/Oops_All_Ruins_U5/Content/Widgets/FINISH.uexp" 2821
"C:/Users/ROG Primary/Documents/GitHub/Oops-All-Ruins-/Oops_All_Ruins_U5/Content/Materials/Textures/crack_03/Wall_Crack_03_normal.ubulk" 2822
"C:/Users/ROG Primary/Documents/GitHub/Oops-All-Ruins-/Oops_All_Ruins_U5/Content/Materials/Textures/crack_03/Wall_Crack_03_normal.uasset" 2823
"C:/Users/ROG Primary/Documents/GitHub/Oops-All-Ruins-/Oops_All_Ruins_U5/Content/Materials/Textures/crack_03/Wall_Crack_03_normal.uexp" 2824
"C:/Users/ROG Primary/Documents/GitHub/Oops-All-Ruins-/Oops_All_Ruins_U5/Content/Materials/Textures/crack_03/Wall_Crack_03_basecolor.ubulk" 2825
"C:/Users/ROG Primary/Documents/GitHub/Oops-All-Ruins-/Oops_All_Ruins_U5/Content/Materials/Textures/crack_03/Wall_Crack_03_basecolor.uasset" 2826
"C:/Users/ROG Primary/Documents/GitHub/Oops-All-Ruins-/Oops_All_Ruins_U5/Content/Materials/Textures/crack_03/Wall_Crack_03_basecolor.uexp" 2827
"C:/Users/ROG Primary/Documents/GitHub/Oops-All-Ruins-/Oops_All_Ruins_U5/Content/Materials/Textures/crack_03/Wall_Crack_03_roughness.ubulk" 2828
"C:/Users/ROG Primary/Documents/GitHub/Oops-All-Ruins-/Oops_All_Ruins_U5/Content/Materials/Textures/crack_03/Wall_Crack_03_roughness.uasset" 2829
"C:/Users/ROG Primary/Documents/GitHub/Oops-All-Ruins-/Oops_All_Ruins_U5/Content/Materials/Textures/crack_03/Wall_Crack_03_roughness.uexp" 2830
"C:/Users/ROG Primary/Documents/GitHub/Oops-All-Ruins-/Oops_All_Ruins_U5/Content/Materials/Cracks_03_mat.uasset" 2831
"C:/Users/ROG Primary/Documents/GitHub/Oops-All-Ruins-/Oops_All_Ruins_U5/Content/Materials/Cracks_03_mat.uexp" 2832
"C:/Users/ROG Primary/Documents/GitHub/Oops-All-Ruins-/Oops_All_Ruins_U5/Content/Materials/Cracks_03_mat_Inst.uasset" 2833
"C:/Users/ROG Primary/Documents/GitHub/Oops-All-Ruins-/Oops_All_Ruins_U5/Content/Materials/Cracks_03_mat_Inst.uexp" 2834
"C:/Users/ROG Primary/Documents/GitHub/Oops-All-Ruins-/Oops_All_Ruins_U5/Content/Materials/Stone_Yellow_Floor_mat_Inst.uasset" 2835
"C:/Users/ROG Primary/Documents/GitHub/Oops-All-Ruins-/Oops_All_Ruins_U5/Content/Materials/Stone_Yellow_Floor_mat_Inst.uexp" 2836
"C:/Users/ROG Primary/Documents/GitHub/Oops-All-Ruins-/Oops_All_Ruins_U5/Content/Assets/ball_court_bigger_left_hoop.ubulk" 2837
"C:/Users/ROG Primary/Documents/GitHub/Oops-All-Ruins-/Oops_All_Ruins_U5/Content/Assets/ball_court_bigger_left_hoop.uasset" 2838
"C:/Users/ROG Primary/Documents/GitHub/Oops-All-Ruins-/Oops_All_Ruins_U5/Content/Assets/ball_court_bigger_left_hoop.uexp" 2839
"C:/Users/ROG Primary/Documents/GitHub/Oops-All-Ruins-/Oops_All_Ruins_U5/Content/Materials/Textures/SquareDoor/M_Doorframe_v1_geo_low_Material_Normal.ubulk" 2840
"C:/Users/ROG Primary/Documents/GitHub/Oops-All-Ruins-/Oops_All_Ruins_U5/Content/Materials/Textures/SquareDoor/M_Doorframe_v1_geo_low_Material_Normal.uasset" 2841
"C:/Users/ROG Primary/Documents/GitHub/Oops-All-Ruins-/Oops_All_Ruins_U5/Content/Materials/Textures/SquareDoor/M_Doorframe_v1_geo_low_Material_Normal.uexp" 2842
"C:/Users/ROG Primary/Documents/GitHub/Oops-All-Ruins-/Oops_All_Ruins_U5/Content/Materials/Textures/SquareDoor/M_Doorframe_v1_geo_low_Material_OcclusionRoughnessMetallic.ubulk" 2843
"C:/Users/ROG Primary/Documents/GitHub/Oops-All-Ruins-/Oops_All_Ruins_U5/Content/Materials/Textures/SquareDoor/M_Doorframe_v1_geo_low_Material_OcclusionRoughnessMetallic.uasset" 2844
"C:/Users/ROG Primary/Documents/GitHub/Oops-All-Ruins-/Oops_All_Ruins_U5/Content/Materials/Textures/SquareDoor/M_Doorframe_v1_geo_low_Material_OcclusionRoughnessMetallic.uexp" 2845
"C:/Users/ROG Primary/Documents/GitHub/Oops-All-Ruins-/Oops_All_Ruins_U5/Content/Materials/Textures/SquareDoor/M_Doorframe_v1_geo_low_Material_BaseColor.ubulk" 2846
"C:/Users/ROG Primary/Documents/GitHub/Oops-All-Ruins-/Oops_All_Ruins_U5/Content/Materials/Textures/SquareDoor/M_Doorframe_v1_geo_low_Material_BaseColor.uasset" 2847
"C:/Users/ROG Primary/Documents/GitHub/Oops-All-Ruins-/Oops_All_Ruins_U5/Content/Materials/Textures/SquareDoor/M_Doorframe_v1_geo_low_Material_BaseColor.uexp" 2848
"C:/Users/ROG Primary/Documents/GitHub/Oops-All-Ruins-/Oops_All_Ruins_U5/Content/Materials/DoorFrame_mat.uasset" 2849
"C:/Users/ROG Primary/Documents/GitHub/Oops-All-Ruins-/Oops_All_Ruins_U5/Content/Materials/DoorFrame_mat.uexp" 2850
"C:/Users/ROG Primary/Documents/GitHub/Oops-All-Ruins-/Oops_All_Ruins_U5/Content/Assets/M_Doorframe_v1_geo_col_low.ubulk" 2851
"C:/Users/ROG Primary/Documents/GitHub/Oops-All-Ruins-/Oops_All_Ruins_U5/Content/Assets/M_Doorframe_v1_geo_col_low.uasset" 2852
"C:/Users/ROG Primary/Documents/GitHub/Oops-All-Ruins-/Oops_All_Ruins_U5/Content/Assets/M_Doorframe_v1_geo_col_low.uexp" 2853
"C:/Users/ROG Primary/Documents/GitHub/Oops-All-Ruins-/Oops_All_Ruins_U5/Content/Traps_BP/SmallBoulder2_BP.uasset" 2854
"C:/Users/ROG Primary/Documents/GitHub/Oops-All-Ruins-/Oops_All_Ruins_U5/Content/Traps_BP/SmallBoulder2_BP.uexp" 2855
"C:/Users/ROG Primary/Documents/GitHub/Oops-All-Ruins-/Oops_All_Ruins_U5/Content/Materials/RoofHoleLight_mat.uasset" 2856
"C:/Users/ROG Primary/Documents/GitHub/Oops-All-Ruins-/Oops_All_Ruins_U5/Content/Materials/RoofHoleLight_mat.uexp" 2857
"C:/Users/ROG Primary/Documents/GitHub/Oops-All-Ruins-/Oops_All_Ruins_U5/Content/Traps_BP/SmallBoulder_BP_Child.uasset" 2858
"C:/Users/ROG Primary/Documents/GitHub/Oops-All-Ruins-/Oops_All_Ruins_U5/Content/Traps_BP/SmallBoulder_BP_Child.uexp" 2859
"C:/Users/ROG Primary/Documents/GitHub/Oops-All-Ruins-/Oops_All_Ruins_U5/Content/Sounds/Music/Eagles_Mask.ubulk" 2860
"C:/Users/ROG Primary/Documents/GitHub/Oops-All-Ruins-/Oops_All_Ruins_U5/Content/Sounds/Music/Eagles_Mask.uasset" 2861
"C:/Users/ROG Primary/Documents/GitHub/Oops-All-Ruins-/Oops_All_Ruins_U5/Content/Sounds/Music/Eagles_Mask.uexp" 2862
"C:/Users/ROG Primary/Documents/GitHub/Oops-All-Ruins-/Oops_All_Ruins_U5/Content/Particles/UpdatedParticles/SlowFall_System.uasset" 2863
"C:/Users/ROG Primary/Documents/GitHub/Oops-All-Ruins-/Oops_All_Ruins_U5/Content/Particles/UpdatedParticles/SlowFall_System.uexp" 2864
"C:/Users/ROG Primary/Documents/GitHub/Oops-All-Ruins-/Oops_All_Ruins_U5/Content/Materials/Brick_LightBlue_wall_mat_Inst.uasset" 2865
"C:/Users/ROG Primary/Documents/GitHub/Oops-All-Ruins-/Oops_All_Ruins_U5/Content/Materials/Brick_LightBlue_wall_mat_Inst.uexp" 2866
"C:/Users/ROG Primary/Documents/GitHub/Oops-All-Ruins-/Oops_All_Ruins_U5/Content/Materials/Black_Fog_mat_Inst.uasset" 2867
"C:/Users/ROG Primary/Documents/GitHub/Oops-All-Ruins-/Oops_All_Ruins_U5/Content/Materials/Black_Fog_mat_Inst.uexp" 2868
"C:/Users/ROG Primary/Documents/GitHub/Oops-All-Ruins-/Oops_All_Ruins_U5/Content/Materials/Stone_Neutral_Floor_mat_Inst.uasset" 2869
"C:/Users/ROG Primary/Documents/GitHub/Oops-All-Ruins-/Oops_All_Ruins_U5/Content/Materials/Stone_Neutral_Floor_mat_Inst.uexp" 2870
"../../../Engine/Content/BasicShapes/Cone.ubulk" 2871
"../../../Engine/Content/BasicShapes/Cone.uasset" 2872
"../../../Engine/Content/BasicShapes/Cone.uexp" 2873
"C:/Users/ROG Primary/Documents/GitHub/Oops-All-Ruins-/Oops_All_Ruins_U5/Content/Materials/Stone_Red_Wall_mat_Inst.uasset" 2874
"C:/Users/ROG Primary/Documents/GitHub/Oops-All-Ruins-/Oops_All_Ruins_U5/Content/Materials/Stone_Red_Wall_mat_Inst.uexp" 2875
"C:/Users/ROG Primary/Documents/GitHub/Oops-All-Ruins-/Oops_All_Ruins_U5/Content/Maps/AZTEC_RUN_2.uexp" 2876
"C:/Users/ROG Primary/Documents/GitHub/Oops-All-Ruins-/Oops_All_Ruins_U5/Content/Maps/AZTEC_RUN_2.ubulk" 2877
"C:/Users/ROG Primary/Documents/GitHub/Oops-All-Ruins-/Oops_All_Ruins_U5/Content/Maps/AZTEC_RUN_2.umap" 2878
"C:/Users/ROG Primary/Documents/GitHub/Oops-All-Ruins-/Oops_All_Ruins_U5/Content/Materials/Decals/bushy_vine_decal.uasset" 2879
"C:/Users/ROG Primary/Documents/GitHub/Oops-All-Ruins-/Oops_All_Ruins_U5/Content/Materials/Decals/bushy_vine_decal.uexp" 2880
"C:/Users/ROG Primary/Documents/GitHub/Oops-All-Ruins-/Oops_All_Ruins_U5/Content/Materials/Decals/bushy_vine_decal_normal.uasset" 2881
"C:/Users/ROG Primary/Documents/GitHub/Oops-All-Ruins-/Oops_All_Ruins_U5/Content/Materials/Decals/bushy_vine_decal_normal.uexp" 2882
"C:/Users/ROG Primary/Documents/GitHub/Oops-All-Ruins-/Oops_All_Ruins_U5/Content/Materials/Decals/BusyVines_Decal.uasset" 2883
"C:/Users/ROG Primary/Documents/GitHub/Oops-All-Ruins-/Oops_All_Ruins_U5/Content/Materials/Decals/BusyVines_Decal.uexp" 2884
"C:/Users/ROG Primary/Documents/GitHub/Oops-All-Ruins-/Oops_All_Ruins_U5/Content/Materials/Black_Fog_mat_Inst2.uasset" 2885
"C:/Users/ROG Primary/Documents/GitHub/Oops-All-Ruins-/Oops_All_Ruins_U5/Content/Materials/Black_Fog_mat_Inst2.uexp" 2886
"C:/Users/ROG Primary/Documents/GitHub/Oops-All-Ruins-/Oops_All_Ruins_U5/Content/Images/Loading_screen_images/LV2ScreenLast.uasset" 2887
"C:/Users/ROG Primary/Documents/GitHub/Oops-All-Ruins-/Oops_All_Ruins_U5/Content/Images/Loading_screen_images/LV2ScreenLast.uexp" 2888
"C:/Users/ROG Primary/Documents/GitHub/Oops-All-Ruins-/Oops_All_Ruins_U5/Content/Images/loading_screen_2.uasset" 2889
"C:/Users/ROG Primary/Documents/GitHub/Oops-All-Ruins-/Oops_All_Ruins_U5/Content/Images/loading_screen_2.uexp" 2890
"C:/Users/ROG Primary/Documents/GitHub/Oops-All-Ruins-/Oops_All_Ruins_U5/Content/Blueprints/BP_Deadzone.uasset" 2891
"C:/Users/ROG Primary/Documents/GitHub/Oops-All-Ruins-/Oops_All_Ruins_U5/Content/Blueprints/BP_Deadzone.uexp" 2892
"C:/Users/ROG Primary/Documents/GitHub/Oops-All-Ruins-/Oops_All_Ruins_U5/Content/Particles/UpdatedParticles/ShootingFire_System.uasset" 2893
"C:/Users/ROG Primary/Documents/GitHub/Oops-All-Ruins-/Oops_All_Ruins_U5/Content/Particles/UpdatedParticles/ShootingFire_System.uexp" 2894
"C:/Users/ROG Primary/Documents/GitHub/Oops-All-Ruins-/Oops_All_Ruins_U5/Content/Traps_BP/Spinning_Fire_Platforms.uasset" 2895
"C:/Users/ROG Primary/Documents/GitHub/Oops-All-Ruins-/Oops_All_Ruins_U5/Content/Traps_BP/Spinning_Fire_Platforms.uexp" 2896
"C:/Users/ROG Primary/Documents/GitHub/Oops-All-Ruins-/Oops_All_Ruins_U5/Content/Traps_BP/RollingLog_BP.uasset" 2897
"C:/Users/ROG Primary/Documents/GitHub/Oops-All-Ruins-/Oops_All_Ruins_U5/Content/Traps_BP/RollingLog_BP.uexp" 2898
"C:/Users/ROG Primary/Documents/GitHub/Oops-All-Ruins-/Oops_All_Ruins_U5/Content/Materials/Textures/SpinnerPillar/K_SpinnerPillar_v1_geo_low_DefaultMaterial_OcclusionRoughnessMetallic.ubulk" 2899
"C:/Users/ROG Primary/Documents/GitHub/Oops-All-Ruins-/Oops_All_Ruins_U5/Content/Materials/Textures/SpinnerPillar/K_SpinnerPillar_v1_geo_low_DefaultMaterial_OcclusionRoughnessMetallic.uasset" 2900
"C:/Users/ROG Primary/Documents/GitHub/Oops-All-Ruins-/Oops_All_Ruins_U5/Content/Materials/Textures/SpinnerPillar/K_SpinnerPillar_v1_geo_low_DefaultMaterial_OcclusionRoughnessMetallic.uexp" 2901
"C:/Users/ROG Primary/Documents/GitHub/Oops-All-Ruins-/Oops_All_Ruins_U5/Content/Materials/Textures/SpinnerPillar/K_SpinnerPillar_v1_geo_low_DefaultMaterial_BaseColor.ubulk" 2902
"C:/Users/ROG Primary/Documents/GitHub/Oops-All-Ruins-/Oops_All_Ruins_U5/Content/Materials/Textures/SpinnerPillar/K_SpinnerPillar_v1_geo_low_DefaultMaterial_BaseColor.uasset" 2903
"C:/Users/ROG Primary/Documents/GitHub/Oops-All-Ruins-/Oops_All_Ruins_U5/Content/Materials/Textures/SpinnerPillar/K_SpinnerPillar_v1_geo_low_DefaultMaterial_BaseColor.uexp" 2904
"C:/Users/ROG Primary/Documents/GitHub/Oops-All-Ruins-/Oops_All_Ruins_U5/Content/Materials/Textures/SpinnerPillar/K_SpinnerPillar_v1_geo_low_DefaultMaterial_Normal.ubulk" 2905
"C:/Users/ROG Primary/Documents/GitHub/Oops-All-Ruins-/Oops_All_Ruins_U5/Content/Materials/Textures/SpinnerPillar/K_SpinnerPillar_v1_geo_low_DefaultMaterial_Normal.uasset" 2906
"C:/Users/ROG Primary/Documents/GitHub/Oops-All-Ruins-/Oops_All_Ruins_U5/Content/Materials/Textures/SpinnerPillar/K_SpinnerPillar_v1_geo_low_DefaultMaterial_Normal.uexp" 2907
"C:/Users/ROG Primary/Documents/GitHub/Oops-All-Ruins-/Oops_All_Ruins_U5/Content/Materials/SpinnerPillar_mat.uasset" 2908
"C:/Users/ROG Primary/Documents/GitHub/Oops-All-Ruins-/Oops_All_Ruins_U5/Content/Materials/SpinnerPillar_mat.uexp" 2909
"C:/Users/ROG Primary/Documents/GitHub/Oops-All-Ruins-/Oops_All_Ruins_U5/Content/Assets/K_SpinnerPillar_v1_geo_low_col.ubulk" 2910
"C:/Users/ROG Primary/Documents/GitHub/Oops-All-Ruins-/Oops_All_Ruins_U5/Content/Assets/K_SpinnerPillar_v1_geo_low_col.uasset" 2911
"C:/Users/ROG Primary/Documents/GitHub/Oops-All-Ruins-/Oops_All_Ruins_U5/Content/Assets/K_SpinnerPillar_v1_geo_low_col.uexp" 2912
"C:/Users/ROG Primary/Documents/GitHub/Oops-All-Ruins-/Oops_All_Ruins_U5/Content/Materials/MayanCalendar_Spinner_mat_Inst.uasset" 2913
"C:/Users/ROG Primary/Documents/GitHub/Oops-All-Ruins-/Oops_All_Ruins_U5/Content/Materials/MayanCalendar_Spinner_mat_Inst.uexp" 2914
"C:/Users/ROG Primary/Documents/GitHub/Oops-All-Ruins-/Oops_All_Ruins_U5/Content/Traps_BP/Bumper_Spinner.uasset" 2915
"C:/Users/ROG Primary/Documents/GitHub/Oops-All-Ruins-/Oops_All_Ruins_U5/Content/Traps_BP/Bumper_Spinner.uexp" 2916
"C:/Users/ROG Primary/Documents/GitHub/Oops-All-Ruins-/Oops_All_Ruins_U5/Content/Traps_BP/Spinner.uasset" 2917
"C:/Users/ROG Primary/Documents/GitHub/Oops-All-Ruins-/Oops_All_Ruins_U5/Content/Traps_BP/Spinner.uexp" 2918
"C:/Users/ROG Primary/Documents/GitHub/Oops-All-Ruins-/Oops_All_Ruins_U5/Content/Sounds/Music/Call_of_the_Jaguar_Full.ubulk" 2919
"C:/Users/ROG Primary/Documents/GitHub/Oops-All-Ruins-/Oops_All_Ruins_U5/Content/Sounds/Music/Call_of_the_Jaguar_Full.uasset" 2920
"C:/Users/ROG Primary/Documents/GitHub/Oops-All-Ruins-/Oops_All_Ruins_U5/Content/Sounds/Music/Call_of_the_Jaguar_Full.uexp" 2921
"C:/Users/ROG Primary/Documents/GitHub/Oops-All-Ruins-/Oops_All_Ruins_U5/Content/Particles/UpdatedParticles/TorchFire_System.uasset" 2922
"C:/Users/ROG Primary/Documents/GitHub/Oops-All-Ruins-/Oops_All_Ruins_U5/Content/Particles/UpdatedParticles/TorchFire_System.uexp" 2923
"C:/Users/ROG Primary/Documents/GitHub/Oops-All-Ruins-/Oops_All_Ruins_U5/Content/Materials/Textures/Stone_DarkBlue/DB_Stone_normal.ubulk" 2924
"C:/Users/ROG Primary/Documents/GitHub/Oops-All-Ruins-/Oops_All_Ruins_U5/Content/Materials/Textures/Stone_DarkBlue/DB_Stone_normal.uasset" 2925
"C:/Users/ROG Primary/Documents/GitHub/Oops-All-Ruins-/Oops_All_Ruins_U5/Content/Materials/Textures/Stone_DarkBlue/DB_Stone_normal.uexp" 2926
"C:/Users/ROG Primary/Documents/GitHub/Oops-All-Ruins-/Oops_All_Ruins_U5/Content/Materials/Textures/Stone_DarkBlue/DB_Stone_metallic.ubulk" 2927
"C:/Users/ROG Primary/Documents/GitHub/Oops-All-Ruins-/Oops_All_Ruins_U5/Content/Materials/Textures/Stone_DarkBlue/DB_Stone_metallic.uasset" 2928
"C:/Users/ROG Primary/Documents/GitHub/Oops-All-Ruins-/Oops_All_Ruins_U5/Content/Materials/Textures/Stone_DarkBlue/DB_Stone_metallic.uexp" 2929
"C:/Users/ROG Primary/Documents/GitHub/Oops-All-Ruins-/Oops_All_Ruins_U5/Content/Materials/Textures/Stone_DarkBlue/DB_Stone_roughness.ubulk" 2930
"C:/Users/ROG Primary/Documents/GitHub/Oops-All-Ruins-/Oops_All_Ruins_U5/Content/Materials/Textures/Stone_DarkBlue/DB_Stone_roughness.uasset" 2931
"C:/Users/ROG Primary/Documents/GitHub/Oops-All-Ruins-/Oops_All_Ruins_U5/Content/Materials/Textures/Stone_DarkBlue/DB_Stone_roughness.uexp" 2932
"C:/Users/ROG Primary/Documents/GitHub/Oops-All-Ruins-/Oops_All_Ruins_U5/Content/Materials/Textures/Stone_DarkBlue/DB_Stone_basecolor.ubulk" 2933
"C:/Users/ROG Primary/Documents/GitHub/Oops-All-Ruins-/Oops_All_Ruins_U5/Content/Materials/Textures/Stone_DarkBlue/DB_Stone_basecolor.uasset" 2934
"C:/Users/ROG Primary/Documents/GitHub/Oops-All-Ruins-/Oops_All_Ruins_U5/Content/Materials/Textures/Stone_DarkBlue/DB_Stone_basecolor.uexp" 2935
"C:/Users/ROG Primary/Documents/GitHub/Oops-All-Ruins-/Oops_All_Ruins_U5/Content/Materials/Stone_DarkBlue_mat.uasset" 2936
"C:/Users/ROG Primary/Documents/GitHub/Oops-All-Ruins-/Oops_All_Ruins_U5/Content/Materials/Stone_DarkBlue_mat.uexp" 2937
"C:/Users/ROG Primary/Documents/GitHub/Oops-All-Ruins-/Oops_All_Ruins_U5/Content/Materials/Stone_DarkBlue_Floor_mat_Inst.uasset" 2938
"C:/Users/ROG Primary/Documents/GitHub/Oops-All-Ruins-/Oops_All_Ruins_U5/Content/Materials/Stone_DarkBlue_Floor_mat_Inst.uexp" 2939
"C:/Users/ROG Primary/Documents/GitHub/Oops-All-Ruins-/Oops_All_Ruins_U5/Content/Materials/Brick_LightBlue_Platform_mat_Inst.uasset" 2940
"C:/Users/ROG Primary/Documents/GitHub/Oops-All-Ruins-/Oops_All_Ruins_U5/Content/Materials/Brick_LightBlue_Platform_mat_Inst.uexp" 2941
"C:/Users/ROG Primary/Documents/GitHub/Oops-All-Ruins-/Oops_All_Ruins_U5/Content/Maps/AZTEC_RUN_1_sharedassets/ground_LayerInfo.uasset" 2942
"C:/Users/ROG Primary/Documents/GitHub/Oops-All-Ruins-/Oops_All_Ruins_U5/Content/Maps/AZTEC_RUN_1_sharedassets/ground_LayerInfo.uexp" 2943
"C:/Users/ROG Primary/Documents/GitHub/Oops-All-Ruins-/Oops_All_Ruins_U5/Content/Maps/AZTEC_RUN_1.uexp" 2944
"C:/Users/ROG Primary/Documents/GitHub/Oops-All-Ruins-/Oops_All_Ruins_U5/Content/Maps/AZTEC_RUN_1.ubulk" 2945
"C:/Users/ROG Primary/Documents/GitHub/Oops-All-Ruins-/Oops_All_Ruins_U5/Content/Maps/AZTEC_RUN_1.umap" 2946
"C:/Users/ROG Primary/Documents/GitHub/Oops-All-Ruins-/Oops_All_Ruins_U5/Content/Assets/Mansion.ubulk" 2947
"C:/Users/ROG Primary/Documents/GitHub/Oops-All-Ruins-/Oops_All_Ruins_U5/Content/Assets/Mansion.uasset" 2948
"C:/Users/ROG Primary/Documents/GitHub/Oops-All-Ruins-/Oops_All_Ruins_U5/Content/Assets/Mansion.uexp" 2949
"C:/Users/ROG Primary/Documents/GitHub/Oops-All-Ruins-/Oops_All_Ruins_U5/Content/Assets/CircularPillar__V1_Unwrp_Geo.ubulk" 2950
"C:/Users/ROG Primary/Documents/GitHub/Oops-All-Ruins-/Oops_All_Ruins_U5/Content/Assets/CircularPillar__V1_Unwrp_Geo.uasset" 2951
"C:/Users/ROG Primary/Documents/GitHub/Oops-All-Ruins-/Oops_All_Ruins_U5/Content/Assets/CircularPillar__V1_Unwrp_Geo.uexp" 2952
"C:/Users/ROG Primary/Documents/GitHub/Oops-All-Ruins-/Oops_All_Ruins_U5/Content/Maps/AZTEC_RUN_0_WaitingRoom.uexp" 2953
"C:/Users/ROG Primary/Documents/GitHub/Oops-All-Ruins-/Oops_All_Ruins_U5/Content/Maps/AZTEC_RUN_0_WaitingRoom.ubulk" 2954
"C:/Users/ROG Primary/Documents/GitHub/Oops-All-Ruins-/Oops_All_Ruins_U5/Content/Maps/AZTEC_RUN_0_WaitingRoom.umap" 2955
"C:/Users/ROG Primary/Documents/GitHub/Oops-All-Ruins-/Oops_All_Ruins_U5/Content/StarterContent/Textures/T_Frame_M.ubulk" 2956
"C:/Users/ROG Primary/Documents/GitHub/Oops-All-Ruins-/Oops_All_Ruins_U5/Content/StarterContent/Textures/T_Frame_M.uasset" 2957
"C:/Users/ROG Primary/Documents/GitHub/Oops-All-Ruins-/Oops_All_Ruins_U5/Content/StarterContent/Textures/T_Frame_M.uexp" 2958
"C:/Users/ROG Primary/Documents/GitHub/Oops-All-Ruins-/Oops_All_Ruins_U5/Content/StarterContent/Textures/T_Frame_N.ubulk" 2959
"C:/Users/ROG Primary/Documents/GitHub/Oops-All-Ruins-/Oops_All_Ruins_U5/Content/StarterContent/Textures/T_Frame_N.uasset" 2960
"C:/Users/ROG Primary/Documents/GitHub/Oops-All-Ruins-/Oops_All_Ruins_U5/Content/StarterContent/Textures/T_Frame_N.uexp" 2961
"C:/Users/ROG Primary/Documents/GitHub/Oops-All-Ruins-/Oops_All_Ruins_U5/Content/StarterContent/Props/Materials/M_Frame.uasset" 2962
"C:/Users/ROG Primary/Documents/GitHub/Oops-All-Ruins-/Oops_All_Ruins_U5/Content/StarterContent/Props/Materials/M_Frame.uexp" 2963
"C:/Users/ROG Primary/Documents/GitHub/Oops-All-Ruins-/Oops_All_Ruins_U5/Content/StarterContent/Props/SM_DoorFrame.ubulk" 2964
"C:/Users/ROG Primary/Documents/GitHub/Oops-All-Ruins-/Oops_All_Ruins_U5/Content/StarterContent/Props/SM_DoorFrame.uasset" 2965
"C:/Users/ROG Primary/Documents/GitHub/Oops-All-Ruins-/Oops_All_Ruins_U5/Content/StarterContent/Props/SM_DoorFrame.uexp" 2966
"C:/Users/ROG Primary/Documents/GitHub/Oops-All-Ruins-/Oops_All_Ruins_U5/Content/StarterContent/Materials/M_Metal_Brushed_Nickel.uasset" 2967
"C:/Users/ROG Primary/Documents/GitHub/Oops-All-Ruins-/Oops_All_Ruins_U5/Content/StarterContent/Materials/M_Metal_Brushed_Nickel.uexp" 2968
"C:/Users/ROG Primary/Documents/GitHub/Oops-All-Ruins-/Oops_All_Ruins_U5/Content/StarterContent/Textures/T_Lamp_N.ubulk" 2969
"C:/Users/ROG Primary/Documents/GitHub/Oops-All-Ruins-/Oops_All_Ruins_U5/Content/StarterContent/Textures/T_Lamp_N.uasset" 2970
"C:/Users/ROG Primary/Documents/GitHub/Oops-All-Ruins-/Oops_All_Ruins_U5/Content/StarterContent/Textures/T_Lamp_N.uexp" 2971
"C:/Users/ROG Primary/Documents/GitHub/Oops-All-Ruins-/Oops_All_Ruins_U5/Content/StarterContent/Textures/T_Lamp_M.ubulk" 2972
"C:/Users/ROG Primary/Documents/GitHub/Oops-All-Ruins-/Oops_All_Ruins_U5/Content/StarterContent/Textures/T_Lamp_M.uasset" 2973
"C:/Users/ROG Primary/Documents/GitHub/Oops-All-Ruins-/Oops_All_Ruins_U5/Content/StarterContent/Textures/T_Lamp_M.uexp" 2974
"C:/Users/ROG Primary/Documents/GitHub/Oops-All-Ruins-/Oops_All_Ruins_U5/Content/StarterContent/Props/Materials/M_Lamp.uasset" 2975
"C:/Users/ROG Primary/Documents/GitHub/Oops-All-Ruins-/Oops_All_Ruins_U5/Content/StarterContent/Props/Materials/M_Lamp.uexp" 2976
"C:/Users/ROG Primary/Documents/GitHub/Oops-All-Ruins-/Oops_All_Ruins_U5/Content/StarterContent/Props/SM_Lamp_Ceiling.ubulk" 2977
"C:/Users/ROG Primary/Documents/GitHub/Oops-All-Ruins-/Oops_All_Ruins_U5/Content/StarterContent/Props/SM_Lamp_Ceiling.uasset" 2978
"C:/Users/ROG Primary/Documents/GitHub/Oops-All-Ruins-/Oops_All_Ruins_U5/Content/StarterContent/Props/SM_Lamp_Ceiling.uexp" 2979
"C:/Users/ROG Primary/Documents/GitHub/Oops-All-Ruins-/Oops_All_Ruins_U5/Content/StarterContent/Blueprints/Blueprint_CeilingLight.uasset" 2980
"C:/Users/ROG Primary/Documents/GitHub/Oops-All-Ruins-/Oops_All_Ruins_U5/Content/StarterContent/Blueprints/Blueprint_CeilingLight.uexp" 2981
"../../../Engine/Content/Functions/Engine_MaterialFunctions03/Procedurals/ComputeFilterWidth.uasset" 2982
"../../../Engine/Content/Functions/Engine_MaterialFunctions03/Procedurals/ComputeFilterWidth.uexp" 2983
"../../../Engine/Content/EngineMaterials/AntiAliasedTextMaterialTranslucent.uasset" 2984
"../../../Engine/Content/EngineMaterials/AntiAliasedTextMaterialTranslucent.uexp" 2985
"C:/Users/ROG Primary/Documents/GitHub/Oops-All-Ruins-/Oops_All_Ruins_U5/Content/StarterContent/Architecture/Wall_Door_400x300.ubulk" 2986
"C:/Users/ROG Primary/Documents/GitHub/Oops-All-Ruins-/Oops_All_Ruins_U5/Content/StarterContent/Architecture/Wall_Door_400x300.uasset" 2987
"C:/Users/ROG Primary/Documents/GitHub/Oops-All-Ruins-/Oops_All_Ruins_U5/Content/StarterContent/Architecture/Wall_Door_400x300.uexp" 2988
"C:/Users/ROG Primary/Documents/GitHub/Oops-All-Ruins-/Oops_All_Ruins_U5/Content/StarterContent/Textures/T_Wood_Pine_D.ubulk" 2989
"C:/Users/ROG Primary/Documents/GitHub/Oops-All-Ruins-/Oops_All_Ruins_U5/Content/StarterContent/Textures/T_Wood_Pine_D.uasset" 2990
"C:/Users/ROG Primary/Documents/GitHub/Oops-All-Ruins-/Oops_All_Ruins_U5/Content/StarterContent/Textures/T_Wood_Pine_D.uexp" 2991
"C:/Users/ROG Primary/Documents/GitHub/Oops-All-Ruins-/Oops_All_Ruins_U5/Content/StarterContent/Textures/T_Wood_Pine_N.ubulk" 2992
"C:/Users/ROG Primary/Documents/GitHub/Oops-All-Ruins-/Oops_All_Ruins_U5/Content/StarterContent/Textures/T_Wood_Pine_N.uasset" 2993
"C:/Users/ROG Primary/Documents/GitHub/Oops-All-Ruins-/Oops_All_Ruins_U5/Content/StarterContent/Textures/T_Wood_Pine_N.uexp" 2994
"C:/Users/ROG Primary/Documents/GitHub/Oops-All-Ruins-/Oops_All_Ruins_U5/Content/StarterContent/Textures/T_Perlin_Noise_M.ubulk" 2995
"C:/Users/ROG Primary/Documents/GitHub/Oops-All-Ruins-/Oops_All_Ruins_U5/Content/StarterContent/Textures/T_Perlin_Noise_M.uasset" 2996
"C:/Users/ROG Primary/Documents/GitHub/Oops-All-Ruins-/Oops_All_Ruins_U5/Content/StarterContent/Textures/T_Perlin_Noise_M.uexp" 2997
"C:/Users/ROG Primary/Documents/GitHub/Oops-All-Ruins-/Oops_All_Ruins_U5/Content/StarterContent/Materials/M_Wood_Pine.uasset" 2998
"C:/Users/ROG Primary/Documents/GitHub/Oops-All-Ruins-/Oops_All_Ruins_U5/Content/StarterContent/Materials/M_Wood_Pine.uexp" 2999
"C:/Users/ROG Primary/Documents/GitHub/Oops-All-Ruins-/Oops_All_Ruins_U5/Content/StarterContent/Textures/T_Rock_Smooth_Granite_D.ubulk" 3000
"C:/Users/ROG Primary/Documents/GitHub/Oops-All-Ruins-/Oops_All_Ruins_U5/Content/StarterContent/Textures/T_Rock_Smooth_Granite_D.uasset" 3001
"C:/Users/ROG Primary/Documents/GitHub/Oops-All-Ruins-/Oops_All_Ruins_U5/Content/StarterContent/Textures/T_Rock_Smooth_Granite_D.uexp" 3002
"C:/Users/ROG Primary/Documents/GitHub/Oops-All-Ruins-/Oops_All_Ruins_U5/Content/StarterContent/Textures/T_CobbleStone_Smooth_D.ubulk" 3003
"C:/Users/ROG Primary/Documents/GitHub/Oops-All-Ruins-/Oops_All_Ruins_U5/Content/StarterContent/Textures/T_CobbleStone_Smooth_D.uasset" 3004
"C:/Users/ROG Primary/Documents/GitHub/Oops-All-Ruins-/Oops_All_Ruins_U5/Content/StarterContent/Textures/T_CobbleStone_Smooth_D.uexp" 3005
"C:/Users/ROG Primary/Documents/GitHub/Oops-All-Ruins-/Oops_All_Ruins_U5/Content/StarterContent/Textures/T_Gradinet_01.ubulk" 3006
"C:/Users/ROG Primary/Documents/GitHub/Oops-All-Ruins-/Oops_All_Ruins_U5/Content/StarterContent/Textures/T_Gradinet_01.uasset" 3007
"C:/Users/ROG Primary/Documents/GitHub/Oops-All-Ruins-/Oops_All_Ruins_U5/Content/StarterContent/Textures/T_Gradinet_01.uexp" 3008
"C:/Users/ROG Primary/Documents/GitHub/Oops-All-Ruins-/Oops_All_Ruins_U5/Content/StarterContent/Textures/T_CobbleStone_Smooth_M.ubulk" 3009
"C:/Users/ROG Primary/Documents/GitHub/Oops-All-Ruins-/Oops_All_Ruins_U5/Content/StarterContent/Textures/T_CobbleStone_Smooth_M.uasset" 3010
"C:/Users/ROG Primary/Documents/GitHub/Oops-All-Ruins-/Oops_All_Ruins_U5/Content/StarterContent/Textures/T_CobbleStone_Smooth_M.uexp" 3011
"C:/Users/ROG Primary/Documents/GitHub/Oops-All-Ruins-/Oops_All_Ruins_U5/Content/StarterContent/Textures/T_CobbleStone_Smooth_N.ubulk" 3012
"C:/Users/ROG Primary/Documents/GitHub/Oops-All-Ruins-/Oops_All_Ruins_U5/Content/StarterContent/Textures/T_CobbleStone_Smooth_N.uasset" 3013
"C:/Users/ROG Primary/Documents/GitHub/Oops-All-Ruins-/Oops_All_Ruins_U5/Content/StarterContent/Textures/T_CobbleStone_Smooth_N.uexp" 3014
"C:/Users/ROG Primary/Documents/GitHub/Oops-All-Ruins-/Oops_All_Ruins_U5/Content/StarterContent/Materials/M_CobbleStone_Smooth.uasset" 3015
"C:/Users/ROG Primary/Documents/GitHub/Oops-All-Ruins-/Oops_All_Ruins_U5/Content/StarterContent/Materials/M_CobbleStone_Smooth.uexp" 3016
"C:/Users/ROG Primary/Documents/GitHub/Oops-All-Ruins-/Oops_All_Ruins_U5/Content/StarterContent/Textures/T_Rock_Basalt_N.ubulk" 3017
"C:/Users/ROG Primary/Documents/GitHub/Oops-All-Ruins-/Oops_All_Ruins_U5/Content/StarterContent/Textures/T_Rock_Basalt_N.uasset" 3018
"C:/Users/ROG Primary/Documents/GitHub/Oops-All-Ruins-/Oops_All_Ruins_U5/Content/StarterContent/Textures/T_Rock_Basalt_N.uexp" 3019
"C:/Users/ROG Primary/Documents/GitHub/Oops-All-Ruins-/Oops_All_Ruins_U5/Content/StarterContent/Materials/M_Rock_Basalt.uasset" 3020
"C:/Users/ROG Primary/Documents/GitHub/Oops-All-Ruins-/Oops_All_Ruins_U5/Content/StarterContent/Materials/M_Rock_Basalt.uexp" 3021
"C:/Users/ROG Primary/Documents/GitHub/Oops-All-Ruins-/Oops_All_Ruins_U5/Content/StarterContent/Shapes/Shape_Cube.ubulk" 3022
"C:/Users/ROG Primary/Documents/GitHub/Oops-All-Ruins-/Oops_All_Ruins_U5/Content/StarterContent/Shapes/Shape_Cube.uasset" 3023
"C:/Users/ROG Primary/Documents/GitHub/Oops-All-Ruins-/Oops_All_Ruins_U5/Content/StarterContent/Shapes/Shape_Cube.uexp" 3024
"C:/Users/ROG Primary/Documents/GitHub/Oops-All-Ruins-/Oops_All_Ruins_U5/Content/StarterContent/Textures/T_Concrete_Tiles_Variation_M.ubulk" 3025
"C:/Users/ROG Primary/Documents/GitHub/Oops-All-Ruins-/Oops_All_Ruins_U5/Content/StarterContent/Textures/T_Concrete_Tiles_Variation_M.uasset" 3026
"C:/Users/ROG Primary/Documents/GitHub/Oops-All-Ruins-/Oops_All_Ruins_U5/Content/StarterContent/Textures/T_Concrete_Tiles_Variation_M.uexp" 3027
"C:/Users/ROG Primary/Documents/GitHub/Oops-All-Ruins-/Oops_All_Ruins_U5/Content/StarterContent/Textures/T_Concrete_Tiles_D.ubulk" 3028
"C:/Users/ROG Primary/Documents/GitHub/Oops-All-Ruins-/Oops_All_Ruins_U5/Content/StarterContent/Textures/T_Concrete_Tiles_D.uasset" 3029
"C:/Users/ROG Primary/Documents/GitHub/Oops-All-Ruins-/Oops_All_Ruins_U5/Content/StarterContent/Textures/T_Concrete_Tiles_D.uexp" 3030
"C:/Users/ROG Primary/Documents/GitHub/Oops-All-Ruins-/Oops_All_Ruins_U5/Content/StarterContent/Textures/T_Concrete_Tiles_M.ubulk" 3031
"C:/Users/ROG Primary/Documents/GitHub/Oops-All-Ruins-/Oops_All_Ruins_U5/Content/StarterContent/Textures/T_Concrete_Tiles_M.uasset" 3032
"C:/Users/ROG Primary/Documents/GitHub/Oops-All-Ruins-/Oops_All_Ruins_U5/Content/StarterContent/Textures/T_Concrete_Tiles_M.uexp" 3033
"C:/Users/ROG Primary/Documents/GitHub/Oops-All-Ruins-/Oops_All_Ruins_U5/Content/StarterContent/Textures/T_Concrete_Tiles_N.ubulk" 3034
"C:/Users/ROG Primary/Documents/GitHub/Oops-All-Ruins-/Oops_All_Ruins_U5/Content/StarterContent/Textures/T_Concrete_Tiles_N.uasset" 3035
"C:/Users/ROG Primary/Documents/GitHub/Oops-All-Ruins-/Oops_All_Ruins_U5/Content/StarterContent/Textures/T_Concrete_Tiles_N.uexp" 3036
"C:/Users/ROG Primary/Documents/GitHub/Oops-All-Ruins-/Oops_All_Ruins_U5/Content/StarterContent/Materials/M_Concrete_Tiles.uasset" 3037
"C:/Users/ROG Primary/Documents/GitHub/Oops-All-Ruins-/Oops_All_Ruins_U5/Content/StarterContent/Materials/M_Concrete_Tiles.uexp" 3038
"C:/Users/ROG Primary/Documents/GitHub/Oops-All-Ruins-/Oops_All_Ruins_U5/Content/StarterContent/Props/MaterialSphere.ubulk" 3039
"C:/Users/ROG Primary/Documents/GitHub/Oops-All-Ruins-/Oops_All_Ruins_U5/Content/StarterContent/Props/MaterialSphere.uasset" 3040
"C:/Users/ROG Primary/Documents/GitHub/Oops-All-Ruins-/Oops_All_Ruins_U5/Content/StarterContent/Props/MaterialSphere.uexp" 3041
"C:/Users/ROG Primary/Documents/GitHub/Oops-All-Ruins-/Oops_All_Ruins_U5/Content/StarterContent/Textures/T_Rock_Slate_D.ubulk" 3042
"C:/Users/ROG Primary/Documents/GitHub/Oops-All-Ruins-/Oops_All_Ruins_U5/Content/StarterContent/Textures/T_Rock_Slate_D.uasset" 3043
"C:/Users/ROG Primary/Documents/GitHub/Oops-All-Ruins-/Oops_All_Ruins_U5/Content/StarterContent/Textures/T_Rock_Slate_D.uexp" 3044
"C:/Users/ROG Primary/Documents/GitHub/Oops-All-Ruins-/Oops_All_Ruins_U5/Content/StarterContent/Textures/T_Rock_Slate_N.ubulk" 3045
"C:/Users/ROG Primary/Documents/GitHub/Oops-All-Ruins-/Oops_All_Ruins_U5/Content/StarterContent/Textures/T_Rock_Slate_N.uasset" 3046
"C:/Users/ROG Primary/Documents/GitHub/Oops-All-Ruins-/Oops_All_Ruins_U5/Content/StarterContent/Textures/T_Rock_Slate_N.uexp" 3047
"C:/Users/ROG Primary/Documents/GitHub/Oops-All-Ruins-/Oops_All_Ruins_U5/Content/StarterContent/Materials/M_Rock_Slate.uasset" 3048
"C:/Users/ROG Primary/Documents/GitHub/Oops-All-Ruins-/Oops_All_Ruins_U5/Content/StarterContent/Materials/M_Rock_Slate.uexp" 3049
"C:/Users/ROG Primary/Documents/GitHub/Oops-All-Ruins-/Oops_All_Ruins_U5/Content/StarterContent/Textures/T_Concrete_Poured_D.ubulk" 3050
"C:/Users/ROG Primary/Documents/GitHub/Oops-All-Ruins-/Oops_All_Ruins_U5/Content/StarterContent/Textures/T_Concrete_Poured_D.uasset" 3051
"C:/Users/ROG Primary/Documents/GitHub/Oops-All-Ruins-/Oops_All_Ruins_U5/Content/StarterContent/Textures/T_Concrete_Poured_D.uexp" 3052
"C:/Users/ROG Primary/Documents/GitHub/Oops-All-Ruins-/Oops_All_Ruins_U5/Content/StarterContent/Textures/T_Concrete_Poured_N.ubulk" 3053
"C:/Users/ROG Primary/Documents/GitHub/Oops-All-Ruins-/Oops_All_Ruins_U5/Content/StarterContent/Textures/T_Concrete_Poured_N.uasset" 3054
"C:/Users/ROG Primary/Documents/GitHub/Oops-All-Ruins-/Oops_All_Ruins_U5/Content/StarterContent/Textures/T_Concrete_Poured_N.uexp" 3055
"C:/Users/ROG Primary/Documents/GitHub/Oops-All-Ruins-/Oops_All_Ruins_U5/Content/StarterContent/Materials/M_Concrete_Poured.uasset" 3056
"C:/Users/ROG Primary/Documents/GitHub/Oops-All-Ruins-/Oops_All_Ruins_U5/Content/StarterContent/Materials/M_Concrete_Poured.uexp" 3057
"C:/Users/ROG Primary/Documents/GitHub/Oops-All-Ruins-/Oops_All_Ruins_U5/Content/StarterContent/Textures/T_Brick_Clay_Beveled_M.ubulk" 3058
"C:/Users/ROG Primary/Documents/GitHub/Oops-All-Ruins-/Oops_All_Ruins_U5/Content/StarterContent/Textures/T_Brick_Clay_Beveled_M.uasset" 3059
"C:/Users/ROG Primary/Documents/GitHub/Oops-All-Ruins-/Oops_All_Ruins_U5/Content/StarterContent/Textures/T_Brick_Clay_Beveled_M.uexp" 3060
"C:/Users/ROG Primary/Documents/GitHub/Oops-All-Ruins-/Oops_All_Ruins_U5/Content/StarterContent/Textures/T_Brick_Clay_Beveled_N.ubulk" 3061
"C:/Users/ROG Primary/Documents/GitHub/Oops-All-Ruins-/Oops_All_Ruins_U5/Content/StarterContent/Textures/T_Brick_Clay_Beveled_N.uasset" 3062
"C:/Users/ROG Primary/Documents/GitHub/Oops-All-Ruins-/Oops_All_Ruins_U5/Content/StarterContent/Textures/T_Brick_Clay_Beveled_N.uexp" 3063
"C:/Users/ROG Primary/Documents/GitHub/Oops-All-Ruins-/Oops_All_Ruins_U5/Content/StarterContent/Textures/T_Brick_Clay_Beveled_D.ubulk" 3064
"C:/Users/ROG Primary/Documents/GitHub/Oops-All-Ruins-/Oops_All_Ruins_U5/Content/StarterContent/Textures/T_Brick_Clay_Beveled_D.uasset" 3065
"C:/Users/ROG Primary/Documents/GitHub/Oops-All-Ruins-/Oops_All_Ruins_U5/Content/StarterContent/Textures/T_Brick_Clay_Beveled_D.uexp" 3066
"C:/Users/ROG Primary/Documents/GitHub/Oops-All-Ruins-/Oops_All_Ruins_U5/Content/StarterContent/Materials/M_Brick_Clay_Beveled.uasset" 3067
"C:/Users/ROG Primary/Documents/GitHub/Oops-All-Ruins-/Oops_All_Ruins_U5/Content/StarterContent/Materials/M_Brick_Clay_Beveled.uexp" 3068
"C:/Users/ROG Primary/Documents/GitHub/Oops-All-Ruins-/Oops_All_Ruins_U5/Content/StarterContent/Textures/T_Tech_Hex_Tile_M.ubulk" 3069
"C:/Users/ROG Primary/Documents/GitHub/Oops-All-Ruins-/Oops_All_Ruins_U5/Content/StarterContent/Textures/T_Tech_Hex_Tile_M.uasset" 3070
"C:/Users/ROG Primary/Documents/GitHub/Oops-All-Ruins-/Oops_All_Ruins_U5/Content/StarterContent/Textures/T_Tech_Hex_Tile_M.uexp" 3071
"C:/Users/ROG Primary/Documents/GitHub/Oops-All-Ruins-/Oops_All_Ruins_U5/Content/StarterContent/Textures/T_Tech_Hex_Tile_N.ubulk" 3072
"C:/Users/ROG Primary/Documents/GitHub/Oops-All-Ruins-/Oops_All_Ruins_U5/Content/StarterContent/Textures/T_Tech_Hex_Tile_N.uasset" 3073
"C:/Users/ROG Primary/Documents/GitHub/Oops-All-Ruins-/Oops_All_Ruins_U5/Content/StarterContent/Textures/T_Tech_Hex_Tile_N.uexp" 3074
"C:/Users/ROG Primary/Documents/GitHub/Oops-All-Ruins-/Oops_All_Ruins_U5/Content/StarterContent/Materials/M_Tech_Hex_Tile.uasset" 3075
"C:/Users/ROG Primary/Documents/GitHub/Oops-All-Ruins-/Oops_All_Ruins_U5/Content/StarterContent/Materials/M_Tech_Hex_Tile.uexp" 3076
"../../../Engine/Content/EngineSky/C_Sky_Horizon_Color.uasset" 3077
"../../../Engine/Content/EngineSky/C_Sky_Horizon_Color.uexp" 3078
"../../../Engine/Content/EngineSky/T_Sky_Stars.ubulk" 3079
"../../../Engine/Content/EngineSky/T_Sky_Stars.uasset" 3080
"../../../Engine/Content/EngineSky/T_Sky_Stars.uexp" 3081
"../../../Engine/Content/EngineSky/T_Sky_Clouds_M.ubulk" 3082
"../../../Engine/Content/EngineSky/T_Sky_Clouds_M.uasset" 3083
"../../../Engine/Content/EngineSky/T_Sky_Clouds_M.uexp" 3084
"../../../Engine/Content/EngineSky/T_Sky_Blue.ubulk" 3085
"../../../Engine/Content/EngineSky/T_Sky_Blue.uasset" 3086
"../../../Engine/Content/EngineSky/T_Sky_Blue.uexp" 3087
"../../../Engine/Content/EngineSky/M_Sky_Panning_Clouds2.uasset" 3088
"../../../Engine/Content/EngineSky/M_Sky_Panning_Clouds2.uexp" 3089
"../../../Engine/Content/EngineSky/SM_SkySphere.ubulk" 3090
"../../../Engine/Content/EngineSky/SM_SkySphere.uasset" 3091
"../../../Engine/Content/EngineSky/SM_SkySphere.uexp" 3092
"../../../Engine/Content/EngineSky/C_Sky_Cloud_Color.uasset" 3093
"../../../Engine/Content/EngineSky/C_Sky_Cloud_Color.uexp" 3094
"../../../Engine/Content/EngineSky/C_Sky_Zenith_Color.uasset" 3095
"../../../Engine/Content/EngineSky/C_Sky_Zenith_Color.uexp" 3096
"../../../Engine/Content/EngineSky/BP_Sky_Sphere.uasset" 3097
"../../../Engine/Content/EngineSky/BP_Sky_Sphere.uexp" 3098
"../../../Engine/Content/Functions/Engine_MaterialFunctions01/Opacity/AlphaOffset.uasset" 3099
"../../../Engine/Content/Functions/Engine_MaterialFunctions01/Opacity/AlphaOffset.uexp" 3100
"C:/Users/ROG Primary/Documents/GitHub/Oops-All-Ruins-/Oops_All_Ruins_U5/Content/StarterContent/Textures/T_Wood_Floor_Walnut_M.ubulk" 3101
"C:/Users/ROG Primary/Documents/GitHub/Oops-All-Ruins-/Oops_All_Ruins_U5/Content/StarterContent/Textures/T_Wood_Floor_Walnut_M.uasset" 3102
"C:/Users/ROG Primary/Documents/GitHub/Oops-All-Ruins-/Oops_All_Ruins_U5/Content/StarterContent/Textures/T_Wood_Floor_Walnut_M.uexp" 3103
"C:/Users/ROG Primary/Documents/GitHub/Oops-All-Ruins-/Oops_All_Ruins_U5/Content/StarterContent/Textures/T_Wood_Floor_Walnut_D.ubulk" 3104
"C:/Users/ROG Primary/Documents/GitHub/Oops-All-Ruins-/Oops_All_Ruins_U5/Content/StarterContent/Textures/T_Wood_Floor_Walnut_D.uasset" 3105
"C:/Users/ROG Primary/Documents/GitHub/Oops-All-Ruins-/Oops_All_Ruins_U5/Content/StarterContent/Textures/T_Wood_Floor_Walnut_D.uexp" 3106
"C:/Users/ROG Primary/Documents/GitHub/Oops-All-Ruins-/Oops_All_Ruins_U5/Content/StarterContent/Textures/T_Wood_Floor_Walnut_N.ubulk" 3107
"C:/Users/ROG Primary/Documents/GitHub/Oops-All-Ruins-/Oops_All_Ruins_U5/Content/StarterContent/Textures/T_Wood_Floor_Walnut_N.uasset" 3108
"C:/Users/ROG Primary/Documents/GitHub/Oops-All-Ruins-/Oops_All_Ruins_U5/Content/StarterContent/Textures/T_Wood_Floor_Walnut_N.uexp" 3109
"C:/Users/ROG Primary/Documents/GitHub/Oops-All-Ruins-/Oops_All_Ruins_U5/Content/StarterContent/Materials/M_Wood_Floor_Walnut_Worn.uasset" 3110
"C:/Users/ROG Primary/Documents/GitHub/Oops-All-Ruins-/Oops_All_Ruins_U5/Content/StarterContent/Materials/M_Wood_Floor_Walnut_Worn.uexp" 3111
"C:/Users/ROG Primary/Documents/GitHub/Oops-All-Ruins-/Oops_All_Ruins_U5/Content/StarterContent/Textures/T_Ground_Gravel_N.ubulk" 3112
"C:/Users/ROG Primary/Documents/GitHub/Oops-All-Ruins-/Oops_All_Ruins_U5/Content/StarterContent/Textures/T_Ground_Gravel_N.uasset" 3113
"C:/Users/ROG Primary/Documents/GitHub/Oops-All-Ruins-/Oops_All_Ruins_U5/Content/StarterContent/Textures/T_Ground_Gravel_N.uexp" 3114
"C:/Users/ROG Primary/Documents/GitHub/Oops-All-Ruins-/Oops_All_Ruins_U5/Content/StarterContent/Textures/T_Ground_Gravel_D.ubulk" 3115
"C:/Users/ROG Primary/Documents/GitHub/Oops-All-Ruins-/Oops_All_Ruins_U5/Content/StarterContent/Textures/T_Ground_Gravel_D.uasset" 3116
"C:/Users/ROG Primary/Documents/GitHub/Oops-All-Ruins-/Oops_All_Ruins_U5/Content/StarterContent/Textures/T_Ground_Gravel_D.uexp" 3117
"C:/Users/ROG Primary/Documents/GitHub/Oops-All-Ruins-/Oops_All_Ruins_U5/Content/StarterContent/Materials/M_Ground_Gravel.uasset" 3118
"C:/Users/ROG Primary/Documents/GitHub/Oops-All-Ruins-/Oops_All_Ruins_U5/Content/StarterContent/Materials/M_Ground_Gravel.uexp" 3119
"C:/Users/ROG Primary/Documents/GitHub/Oops-All-Ruins-/Oops_All_Ruins_U5/Content/StarterContent/Audio/Steam01_Cue.uasset" 3120
"C:/Users/ROG Primary/Documents/GitHub/Oops-All-Ruins-/Oops_All_Ruins_U5/Content/StarterContent/Audio/Steam01_Cue.uexp" 3121
"C:/Users/ROG Primary/Documents/GitHub/Oops-All-Ruins-/Oops_All_Ruins_U5/Content/StarterContent/Particles/P_Steam_Lit.uasset" 3122
"C:/Users/ROG Primary/Documents/GitHub/Oops-All-Ruins-/Oops_All_Ruins_U5/Content/StarterContent/Particles/P_Steam_Lit.uexp" 3123
"C:/Users/ROG Primary/Documents/GitHub/Oops-All-Ruins-/Oops_All_Ruins_U5/Content/StarterContent/Blueprints/Blueprint_Effect_Steam.uasset" 3124
"C:/Users/ROG Primary/Documents/GitHub/Oops-All-Ruins-/Oops_All_Ruins_U5/Content/StarterContent/Blueprints/Blueprint_Effect_Steam.uexp" 3125
"C:/Users/ROG Primary/Documents/GitHub/Oops-All-Ruins-/Oops_All_Ruins_U5/Content/StarterContent/Audio/Fire_Sparks01_Cue.uasset" 3126
"C:/Users/ROG Primary/Documents/GitHub/Oops-All-Ruins-/Oops_All_Ruins_U5/Content/StarterContent/Audio/Fire_Sparks01_Cue.uexp" 3127
"C:/Users/ROG Primary/Documents/GitHub/Oops-All-Ruins-/Oops_All_Ruins_U5/Content/StarterContent/Textures/T_Spark_Core.ubulk" 3128
"C:/Users/ROG Primary/Documents/GitHub/Oops-All-Ruins-/Oops_All_Ruins_U5/Content/StarterContent/Textures/T_Spark_Core.uasset" 3129
"C:/Users/ROG Primary/Documents/GitHub/Oops-All-Ruins-/Oops_All_Ruins_U5/Content/StarterContent/Textures/T_Spark_Core.uexp" 3130
"C:/Users/ROG Primary/Documents/GitHub/Oops-All-Ruins-/Oops_All_Ruins_U5/Content/StarterContent/Particles/Materials/M_Spark.uasset" 3131
"C:/Users/ROG Primary/Documents/GitHub/Oops-All-Ruins-/Oops_All_Ruins_U5/Content/StarterContent/Particles/Materials/M_Spark.uexp" 3132
"C:/Users/ROG Primary/Documents/GitHub/Oops-All-Ruins-/Oops_All_Ruins_U5/Content/StarterContent/Particles/Materials/M_Radial_Gradient.uasset" 3133
"C:/Users/ROG Primary/Documents/GitHub/Oops-All-Ruins-/Oops_All_Ruins_U5/Content/StarterContent/Particles/Materials/M_Radial_Gradient.uexp" 3134
"C:/Users/ROG Primary/Documents/GitHub/Oops-All-Ruins-/Oops_All_Ruins_U5/Content/StarterContent/Particles/P_Sparks.uasset" 3135
"C:/Users/ROG Primary/Documents/GitHub/Oops-All-Ruins-/Oops_All_Ruins_U5/Content/StarterContent/Particles/P_Sparks.uexp" 3136
"C:/Users/ROG Primary/Documents/GitHub/Oops-All-Ruins-/Oops_All_Ruins_U5/Content/StarterContent/Blueprints/Blueprint_Effect_Sparks.uasset" 3137
"C:/Users/ROG Primary/Documents/GitHub/Oops-All-Ruins-/Oops_All_Ruins_U5/Content/StarterContent/Blueprints/Blueprint_Effect_Sparks.uexp" 3138
"C:/Users/ROG Primary/Documents/GitHub/Oops-All-Ruins-/Oops_All_Ruins_U5/Content/StarterContent/Textures/T_Water_N.ubulk" 3139
"C:/Users/ROG Primary/Documents/GitHub/Oops-All-Ruins-/Oops_All_Ruins_U5/Content/StarterContent/Textures/T_Water_N.uasset" 3140
"C:/Users/ROG Primary/Documents/GitHub/Oops-All-Ruins-/Oops_All_Ruins_U5/Content/StarterContent/Textures/T_Water_N.uexp" 3141
"C:/Users/ROG Primary/Documents/GitHub/Oops-All-Ruins-/Oops_All_Ruins_U5/Content/StarterContent/Materials/M_Water_Lake.uasset" 3142
"C:/Users/ROG Primary/Documents/GitHub/Oops-All-Ruins-/Oops_All_Ruins_U5/Content/StarterContent/Materials/M_Water_Lake.uexp" 3143
"C:/Users/ROG Primary/Documents/GitHub/Oops-All-Ruins-/Oops_All_Ruins_U5/Content/StarterContent/Architecture/Wall_400x200.ubulk" 3144
"C:/Users/ROG Primary/Documents/GitHub/Oops-All-Ruins-/Oops_All_Ruins_U5/Content/StarterContent/Architecture/Wall_400x200.uasset" 3145
"C:/Users/ROG Primary/Documents/GitHub/Oops-All-Ruins-/Oops_All_Ruins_U5/Content/StarterContent/Architecture/Wall_400x200.uexp" 3146
"C:/Users/ROG Primary/Documents/GitHub/Oops-All-Ruins-/Oops_All_Ruins_U5/Content/StarterContent/Textures/T_Checker_Noise_M.ubulk" 3147
"C:/Users/ROG Primary/Documents/GitHub/Oops-All-Ruins-/Oops_All_Ruins_U5/Content/StarterContent/Textures/T_Checker_Noise_M.uasset" 3148
"C:/Users/ROG Primary/Documents/GitHub/Oops-All-Ruins-/Oops_All_Ruins_U5/Content/StarterContent/Textures/T_Checker_Noise_M.uexp" 3149
"C:/Users/ROG Primary/Documents/GitHub/Oops-All-Ruins-/Oops_All_Ruins_U5/Content/StarterContent/Textures/T_Tech_Dot_M.ubulk" 3150
"C:/Users/ROG Primary/Documents/GitHub/Oops-All-Ruins-/Oops_All_Ruins_U5/Content/StarterContent/Textures/T_Tech_Dot_M.uasset" 3151
"C:/Users/ROG Primary/Documents/GitHub/Oops-All-Ruins-/Oops_All_Ruins_U5/Content/StarterContent/Textures/T_Tech_Dot_M.uexp" 3152
"C:/Users/ROG Primary/Documents/GitHub/Oops-All-Ruins-/Oops_All_Ruins_U5/Content/StarterContent/Textures/T_Tech_Dot_N.ubulk" 3153
"C:/Users/ROG Primary/Documents/GitHub/Oops-All-Ruins-/Oops_All_Ruins_U5/Content/StarterContent/Textures/T_Tech_Dot_N.uasset" 3154
"C:/Users/ROG Primary/Documents/GitHub/Oops-All-Ruins-/Oops_All_Ruins_U5/Content/StarterContent/Textures/T_Tech_Dot_N.uexp" 3155
"C:/Users/ROG Primary/Documents/GitHub/Oops-All-Ruins-/Oops_All_Ruins_U5/Content/StarterContent/Textures/T_Single_Tile_N.ubulk" 3156
"C:/Users/ROG Primary/Documents/GitHub/Oops-All-Ruins-/Oops_All_Ruins_U5/Content/StarterContent/Textures/T_Single_Tile_N.uasset" 3157
"C:/Users/ROG Primary/Documents/GitHub/Oops-All-Ruins-/Oops_All_Ruins_U5/Content/StarterContent/Textures/T_Single_Tile_N.uexp" 3158
"C:/Users/ROG Primary/Documents/GitHub/Oops-All-Ruins-/Oops_All_Ruins_U5/Content/StarterContent/Materials/M_Tech_Checker_Dot.uasset" 3159
"C:/Users/ROG Primary/Documents/GitHub/Oops-All-Ruins-/Oops_All_Ruins_U5/Content/StarterContent/Materials/M_Tech_Checker_Dot.uexp" 3160
"C:/Users/ROG Primary/Documents/GitHub/Oops-All-Ruins-/Oops_All_Ruins_U5/Content/StarterContent/Architecture/Floor_400x400.ubulk" 3161
"C:/Users/ROG Primary/Documents/GitHub/Oops-All-Ruins-/Oops_All_Ruins_U5/Content/StarterContent/Architecture/Floor_400x400.uasset" 3162
"C:/Users/ROG Primary/Documents/GitHub/Oops-All-Ruins-/Oops_All_Ruins_U5/Content/StarterContent/Architecture/Floor_400x400.uexp" 3163
"C:/Users/ROG Primary/Documents/GitHub/Oops-All-Ruins-/Oops_All_Ruins_U5/Content/StarterContent/Props/SM_GlassWindow.ubulk" 3164
"C:/Users/ROG Primary/Documents/GitHub/Oops-All-Ruins-/Oops_All_Ruins_U5/Content/StarterContent/Props/SM_GlassWindow.uasset" 3165
"C:/Users/ROG Primary/Documents/GitHub/Oops-All-Ruins-/Oops_All_Ruins_U5/Content/StarterContent/Props/SM_GlassWindow.uexp" 3166
"C:/Users/ROG Primary/Documents/GitHub/Oops-All-Ruins-/Oops_All_Ruins_U5/Content/StarterContent/Textures/T_Metal_Gold_N.ubulk" 3167
"C:/Users/ROG Primary/Documents/GitHub/Oops-All-Ruins-/Oops_All_Ruins_U5/Content/StarterContent/Textures/T_Metal_Gold_N.uasset" 3168
"C:/Users/ROG Primary/Documents/GitHub/Oops-All-Ruins-/Oops_All_Ruins_U5/Content/StarterContent/Textures/T_Metal_Gold_N.uexp" 3169
"C:/Users/ROG Primary/Documents/GitHub/Oops-All-Ruins-/Oops_All_Ruins_U5/Content/StarterContent/Textures/T_Rock_Marble_Polished_D.ubulk" 3170
"C:/Users/ROG Primary/Documents/GitHub/Oops-All-Ruins-/Oops_All_Ruins_U5/Content/StarterContent/Textures/T_Rock_Marble_Polished_D.uasset" 3171
"C:/Users/ROG Primary/Documents/GitHub/Oops-All-Ruins-/Oops_All_Ruins_U5/Content/StarterContent/Textures/T_Rock_Marble_Polished_D.uexp" 3172
"C:/Users/ROG Primary/Documents/GitHub/Oops-All-Ruins-/Oops_All_Ruins_U5/Content/StarterContent/Materials/M_Rock_Marble_Polished.uasset" 3173
"C:/Users/ROG Primary/Documents/GitHub/Oops-All-Ruins-/Oops_All_Ruins_U5/Content/StarterContent/Materials/M_Rock_Marble_Polished.uexp" 3174
"C:/Users/ROG Primary/Documents/GitHub/Oops-All-Ruins-/Oops_All_Ruins_U5/Content/StarterContent/Textures/T_Concrete_Grime_D.ubulk" 3175
"C:/Users/ROG Primary/Documents/GitHub/Oops-All-Ruins-/Oops_All_Ruins_U5/Content/StarterContent/Textures/T_Concrete_Grime_D.uasset" 3176
"C:/Users/ROG Primary/Documents/GitHub/Oops-All-Ruins-/Oops_All_Ruins_U5/Content/StarterContent/Textures/T_Concrete_Grime_D.uexp" 3177
"C:/Users/ROG Primary/Documents/GitHub/Oops-All-Ruins-/Oops_All_Ruins_U5/Content/StarterContent/Materials/M_Concrete_Grime.uasset" 3178
"C:/Users/ROG Primary/Documents/GitHub/Oops-All-Ruins-/Oops_All_Ruins_U5/Content/StarterContent/Materials/M_Concrete_Grime.uexp" 3179
"C:/Users/ROG Primary/Documents/GitHub/Oops-All-Ruins-/Oops_All_Ruins_U5/Content/StarterContent/Textures/T_Ceramic_Tile_M.ubulk" 3180
"C:/Users/ROG Primary/Documents/GitHub/Oops-All-Ruins-/Oops_All_Ruins_U5/Content/StarterContent/Textures/T_Ceramic_Tile_M.uasset" 3181
"C:/Users/ROG Primary/Documents/GitHub/Oops-All-Ruins-/Oops_All_Ruins_U5/Content/StarterContent/Textures/T_Ceramic_Tile_M.uexp" 3182
"C:/Users/ROG Primary/Documents/GitHub/Oops-All-Ruins-/Oops_All_Ruins_U5/Content/StarterContent/Textures/T_Ceramic_Tile_N.ubulk" 3183
"C:/Users/ROG Primary/Documents/GitHub/Oops-All-Ruins-/Oops_All_Ruins_U5/Content/StarterContent/Textures/T_Ceramic_Tile_N.uasset" 3184
"C:/Users/ROG Primary/Documents/GitHub/Oops-All-Ruins-/Oops_All_Ruins_U5/Content/StarterContent/Textures/T_Ceramic_Tile_N.uexp" 3185
"C:/Users/ROG Primary/Documents/GitHub/Oops-All-Ruins-/Oops_All_Ruins_U5/Content/StarterContent/Materials/M_Ceramic_Tile_Checker.uasset" 3186
"C:/Users/ROG Primary/Documents/GitHub/Oops-All-Ruins-/Oops_All_Ruins_U5/Content/StarterContent/Materials/M_Ceramic_Tile_Checker.uexp" 3187
"C:/Users/ROG Primary/Documents/GitHub/Oops-All-Ruins-/Oops_All_Ruins_U5/Content/StarterContent/Textures/T_Rock_Sandstone_N.ubulk" 3188
"C:/Users/ROG Primary/Documents/GitHub/Oops-All-Ruins-/Oops_All_Ruins_U5/Content/StarterContent/Textures/T_Rock_Sandstone_N.uasset" 3189
"C:/Users/ROG Primary/Documents/GitHub/Oops-All-Ruins-/Oops_All_Ruins_U5/Content/StarterContent/Textures/T_Rock_Sandstone_N.uexp" 3190
"C:/Users/ROG Primary/Documents/GitHub/Oops-All-Ruins-/Oops_All_Ruins_U5/Content/StarterContent/Textures/T_Rock_Sandstone_D.ubulk" 3191
"C:/Users/ROG Primary/Documents/GitHub/Oops-All-Ruins-/Oops_All_Ruins_U5/Content/StarterContent/Textures/T_Rock_Sandstone_D.uasset" 3192
"C:/Users/ROG Primary/Documents/GitHub/Oops-All-Ruins-/Oops_All_Ruins_U5/Content/StarterContent/Textures/T_Rock_Sandstone_D.uexp" 3193
"C:/Users/ROG Primary/Documents/GitHub/Oops-All-Ruins-/Oops_All_Ruins_U5/Content/StarterContent/Materials/M_Rock_Sandstone.uasset" 3194
"C:/Users/ROG Primary/Documents/GitHub/Oops-All-Ruins-/Oops_All_Ruins_U5/Content/StarterContent/Materials/M_Rock_Sandstone.uexp" 3195
"C:/Users/ROG Primary/Documents/GitHub/Oops-All-Ruins-/Oops_All_Ruins_U5/Content/StarterContent/Textures/T_Wood_Walnut_N.ubulk" 3196
"C:/Users/ROG Primary/Documents/GitHub/Oops-All-Ruins-/Oops_All_Ruins_U5/Content/StarterContent/Textures/T_Wood_Walnut_N.uasset" 3197
"C:/Users/ROG Primary/Documents/GitHub/Oops-All-Ruins-/Oops_All_Ruins_U5/Content/StarterContent/Textures/T_Wood_Walnut_N.uexp" 3198
"C:/Users/ROG Primary/Documents/GitHub/Oops-All-Ruins-/Oops_All_Ruins_U5/Content/StarterContent/Textures/T_Wood_Walnut_D.ubulk" 3199
"C:/Users/ROG Primary/Documents/GitHub/Oops-All-Ruins-/Oops_All_Ruins_U5/Content/StarterContent/Textures/T_Wood_Walnut_D.uasset" 3200
"C:/Users/ROG Primary/Documents/GitHub/Oops-All-Ruins-/Oops_All_Ruins_U5/Content/StarterContent/Textures/T_Wood_Walnut_D.uexp" 3201
"C:/Users/ROG Primary/Documents/GitHub/Oops-All-Ruins-/Oops_All_Ruins_U5/Content/StarterContent/Materials/M_Wood_Walnut.uasset" 3202
"C:/Users/ROG Primary/Documents/GitHub/Oops-All-Ruins-/Oops_All_Ruins_U5/Content/StarterContent/Materials/M_Wood_Walnut.uexp" 3203
"C:/Users/ROG Primary/Documents/GitHub/Oops-All-Ruins-/Oops_All_Ruins_U5/Content/StarterContent/Audio/Collapse_Cue.uasset" 3204
"C:/Users/ROG Primary/Documents/GitHub/Oops-All-Ruins-/Oops_All_Ruins_U5/Content/StarterContent/Audio/Collapse_Cue.uexp" 3205
"C:/Users/ROG Primary/Documents/GitHub/Oops-All-Ruins-/Oops_All_Ruins_U5/Content/StarterContent/Textures/T_Brick_Cut_Stone_N.ubulk" 3206
"C:/Users/ROG Primary/Documents/GitHub/Oops-All-Ruins-/Oops_All_Ruins_U5/Content/StarterContent/Textures/T_Brick_Cut_Stone_N.uasset" 3207
"C:/Users/ROG Primary/Documents/GitHub/Oops-All-Ruins-/Oops_All_Ruins_U5/Content/StarterContent/Textures/T_Brick_Cut_Stone_N.uexp" 3208
"C:/Users/ROG Primary/Documents/GitHub/Oops-All-Ruins-/Oops_All_Ruins_U5/Content/StarterContent/Textures/T_Brick_Cut_Stone_D.ubulk" 3209
"C:/Users/ROG Primary/Documents/GitHub/Oops-All-Ruins-/Oops_All_Ruins_U5/Content/StarterContent/Textures/T_Brick_Cut_Stone_D.uasset" 3210
"C:/Users/ROG Primary/Documents/GitHub/Oops-All-Ruins-/Oops_All_Ruins_U5/Content/StarterContent/Textures/T_Brick_Cut_Stone_D.uexp" 3211
"C:/Users/ROG Primary/Documents/GitHub/Oops-All-Ruins-/Oops_All_Ruins_U5/Content/StarterContent/Materials/M_Brick_Cut_Stone.uasset" 3212
"C:/Users/ROG Primary/Documents/GitHub/Oops-All-Ruins-/Oops_All_Ruins_U5/Content/StarterContent/Materials/M_Brick_Cut_Stone.uexp" 3213
"C:/Users/ROG Primary/Documents/GitHub/Oops-All-Ruins-/Oops_All_Ruins_U5/Content/StarterContent/Textures/T_Dust_Particle_D.ubulk" 3214
"C:/Users/ROG Primary/Documents/GitHub/Oops-All-Ruins-/Oops_All_Ruins_U5/Content/StarterContent/Textures/T_Dust_Particle_D.uasset" 3215
"C:/Users/ROG Primary/Documents/GitHub/Oops-All-Ruins-/Oops_All_Ruins_U5/Content/StarterContent/Textures/T_Dust_Particle_D.uexp" 3216
"C:/Users/ROG Primary/Documents/GitHub/Oops-All-Ruins-/Oops_All_Ruins_U5/Content/StarterContent/Particles/Materials/M_Dust_Particle.uasset" 3217
"C:/Users/ROG Primary/Documents/GitHub/Oops-All-Ruins-/Oops_All_Ruins_U5/Content/StarterContent/Particles/Materials/M_Dust_Particle.uexp" 3218
"C:/Users/ROG Primary/Documents/GitHub/Oops-All-Ruins-/Oops_All_Ruins_U5/Content/StarterContent/Particles/P_Ambient_Dust.uasset" 3219
"C:/Users/ROG Primary/Documents/GitHub/Oops-All-Ruins-/Oops_All_Ruins_U5/Content/StarterContent/Particles/P_Ambient_Dust.uexp" 3220
"C:/Users/ROG Primary/Documents/GitHub/Oops-All-Ruins-/Oops_All_Ruins_U5/Content/StarterContent/Props/SM_WindowFrame.ubulk" 3221
"C:/Users/ROG Primary/Documents/GitHub/Oops-All-Ruins-/Oops_All_Ruins_U5/Content/StarterContent/Props/SM_WindowFrame.uasset" 3222
"C:/Users/ROG Primary/Documents/GitHub/Oops-All-Ruins-/Oops_All_Ruins_U5/Content/StarterContent/Props/SM_WindowFrame.uexp" 3223
"C:/Users/ROG Primary/Documents/GitHub/Oops-All-Ruins-/Oops_All_Ruins_U5/Content/StarterContent/Textures/T_Metal_Copper_D.ubulk" 3224
"C:/Users/ROG Primary/Documents/GitHub/Oops-All-Ruins-/Oops_All_Ruins_U5/Content/StarterContent/Textures/T_Metal_Copper_D.uasset" 3225
"C:/Users/ROG Primary/Documents/GitHub/Oops-All-Ruins-/Oops_All_Ruins_U5/Content/StarterContent/Textures/T_Metal_Copper_D.uexp" 3226
"C:/Users/ROG Primary/Documents/GitHub/Oops-All-Ruins-/Oops_All_Ruins_U5/Content/StarterContent/Materials/M_Metal_Copper.uasset" 3227
"C:/Users/ROG Primary/Documents/GitHub/Oops-All-Ruins-/Oops_All_Ruins_U5/Content/StarterContent/Materials/M_Metal_Copper.uexp" 3228
"C:/Users/ROG Primary/Documents/GitHub/Oops-All-Ruins-/Oops_All_Ruins_U5/Content/StarterContent/Textures/T_Water_M.ubulk" 3229
"C:/Users/ROG Primary/Documents/GitHub/Oops-All-Ruins-/Oops_All_Ruins_U5/Content/StarterContent/Textures/T_Water_M.uasset" 3230
"C:/Users/ROG Primary/Documents/GitHub/Oops-All-Ruins-/Oops_All_Ruins_U5/Content/StarterContent/Textures/T_Water_M.uexp" 3231
"C:/Users/ROG Primary/Documents/GitHub/Oops-All-Ruins-/Oops_All_Ruins_U5/Content/StarterContent/Materials/M_Water_Ocean.uasset" 3232
"C:/Users/ROG Primary/Documents/GitHub/Oops-All-Ruins-/Oops_All_Ruins_U5/Content/StarterContent/Materials/M_Water_Ocean.uexp" 3233
"C:/Users/ROG Primary/Documents/GitHub/Oops-All-Ruins-/Oops_All_Ruins_U5/Content/StarterContent/Textures/T_CobbleStone_Pebble_N.ubulk" 3234
"C:/Users/ROG Primary/Documents/GitHub/Oops-All-Ruins-/Oops_All_Ruins_U5/Content/StarterContent/Textures/T_CobbleStone_Pebble_N.uasset" 3235
"C:/Users/ROG Primary/Documents/GitHub/Oops-All-Ruins-/Oops_All_Ruins_U5/Content/StarterContent/Textures/T_CobbleStone_Pebble_N.uexp" 3236
"C:/Users/ROG Primary/Documents/GitHub/Oops-All-Ruins-/Oops_All_Ruins_U5/Content/StarterContent/Textures/T_CobbleStone_Pebble_M.ubulk" 3237
"C:/Users/ROG Primary/Documents/GitHub/Oops-All-Ruins-/Oops_All_Ruins_U5/Content/StarterContent/Textures/T_CobbleStone_Pebble_M.uasset" 3238
"C:/Users/ROG Primary/Documents/GitHub/Oops-All-Ruins-/Oops_All_Ruins_U5/Content/StarterContent/Textures/T_CobbleStone_Pebble_M.uexp" 3239
"C:/Users/ROG Primary/Documents/GitHub/Oops-All-Ruins-/Oops_All_Ruins_U5/Content/StarterContent/Textures/T_CobbleStone_Pebble_D.ubulk" 3240
"C:/Users/ROG Primary/Documents/GitHub/Oops-All-Ruins-/Oops_All_Ruins_U5/Content/StarterContent/Textures/T_CobbleStone_Pebble_D.uasset" 3241
"C:/Users/ROG Primary/Documents/GitHub/Oops-All-Ruins-/Oops_All_Ruins_U5/Content/StarterContent/Textures/T_CobbleStone_Pebble_D.uexp" 3242
"C:/Users/ROG Primary/Documents/GitHub/Oops-All-Ruins-/Oops_All_Ruins_U5/Content/StarterContent/Materials/M_CobbleStone_Pebble.uasset" 3243
"C:/Users/ROG Primary/Documents/GitHub/Oops-All-Ruins-/Oops_All_Ruins_U5/Content/StarterContent/Materials/M_CobbleStone_Pebble.uexp" 3244
"C:/Users/ROG Primary/Documents/GitHub/Oops-All-Ruins-/Oops_All_Ruins_U5/Content/StarterContent/Textures/T_Brick_Clay_Old_N.ubulk" 3245
"C:/Users/ROG Primary/Documents/GitHub/Oops-All-Ruins-/Oops_All_Ruins_U5/Content/StarterContent/Textures/T_Brick_Clay_Old_N.uasset" 3246
"C:/Users/ROG Primary/Documents/GitHub/Oops-All-Ruins-/Oops_All_Ruins_U5/Content/StarterContent/Textures/T_Brick_Clay_Old_N.uexp" 3247
"C:/Users/ROG Primary/Documents/GitHub/Oops-All-Ruins-/Oops_All_Ruins_U5/Content/StarterContent/Textures/T_Brick_Clay_Old_D.ubulk" 3248
"C:/Users/ROG Primary/Documents/GitHub/Oops-All-Ruins-/Oops_All_Ruins_U5/Content/StarterContent/Textures/T_Brick_Clay_Old_D.uasset" 3249
"C:/Users/ROG Primary/Documents/GitHub/Oops-All-Ruins-/Oops_All_Ruins_U5/Content/StarterContent/Textures/T_Brick_Clay_Old_D.uexp" 3250
"C:/Users/ROG Primary/Documents/GitHub/Oops-All-Ruins-/Oops_All_Ruins_U5/Content/StarterContent/Materials/M_Brick_Clay_Old.uasset" 3251
"C:/Users/ROG Primary/Documents/GitHub/Oops-All-Ruins-/Oops_All_Ruins_U5/Content/StarterContent/Materials/M_Brick_Clay_Old.uexp" 3252
"C:/Users/ROG Primary/Documents/GitHub/Oops-All-Ruins-/Oops_All_Ruins_U5/Content/StarterContent/Materials/M_Wood_Floor_Walnut_Polished.uasset" 3253
"C:/Users/ROG Primary/Documents/GitHub/Oops-All-Ruins-/Oops_All_Ruins_U5/Content/StarterContent/Materials/M_Wood_Floor_Walnut_Polished.uexp" 3254
"C:/Users/ROG Primary/Documents/GitHub/Oops-All-Ruins-/Oops_All_Ruins_U5/Content/StarterContent/Props/SM_Lamp_Wall.ubulk" 3255
"C:/Users/ROG Primary/Documents/GitHub/Oops-All-Ruins-/Oops_All_Ruins_U5/Content/StarterContent/Props/SM_Lamp_Wall.uasset" 3256
"C:/Users/ROG Primary/Documents/GitHub/Oops-All-Ruins-/Oops_All_Ruins_U5/Content/StarterContent/Props/SM_Lamp_Wall.uexp" 3257
"C:/Users/ROG Primary/Documents/GitHub/Oops-All-Ruins-/Oops_All_Ruins_U5/Content/StarterContent/Blueprints/Blueprint_WallSconce.uasset" 3258
"C:/Users/ROG Primary/Documents/GitHub/Oops-All-Ruins-/Oops_All_Ruins_U5/Content/StarterContent/Blueprints/Blueprint_WallSconce.uexp" 3259
"C:/Users/ROG Primary/Documents/GitHub/Oops-All-Ruins-/Oops_All_Ruins_U5/Content/StarterContent/Textures/T_Tech_Panel_N.ubulk" 3260
"C:/Users/ROG Primary/Documents/GitHub/Oops-All-Ruins-/Oops_All_Ruins_U5/Content/StarterContent/Textures/T_Tech_Panel_N.uasset" 3261
"C:/Users/ROG Primary/Documents/GitHub/Oops-All-Ruins-/Oops_All_Ruins_U5/Content/StarterContent/Textures/T_Tech_Panel_N.uexp" 3262
"C:/Users/ROG Primary/Documents/GitHub/Oops-All-Ruins-/Oops_All_Ruins_U5/Content/StarterContent/Textures/T_Tech_Panel_M.ubulk" 3263
"C:/Users/ROG Primary/Documents/GitHub/Oops-All-Ruins-/Oops_All_Ruins_U5/Content/StarterContent/Textures/T_Tech_Panel_M.uasset" 3264
"C:/Users/ROG Primary/Documents/GitHub/Oops-All-Ruins-/Oops_All_Ruins_U5/Content/StarterContent/Textures/T_Tech_Panel_M.uexp" 3265
"C:/Users/ROG Primary/Documents/GitHub/Oops-All-Ruins-/Oops_All_Ruins_U5/Content/StarterContent/Materials/M_Tech_Panel.uasset" 3266
"C:/Users/ROG Primary/Documents/GitHub/Oops-All-Ruins-/Oops_All_Ruins_U5/Content/StarterContent/Materials/M_Tech_Panel.uexp" 3267
"C:/Users/ROG Primary/Documents/GitHub/Oops-All-Ruins-/Oops_All_Ruins_U5/Content/StarterContent/Materials/M_Tech_Hex_Tile_Pulse.uasset" 3268
"C:/Users/ROG Primary/Documents/GitHub/Oops-All-Ruins-/Oops_All_Ruins_U5/Content/StarterContent/Materials/M_Tech_Hex_Tile_Pulse.uexp" 3269
"C:/Users/ROG Primary/Documents/GitHub/Oops-All-Ruins-/Oops_All_Ruins_U5/Content/StarterContent/Props/SM_PillarFrame.ubulk" 3270
"C:/Users/ROG Primary/Documents/GitHub/Oops-All-Ruins-/Oops_All_Ruins_U5/Content/StarterContent/Props/SM_PillarFrame.uasset" 3271
"C:/Users/ROG Primary/Documents/GitHub/Oops-All-Ruins-/Oops_All_Ruins_U5/Content/StarterContent/Props/SM_PillarFrame.uexp" 3272
"C:/Users/ROG Primary/Documents/GitHub/Oops-All-Ruins-/Oops_All_Ruins_U5/Content/StarterContent/Textures/T_TableRound_N.ubulk" 3273
"C:/Users/ROG Primary/Documents/GitHub/Oops-All-Ruins-/Oops_All_Ruins_U5/Content/StarterContent/Textures/T_TableRound_N.uasset" 3274
"C:/Users/ROG Primary/Documents/GitHub/Oops-All-Ruins-/Oops_All_Ruins_U5/Content/StarterContent/Textures/T_TableRound_N.uexp" 3275
"C:/Users/ROG Primary/Documents/GitHub/Oops-All-Ruins-/Oops_All_Ruins_U5/Content/StarterContent/Textures/T_TableRound_M.ubulk" 3276
"C:/Users/ROG Primary/Documents/GitHub/Oops-All-Ruins-/Oops_All_Ruins_U5/Content/StarterContent/Textures/T_TableRound_M.uasset" 3277
"C:/Users/ROG Primary/Documents/GitHub/Oops-All-Ruins-/Oops_All_Ruins_U5/Content/StarterContent/Textures/T_TableRound_M.uexp" 3278
"C:/Users/ROG Primary/Documents/GitHub/Oops-All-Ruins-/Oops_All_Ruins_U5/Content/StarterContent/Props/Materials/M_TableRound.uasset" 3279
"C:/Users/ROG Primary/Documents/GitHub/Oops-All-Ruins-/Oops_All_Ruins_U5/Content/StarterContent/Props/Materials/M_TableRound.uexp" 3280
"C:/Users/ROG Primary/Documents/GitHub/Oops-All-Ruins-/Oops_All_Ruins_U5/Content/StarterContent/Props/SM_TableRound.ubulk" 3281
"C:/Users/ROG Primary/Documents/GitHub/Oops-All-Ruins-/Oops_All_Ruins_U5/Content/StarterContent/Props/SM_TableRound.uasset" 3282
"C:/Users/ROG Primary/Documents/GitHub/Oops-All-Ruins-/Oops_All_Ruins_U5/Content/StarterContent/Props/SM_TableRound.uexp" 3283
"C:/Users/ROG Primary/Documents/GitHub/Oops-All-Ruins-/Oops_All_Ruins_U5/Content/StarterContent/Textures/T_Fire_Tiled_D.ubulk" 3284
"C:/Users/ROG Primary/Documents/GitHub/Oops-All-Ruins-/Oops_All_Ruins_U5/Content/StarterContent/Textures/T_Fire_Tiled_D.uasset" 3285
"C:/Users/ROG Primary/Documents/GitHub/Oops-All-Ruins-/Oops_All_Ruins_U5/Content/StarterContent/Textures/T_Fire_Tiled_D.uexp" 3286
"C:/Users/ROG Primary/Documents/GitHub/Oops-All-Ruins-/Oops_All_Ruins_U5/Content/StarterContent/Textures/T_Fire_SubUV.ubulk" 3287
"C:/Users/ROG Primary/Documents/GitHub/Oops-All-Ruins-/Oops_All_Ruins_U5/Content/StarterContent/Textures/T_Fire_SubUV.uasset" 3288
"C:/Users/ROG Primary/Documents/GitHub/Oops-All-Ruins-/Oops_All_Ruins_U5/Content/StarterContent/Textures/T_Fire_SubUV.uexp" 3289
"C:/Users/ROG Primary/Documents/GitHub/Oops-All-Ruins-/Oops_All_Ruins_U5/Content/StarterContent/Particles/Materials/M_Fire_SubUV.uasset" 3290
"C:/Users/ROG Primary/Documents/GitHub/Oops-All-Ruins-/Oops_All_Ruins_U5/Content/StarterContent/Particles/Materials/M_Fire_SubUV.uexp" 3291
"C:/Users/ROG Primary/Documents/GitHub/Oops-All-Ruins-/Oops_All_Ruins_U5/Content/StarterContent/Particles/Materials/M_Heat_Distortion.uasset" 3292
"C:/Users/ROG Primary/Documents/GitHub/Oops-All-Ruins-/Oops_All_Ruins_U5/Content/StarterContent/Particles/Materials/M_Heat_Distortion.uexp" 3293
"C:/Users/ROG Primary/Documents/GitHub/Oops-All-Ruins-/Oops_All_Ruins_U5/Content/StarterContent/Particles/P_Fire.uasset" 3294
"C:/Users/ROG Primary/Documents/GitHub/Oops-All-Ruins-/Oops_All_Ruins_U5/Content/StarterContent/Particles/P_Fire.uexp" 3295
"C:/Users/ROG Primary/Documents/GitHub/Oops-All-Ruins-/Oops_All_Ruins_U5/Content/StarterContent/Audio/Fire01_Cue.uasset" 3296
"C:/Users/ROG Primary/Documents/GitHub/Oops-All-Ruins-/Oops_All_Ruins_U5/Content/StarterContent/Audio/Fire01_Cue.uexp" 3297
"C:/Users/ROG Primary/Documents/GitHub/Oops-All-Ruins-/Oops_All_Ruins_U5/Content/StarterContent/Blueprints/Blueprint_Effect_Fire.uasset" 3298
"C:/Users/ROG Primary/Documents/GitHub/Oops-All-Ruins-/Oops_All_Ruins_U5/Content/StarterContent/Blueprints/Blueprint_Effect_Fire.uexp" 3299
"C:/Users/ROG Primary/Documents/GitHub/Oops-All-Ruins-/Oops_All_Ruins_U5/Content/StarterContent/Textures/T_Wood_Oak_N.ubulk" 3300
"C:/Users/ROG Primary/Documents/GitHub/Oops-All-Ruins-/Oops_All_Ruins_U5/Content/StarterContent/Textures/T_Wood_Oak_N.uasset" 3301
"C:/Users/ROG Primary/Documents/GitHub/Oops-All-Ruins-/Oops_All_Ruins_U5/Content/StarterContent/Textures/T_Wood_Oak_N.uexp" 3302
"C:/Users/ROG Primary/Documents/GitHub/Oops-All-Ruins-/Oops_All_Ruins_U5/Content/StarterContent/Textures/T_Wood_Oak_D.ubulk" 3303
"C:/Users/ROG Primary/Documents/GitHub/Oops-All-Ruins-/Oops_All_Ruins_U5/Content/StarterContent/Textures/T_Wood_Oak_D.uasset" 3304
"C:/Users/ROG Primary/Documents/GitHub/Oops-All-Ruins-/Oops_All_Ruins_U5/Content/StarterContent/Textures/T_Wood_Oak_D.uexp" 3305
"C:/Users/ROG Primary/Documents/GitHub/Oops-All-Ruins-/Oops_All_Ruins_U5/Content/StarterContent/Materials/M_Wood_Oak.uasset" 3306
"C:/Users/ROG Primary/Documents/GitHub/Oops-All-Ruins-/Oops_All_Ruins_U5/Content/StarterContent/Materials/M_Wood_Oak.uexp" 3307
"C:/Users/ROG Primary/Documents/GitHub/Oops-All-Ruins-/Oops_All_Ruins_U5/Content/StarterContent/Architecture/Wall_Window_400x300.ubulk" 3308
"C:/Users/ROG Primary/Documents/GitHub/Oops-All-Ruins-/Oops_All_Ruins_U5/Content/StarterContent/Architecture/Wall_Window_400x300.uasset" 3309
"C:/Users/ROG Primary/Documents/GitHub/Oops-All-Ruins-/Oops_All_Ruins_U5/Content/StarterContent/Architecture/Wall_Window_400x300.uexp" 3310
"C:/Users/ROG Primary/Documents/GitHub/Oops-All-Ruins-/Oops_All_Ruins_U5/Content/StarterContent/Textures/T_Brick_Hewn_Stone_N.ubulk" 3311
"C:/Users/ROG Primary/Documents/GitHub/Oops-All-Ruins-/Oops_All_Ruins_U5/Content/StarterContent/Textures/T_Brick_Hewn_Stone_N.uasset" 3312
"C:/Users/ROG Primary/Documents/GitHub/Oops-All-Ruins-/Oops_All_Ruins_U5/Content/StarterContent/Textures/T_Brick_Hewn_Stone_N.uexp" 3313
"C:/Users/ROG Primary/Documents/GitHub/Oops-All-Ruins-/Oops_All_Ruins_U5/Content/StarterContent/Textures/T_Brick_Hewn_Stone_D.ubulk" 3314
"C:/Users/ROG Primary/Documents/GitHub/Oops-All-Ruins-/Oops_All_Ruins_U5/Content/StarterContent/Textures/T_Brick_Hewn_Stone_D.uasset" 3315
"C:/Users/ROG Primary/Documents/GitHub/Oops-All-Ruins-/Oops_All_Ruins_U5/Content/StarterContent/Textures/T_Brick_Hewn_Stone_D.uexp" 3316
"C:/Users/ROG Primary/Documents/GitHub/Oops-All-Ruins-/Oops_All_Ruins_U5/Content/StarterContent/Textures/T_Brick_Hewn_Stone_M.ubulk" 3317
"C:/Users/ROG Primary/Documents/GitHub/Oops-All-Ruins-/Oops_All_Ruins_U5/Content/StarterContent/Textures/T_Brick_Hewn_Stone_M.uasset" 3318
"C:/Users/ROG Primary/Documents/GitHub/Oops-All-Ruins-/Oops_All_Ruins_U5/Content/StarterContent/Textures/T_Brick_Hewn_Stone_M.uexp" 3319
"C:/Users/ROG Primary/Documents/GitHub/Oops-All-Ruins-/Oops_All_Ruins_U5/Content/StarterContent/Materials/M_Brick_Hewn_Stone.uasset" 3320
"C:/Users/ROG Primary/Documents/GitHub/Oops-All-Ruins-/Oops_All_Ruins_U5/Content/StarterContent/Materials/M_Brick_Hewn_Stone.uexp" 3321
"C:/Users/ROG Primary/Documents/GitHub/Oops-All-Ruins-/Oops_All_Ruins_U5/Content/StarterContent/Audio/Smoke01_Cue.uasset" 3322
"C:/Users/ROG Primary/Documents/GitHub/Oops-All-Ruins-/Oops_All_Ruins_U5/Content/StarterContent/Audio/Smoke01_Cue.uexp" 3323
"C:/Users/ROG Primary/Documents/GitHub/Oops-All-Ruins-/Oops_All_Ruins_U5/Content/StarterContent/Particles/P_Smoke.uasset" 3324
"C:/Users/ROG Primary/Documents/GitHub/Oops-All-Ruins-/Oops_All_Ruins_U5/Content/StarterContent/Particles/P_Smoke.uexp" 3325
"C:/Users/ROG Primary/Documents/GitHub/Oops-All-Ruins-/Oops_All_Ruins_U5/Content/StarterContent/Blueprints/Blueprint_Effect_Smoke.uasset" 3326
"C:/Users/ROG Primary/Documents/GitHub/Oops-All-Ruins-/Oops_All_Ruins_U5/Content/StarterContent/Blueprints/Blueprint_Effect_Smoke.uexp" 3327
"C:/Users/ROG Primary/Documents/GitHub/Oops-All-Ruins-/Oops_All_Ruins_U5/Content/StarterContent/Textures/T_CobbleStone_Rough_N.ubulk" 3328
"C:/Users/ROG Primary/Documents/GitHub/Oops-All-Ruins-/Oops_All_Ruins_U5/Content/StarterContent/Textures/T_CobbleStone_Rough_N.uasset" 3329
"C:/Users/ROG Primary/Documents/GitHub/Oops-All-Ruins-/Oops_All_Ruins_U5/Content/StarterContent/Textures/T_CobbleStone_Rough_N.uexp" 3330
"C:/Users/ROG Primary/Documents/GitHub/Oops-All-Ruins-/Oops_All_Ruins_U5/Content/StarterContent/Textures/T_CobbleStone_Rough_D.ubulk" 3331
"C:/Users/ROG Primary/Documents/GitHub/Oops-All-Ruins-/Oops_All_Ruins_U5/Content/StarterContent/Textures/T_CobbleStone_Rough_D.uasset" 3332
"C:/Users/ROG Primary/Documents/GitHub/Oops-All-Ruins-/Oops_All_Ruins_U5/Content/StarterContent/Textures/T_CobbleStone_Rough_D.uexp" 3333
"C:/Users/ROG Primary/Documents/GitHub/Oops-All-Ruins-/Oops_All_Ruins_U5/Content/StarterContent/Materials/M_CobbleStone_Rough.uasset" 3334
"C:/Users/ROG Primary/Documents/GitHub/Oops-All-Ruins-/Oops_All_Ruins_U5/Content/StarterContent/Materials/M_CobbleStone_Rough.uexp" 3335
"C:/Users/ROG Primary/Documents/GitHub/Oops-All-Ruins-/Oops_All_Ruins_U5/Content/StarterContent/Textures/T_Statue_M.ubulk" 3336
"C:/Users/ROG Primary/Documents/GitHub/Oops-All-Ruins-/Oops_All_Ruins_U5/Content/StarterContent/Textures/T_Statue_M.uasset" 3337
"C:/Users/ROG Primary/Documents/GitHub/Oops-All-Ruins-/Oops_All_Ruins_U5/Content/StarterContent/Textures/T_Statue_M.uexp" 3338
"C:/Users/ROG Primary/Documents/GitHub/Oops-All-Ruins-/Oops_All_Ruins_U5/Content/StarterContent/Textures/T_Statue_N.ubulk" 3339
"C:/Users/ROG Primary/Documents/GitHub/Oops-All-Ruins-/Oops_All_Ruins_U5/Content/StarterContent/Textures/T_Statue_N.uasset" 3340
"C:/Users/ROG Primary/Documents/GitHub/Oops-All-Ruins-/Oops_All_Ruins_U5/Content/StarterContent/Textures/T_Statue_N.uexp" 3341
"C:/Users/ROG Primary/Documents/GitHub/Oops-All-Ruins-/Oops_All_Ruins_U5/Content/StarterContent/Props/Materials/M_Statue.uasset" 3342
"C:/Users/ROG Primary/Documents/GitHub/Oops-All-Ruins-/Oops_All_Ruins_U5/Content/StarterContent/Props/Materials/M_Statue.uexp" 3343
"C:/Users/ROG Primary/Documents/GitHub/Oops-All-Ruins-/Oops_All_Ruins_U5/Content/StarterContent/Props/Materials/M_StatueGlass.uasset" 3344
"C:/Users/ROG Primary/Documents/GitHub/Oops-All-Ruins-/Oops_All_Ruins_U5/Content/StarterContent/Props/Materials/M_StatueGlass.uexp" 3345
"C:/Users/ROG Primary/Documents/GitHub/Oops-All-Ruins-/Oops_All_Ruins_U5/Content/StarterContent/Props/SM_Statue.ubulk" 3346
"C:/Users/ROG Primary/Documents/GitHub/Oops-All-Ruins-/Oops_All_Ruins_U5/Content/StarterContent/Props/SM_Statue.uasset" 3347
"C:/Users/ROG Primary/Documents/GitHub/Oops-All-Ruins-/Oops_All_Ruins_U5/Content/StarterContent/Props/SM_Statue.uexp" 3348
"C:/Users/ROG Primary/Documents/GitHub/Oops-All-Ruins-/Oops_All_Ruins_U5/Content/StarterContent/Textures/T_ground_Moss_D.ubulk" 3349
"C:/Users/ROG Primary/Documents/GitHub/Oops-All-Ruins-/Oops_All_Ruins_U5/Content/StarterContent/Textures/T_ground_Moss_D.uasset" 3350
"C:/Users/ROG Primary/Documents/GitHub/Oops-All-Ruins-/Oops_All_Ruins_U5/Content/StarterContent/Textures/T_ground_Moss_D.uexp" 3351
"C:/Users/ROG Primary/Documents/GitHub/Oops-All-Ruins-/Oops_All_Ruins_U5/Content/StarterContent/Textures/T_Ground_Moss_N.ubulk" 3352
"C:/Users/ROG Primary/Documents/GitHub/Oops-All-Ruins-/Oops_All_Ruins_U5/Content/StarterContent/Textures/T_Ground_Moss_N.uasset" 3353
"C:/Users/ROG Primary/Documents/GitHub/Oops-All-Ruins-/Oops_All_Ruins_U5/Content/StarterContent/Textures/T_Ground_Moss_N.uexp" 3354
"C:/Users/ROG Primary/Documents/GitHub/Oops-All-Ruins-/Oops_All_Ruins_U5/Content/StarterContent/Materials/M_Ground_Moss.uasset" 3355
"C:/Users/ROG Primary/Documents/GitHub/Oops-All-Ruins-/Oops_All_Ruins_U5/Content/StarterContent/Materials/M_Ground_Moss.uexp" 3356
"C:/Users/ROG Primary/Documents/GitHub/Oops-All-Ruins-/Oops_All_Ruins_U5/Content/StarterContent/Props/SM_PillarFrame300.ubulk" 3357
"C:/Users/ROG Primary/Documents/GitHub/Oops-All-Ruins-/Oops_All_Ruins_U5/Content/StarterContent/Props/SM_PillarFrame300.uasset" 3358
"C:/Users/ROG Primary/Documents/GitHub/Oops-All-Ruins-/Oops_All_Ruins_U5/Content/StarterContent/Props/SM_PillarFrame300.uexp" 3359
"C:/Users/ROG Primary/Documents/GitHub/Oops-All-Ruins-/Oops_All_Ruins_U5/Content/StarterContent/Materials/M_Metal_Chrome.uasset" 3360
"C:/Users/ROG Primary/Documents/GitHub/Oops-All-Ruins-/Oops_All_Ruins_U5/Content/StarterContent/Materials/M_Metal_Chrome.uexp" 3361
"C:/Users/ROG Primary/Documents/GitHub/Oops-All-Ruins-/Oops_All_Ruins_U5/Content/StarterContent/Textures/T_Metal_Gold_D.ubulk" 3362
"C:/Users/ROG Primary/Documents/GitHub/Oops-All-Ruins-/Oops_All_Ruins_U5/Content/StarterContent/Textures/T_Metal_Gold_D.uasset" 3363
"C:/Users/ROG Primary/Documents/GitHub/Oops-All-Ruins-/Oops_All_Ruins_U5/Content/StarterContent/Textures/T_Metal_Gold_D.uexp" 3364
"C:/Users/ROG Primary/Documents/GitHub/Oops-All-Ruins-/Oops_All_Ruins_U5/Content/StarterContent/Materials/M_Metal_Gold.uasset" 3365
"C:/Users/ROG Primary/Documents/GitHub/Oops-All-Ruins-/Oops_All_Ruins_U5/Content/StarterContent/Materials/M_Metal_Gold.uexp" 3366
"C:/Users/ROG Primary/Documents/GitHub/Oops-All-Ruins-/Oops_All_Ruins_U5/Content/StarterContent/Textures/T_Ground_Grass_D.ubulk" 3367
"C:/Users/ROG Primary/Documents/GitHub/Oops-All-Ruins-/Oops_All_Ruins_U5/Content/StarterContent/Textures/T_Ground_Grass_D.uasset" 3368
"C:/Users/ROG Primary/Documents/GitHub/Oops-All-Ruins-/Oops_All_Ruins_U5/Content/StarterContent/Textures/T_Ground_Grass_D.uexp" 3369
"C:/Users/ROG Primary/Documents/GitHub/Oops-All-Ruins-/Oops_All_Ruins_U5/Content/StarterContent/Textures/T_Ground_Grass_N.ubulk" 3370
"C:/Users/ROG Primary/Documents/GitHub/Oops-All-Ruins-/Oops_All_Ruins_U5/Content/StarterContent/Textures/T_Ground_Grass_N.uasset" 3371
"C:/Users/ROG Primary/Documents/GitHub/Oops-All-Ruins-/Oops_All_Ruins_U5/Content/StarterContent/Textures/T_Ground_Grass_N.uexp" 3372
"C:/Users/ROG Primary/Documents/GitHub/Oops-All-Ruins-/Oops_All_Ruins_U5/Content/StarterContent/Materials/M_Ground_Grass.uasset" 3373
"C:/Users/ROG Primary/Documents/GitHub/Oops-All-Ruins-/Oops_All_Ruins_U5/Content/StarterContent/Materials/M_Ground_Grass.uexp" 3374
"C:/Users/ROG Primary/Documents/GitHub/Oops-All-Ruins-/Oops_All_Ruins_U5/Content/StarterContent/Audio/Starter_Background_Cue.uasset" 3375
"C:/Users/ROG Primary/Documents/GitHub/Oops-All-Ruins-/Oops_All_Ruins_U5/Content/StarterContent/Audio/Starter_Background_Cue.uexp" 3376
"C:/Users/ROG Primary/Documents/GitHub/Oops-All-Ruins-/Oops_All_Ruins_U5/Content/StarterContent/Maps/StarterMap_BuiltData.ubulk" 3377
"C:/Users/ROG Primary/Documents/GitHub/Oops-All-Ruins-/Oops_All_Ruins_U5/Content/StarterContent/Maps/StarterMap_BuiltData.uasset" 3378
"C:/Users/ROG Primary/Documents/GitHub/Oops-All-Ruins-/Oops_All_Ruins_U5/Content/StarterContent/Maps/StarterMap_BuiltData.uexp" 3379
"C:/Users/ROG Primary/Documents/GitHub/Oops-All-Ruins-/Oops_All_Ruins_U5/Content/StarterContent/Props/SM_CornerFrame.ubulk" 3380
"C:/Users/ROG Primary/Documents/GitHub/Oops-All-Ruins-/Oops_All_Ruins_U5/Content/StarterContent/Props/SM_CornerFrame.uasset" 3381
"C:/Users/ROG Primary/Documents/GitHub/Oops-All-Ruins-/Oops_All_Ruins_U5/Content/StarterContent/Props/SM_CornerFrame.uexp" 3382
"C:/Users/ROG Primary/Documents/GitHub/Oops-All-Ruins-/Oops_All_Ruins_U5/Content/StarterContent/Shapes/Shape_Sphere.ubulk" 3383
"C:/Users/ROG Primary/Documents/GitHub/Oops-All-Ruins-/Oops_All_Ruins_U5/Content/StarterContent/Shapes/Shape_Sphere.uasset" 3384
"C:/Users/ROG Primary/Documents/GitHub/Oops-All-Ruins-/Oops_All_Ruins_U5/Content/StarterContent/Shapes/Shape_Sphere.uexp" 3385
"C:/Users/ROG Primary/Documents/GitHub/Oops-All-Ruins-/Oops_All_Ruins_U5/Content/StarterContent/Audio/Starter_Music_Cue.uasset" 3386
"C:/Users/ROG Primary/Documents/GitHub/Oops-All-Ruins-/Oops_All_Ruins_U5/Content/StarterContent/Audio/Starter_Music_Cue.uexp" 3387
"C:/Users/ROG Primary/Documents/GitHub/Oops-All-Ruins-/Oops_All_Ruins_U5/Content/StarterContent/Shapes/Shape_QuadPyramid.ubulk" 3388
"C:/Users/ROG Primary/Documents/GitHub/Oops-All-Ruins-/Oops_All_Ruins_U5/Content/StarterContent/Shapes/Shape_QuadPyramid.uasset" 3389
"C:/Users/ROG Primary/Documents/GitHub/Oops-All-Ruins-/Oops_All_Ruins_U5/Content/StarterContent/Shapes/Shape_QuadPyramid.uexp" 3390
"C:/Users/ROG Primary/Documents/GitHub/Oops-All-Ruins-/Oops_All_Ruins_U5/Content/StarterContent/Textures/T_Brick_Clay_New_D.ubulk" 3391
"C:/Users/ROG Primary/Documents/GitHub/Oops-All-Ruins-/Oops_All_Ruins_U5/Content/StarterContent/Textures/T_Brick_Clay_New_D.uasset" 3392
"C:/Users/ROG Primary/Documents/GitHub/Oops-All-Ruins-/Oops_All_Ruins_U5/Content/StarterContent/Textures/T_Brick_Clay_New_D.uexp" 3393
"C:/Users/ROG Primary/Documents/GitHub/Oops-All-Ruins-/Oops_All_Ruins_U5/Content/StarterContent/Textures/T_Brick_Clay_New_M.uasset" 3394
"C:/Users/ROG Primary/Documents/GitHub/Oops-All-Ruins-/Oops_All_Ruins_U5/Content/StarterContent/Textures/T_Brick_Clay_New_M.uexp" 3395
"C:/Users/ROG Primary/Documents/GitHub/Oops-All-Ruins-/Oops_All_Ruins_U5/Content/StarterContent/Textures/T_Brick_Clay_New_N.uasset" 3396
"C:/Users/ROG Primary/Documents/GitHub/Oops-All-Ruins-/Oops_All_Ruins_U5/Content/StarterContent/Textures/T_Brick_Clay_New_N.uexp" 3397
"C:/Users/ROG Primary/Documents/GitHub/Oops-All-Ruins-/Oops_All_Ruins_U5/Content/StarterContent/Materials/M_Brick_Clay_New.uasset" 3398
"C:/Users/ROG Primary/Documents/GitHub/Oops-All-Ruins-/Oops_All_Ruins_U5/Content/StarterContent/Materials/M_Brick_Clay_New.uexp" 3399
"C:/Users/ROG Primary/Documents/GitHub/Oops-All-Ruins-/Oops_All_Ruins_U5/Content/StarterContent/Textures/T_Metal_Aluminum_D.ubulk" 3400
"C:/Users/ROG Primary/Documents/GitHub/Oops-All-Ruins-/Oops_All_Ruins_U5/Content/StarterContent/Textures/T_Metal_Aluminum_D.uasset" 3401
"C:/Users/ROG Primary/Documents/GitHub/Oops-All-Ruins-/Oops_All_Ruins_U5/Content/StarterContent/Textures/T_Metal_Aluminum_D.uexp" 3402
"C:/Users/ROG Primary/Documents/GitHub/Oops-All-Ruins-/Oops_All_Ruins_U5/Content/StarterContent/Materials/M_Metal_Burnished_Steel.uasset" 3403
"C:/Users/ROG Primary/Documents/GitHub/Oops-All-Ruins-/Oops_All_Ruins_U5/Content/StarterContent/Materials/M_Metal_Burnished_Steel.uexp" 3404
"C:/Users/ROG Primary/Documents/GitHub/Oops-All-Ruins-/Oops_All_Ruins_U5/Content/StarterContent/Props/SM_Chair.ubulk" 3405
"C:/Users/ROG Primary/Documents/GitHub/Oops-All-Ruins-/Oops_All_Ruins_U5/Content/StarterContent/Props/SM_Chair.uasset" 3406
"C:/Users/ROG Primary/Documents/GitHub/Oops-All-Ruins-/Oops_All_Ruins_U5/Content/StarterContent/Props/SM_Chair.uexp" 3407
"C:/Users/ROG Primary/Documents/GitHub/Oops-All-Ruins-/Oops_All_Ruins_U5/Content/StarterContent/Textures/T_Concrete_Panels_D.ubulk" 3408
"C:/Users/ROG Primary/Documents/GitHub/Oops-All-Ruins-/Oops_All_Ruins_U5/Content/StarterContent/Textures/T_Concrete_Panels_D.uasset" 3409
"C:/Users/ROG Primary/Documents/GitHub/Oops-All-Ruins-/Oops_All_Ruins_U5/Content/StarterContent/Textures/T_Concrete_Panels_D.uexp" 3410
"C:/Users/ROG Primary/Documents/GitHub/Oops-All-Ruins-/Oops_All_Ruins_U5/Content/StarterContent/Textures/T_Concrete_Panels_N.ubulk" 3411
"C:/Users/ROG Primary/Documents/GitHub/Oops-All-Ruins-/Oops_All_Ruins_U5/Content/StarterContent/Textures/T_Concrete_Panels_N.uasset" 3412
"C:/Users/ROG Primary/Documents/GitHub/Oops-All-Ruins-/Oops_All_Ruins_U5/Content/StarterContent/Textures/T_Concrete_Panels_N.uexp" 3413
"C:/Users/ROG Primary/Documents/GitHub/Oops-All-Ruins-/Oops_All_Ruins_U5/Content/StarterContent/Materials/M_Concrete_Panels.uasset" 3414
"C:/Users/ROG Primary/Documents/GitHub/Oops-All-Ruins-/Oops_All_Ruins_U5/Content/StarterContent/Materials/M_Concrete_Panels.uexp" 3415
"C:/Users/ROG Primary/Documents/GitHub/Oops-All-Ruins-/Oops_All_Ruins_U5/Content/StarterContent/Maps/StarterMap.uexp" 3416
"C:/Users/ROG Primary/Documents/GitHub/Oops-All-Ruins-/Oops_All_Ruins_U5/Content/StarterContent/Maps/StarterMap.umap" 3417
"C:/Users/ROG Primary/Documents/GitHub/Oops-All-Ruins-/Oops_All_Ruins_U5/Content/StarterContent/Maps/Minimal_Default_BuiltData.ubulk" 3418
"C:/Users/ROG Primary/Documents/GitHub/Oops-All-Ruins-/Oops_All_Ruins_U5/Content/StarterContent/Maps/Minimal_Default_BuiltData.uasset" 3419
"C:/Users/ROG Primary/Documents/GitHub/Oops-All-Ruins-/Oops_All_Ruins_U5/Content/StarterContent/Maps/Minimal_Default_BuiltData.uexp" 3420
"C:/Users/ROG Primary/Documents/GitHub/Oops-All-Ruins-/Oops_All_Ruins_U5/Content/StarterContent/Maps/Minimal_Default.uexp" 3421
"C:/Users/ROG Primary/Documents/GitHub/Oops-All-Ruins-/Oops_All_Ruins_U5/Content/StarterContent/Maps/Minimal_Default.umap" 3422
"C:/Users/ROG Primary/Documents/GitHub/Oops-All-Ruins-/Oops_All_Ruins_U5/Content/StarterContent/Maps/Advanced_Lighting_BuiltData.ubulk" 3423
"C:/Users/ROG Primary/Documents/GitHub/Oops-All-Ruins-/Oops_All_Ruins_U5/Content/StarterContent/Maps/Advanced_Lighting_BuiltData.uasset" 3424
"C:/Users/ROG Primary/Documents/GitHub/Oops-All-Ruins-/Oops_All_Ruins_U5/Content/StarterContent/Maps/Advanced_Lighting_BuiltData.uexp" 3425
"C:/Users/ROG Primary/Documents/GitHub/Oops-All-Ruins-/Oops_All_Ruins_U5/Content/StarterContent/Materials/M_AssetPlatform.uasset" 3426
"C:/Users/ROG Primary/Documents/GitHub/Oops-All-Ruins-/Oops_All_Ruins_U5/Content/StarterContent/Materials/M_AssetPlatform.uexp" 3427
"C:/Users/ROG Primary/Documents/GitHub/Oops-All-Ruins-/Oops_All_Ruins_U5/Content/StarterContent/Architecture/SM_AssetPlatform.ubulk" 3428
"C:/Users/ROG Primary/Documents/GitHub/Oops-All-Ruins-/Oops_All_Ruins_U5/Content/StarterContent/Architecture/SM_AssetPlatform.uasset" 3429
"C:/Users/ROG Primary/Documents/GitHub/Oops-All-Ruins-/Oops_All_Ruins_U5/Content/StarterContent/Architecture/SM_AssetPlatform.uexp" 3430
"../../../Engine/Content/MapTemplates/Sky/DaylightAmbientCubemap.uasset" 3431
"../../../Engine/Content/MapTemplates/Sky/DaylightAmbientCubemap.uexp" 3432
"C:/Users/ROG Primary/Documents/GitHub/Oops-All-Ruins-/Oops_All_Ruins_U5/Content/StarterContent/Blueprints/Assets/M_LightStage_Skybox_Master.uasset" 3433
"C:/Users/ROG Primary/Documents/GitHub/Oops-All-Ruins-/Oops_All_Ruins_U5/Content/StarterContent/Blueprints/Assets/M_LightStage_Skybox_Master.uexp" 3434
"C:/Users/ROG Primary/Documents/GitHub/Oops-All-Ruins-/Oops_All_Ruins_U5/Content/StarterContent/Blueprints/Assets/M_LightStage_Skybox_HDRI.uasset" 3435
"C:/Users/ROG Primary/Documents/GitHub/Oops-All-Ruins-/Oops_All_Ruins_U5/Content/StarterContent/Blueprints/Assets/M_LightStage_Skybox_HDRI.uexp" 3436
"C:/Users/ROG Primary/Documents/GitHub/Oops-All-Ruins-/Oops_All_Ruins_U5/Content/StarterContent/HDRI/HDRI_Epic_Courtyard_Daylight.uasset" 3437
"C:/Users/ROG Primary/Documents/GitHub/Oops-All-Ruins-/Oops_All_Ruins_U5/Content/StarterContent/HDRI/HDRI_Epic_Courtyard_Daylight.uexp" 3438
"C:/Users/ROG Primary/Documents/GitHub/Oops-All-Ruins-/Oops_All_Ruins_U5/Content/StarterContent/Blueprints/Assets/SunlightColorLUT.uasset" 3439
"C:/Users/ROG Primary/Documents/GitHub/Oops-All-Ruins-/Oops_All_Ruins_U5/Content/StarterContent/Blueprints/Assets/SunlightColorLUT.uexp" 3440
"C:/Users/ROG Primary/Documents/GitHub/Oops-All-Ruins-/Oops_All_Ruins_U5/Content/StarterContent/Blueprints/Assets/M_LightStage_Skybox_Black.uasset" 3441
"C:/Users/ROG Primary/Documents/GitHub/Oops-All-Ruins-/Oops_All_Ruins_U5/Content/StarterContent/Blueprints/Assets/M_LightStage_Skybox_Black.uexp" 3442
"C:/Users/ROG Primary/Documents/GitHub/Oops-All-Ruins-/Oops_All_Ruins_U5/Content/StarterContent/Blueprints/Assets/FogBrightnessLUT.uasset" 3443
"C:/Users/ROG Primary/Documents/GitHub/Oops-All-Ruins-/Oops_All_Ruins_U5/Content/StarterContent/Blueprints/Assets/FogBrightnessLUT.uexp" 3444
"C:/Users/ROG Primary/Documents/GitHub/Oops-All-Ruins-/Oops_All_Ruins_U5/Content/StarterContent/Blueprints/Assets/SM_Arrows.ubulk" 3445
"C:/Users/ROG Primary/Documents/GitHub/Oops-All-Ruins-/Oops_All_Ruins_U5/Content/StarterContent/Blueprints/Assets/SM_Arrows.uasset" 3446
"C:/Users/ROG Primary/Documents/GitHub/Oops-All-Ruins-/Oops_All_Ruins_U5/Content/StarterContent/Blueprints/Assets/SM_Arrows.uexp" 3447
"C:/Users/ROG Primary/Documents/GitHub/Oops-All-Ruins-/Oops_All_Ruins_U5/Content/StarterContent/Blueprints/Assets/M_LightStage_Arrows.uasset" 3448
"C:/Users/ROG Primary/Documents/GitHub/Oops-All-Ruins-/Oops_All_Ruins_U5/Content/StarterContent/Blueprints/Assets/M_LightStage_Arrows.uexp" 3449
"../../../Engine/Content/ArtTools/RenderToTexture/MaterialFunctions/CheckerPattern.uasset" 3450
"../../../Engine/Content/ArtTools/RenderToTexture/MaterialFunctions/CheckerPattern.uexp" 3451
"../../../Engine/Content/Functions/Engine_MaterialFunctions02/Texturing/ScreenAlignedUVs.uasset" 3452
"../../../Engine/Content/Functions/Engine_MaterialFunctions02/Texturing/ScreenAlignedUVs.uexp" 3453
"../../../Engine/Content/EditorMaterials/Thumbnails/SkySphereMaterial.uasset" 3454
"../../../Engine/Content/EditorMaterials/Thumbnails/SkySphereMaterial.uexp" 3455
"C:/Users/ROG Primary/Documents/GitHub/Oops-All-Ruins-/Oops_All_Ruins_U5/Content/StarterContent/Blueprints/Assets/Skybox.ubulk" 3456
"C:/Users/ROG Primary/Documents/GitHub/Oops-All-Ruins-/Oops_All_Ruins_U5/Content/StarterContent/Blueprints/Assets/Skybox.uasset" 3457
"C:/Users/ROG Primary/Documents/GitHub/Oops-All-Ruins-/Oops_All_Ruins_U5/Content/StarterContent/Blueprints/Assets/Skybox.uexp" 3458
"C:/Users/ROG Primary/Documents/GitHub/Oops-All-Ruins-/Oops_All_Ruins_U5/Content/StarterContent/Blueprints/BP_LightStudio.uasset" 3459
"C:/Users/ROG Primary/Documents/GitHub/Oops-All-Ruins-/Oops_All_Ruins_U5/Content/StarterContent/Blueprints/BP_LightStudio.uexp" 3460
"../../../Engine/Content/EditorMeshes/ColorCalibrator/M_GreyBall.uasset" 3461
"../../../Engine/Content/EditorMeshes/ColorCalibrator/M_GreyBall.uexp" 3462
"../../../Engine/Content/EditorMeshes/ColorCalibrator/M_ClearCoat.uasset" 3463
"../../../Engine/Content/EditorMeshes/ColorCalibrator/M_ClearCoat.uexp" 3464
"../../../Engine/Content/EditorMeshes/ColorCalibrator/M_ChromeBall.uasset" 3465
"../../../Engine/Content/EditorMeshes/ColorCalibrator/M_ChromeBall.uexp" 3466
"../../../Engine/Content/EditorMeshes/ColorCalibrator/M_ClearCoatBlack.uasset" 3467
"../../../Engine/Content/EditorMeshes/ColorCalibrator/M_ClearCoatBlack.uexp" 3468
"../../../Engine/Content/EditorMeshes/ColorCalibrator/Color_checker.ubulk" 3469
"../../../Engine/Content/EditorMeshes/ColorCalibrator/Color_checker.uasset" 3470
"../../../Engine/Content/EditorMeshes/ColorCalibrator/Color_checker.uexp" 3471
"../../../Engine/Content/EditorMeshes/ColorCalibrator/M_ColorGrid.uasset" 3472
"../../../Engine/Content/EditorMeshes/ColorCalibrator/M_ColorGrid.uexp" 3473
"../../../Engine/Content/EditorMeshes/ColorCalibrator/SM_ColorCalibrator.ubulk" 3474
"../../../Engine/Content/EditorMeshes/ColorCalibrator/SM_ColorCalibrator.uasset" 3475
"../../../Engine/Content/EditorMeshes/ColorCalibrator/SM_ColorCalibrator.uexp" 3476
"C:/Users/ROG Primary/Documents/GitHub/Oops-All-Ruins-/Oops_All_Ruins_U5/Content/StarterContent/Maps/Advanced_Lighting.uexp" 3477
"C:/Users/ROG Primary/Documents/GitHub/Oops-All-Ruins-/Oops_All_Ruins_U5/Content/StarterContent/Maps/Advanced_Lighting.umap" 3478
"C:/Users/ROG Primary/Documents/GitHub/Oops-All-Ruins-/Oops_All_Ruins_U5/Content/ThirdPerson/Blueprints/MainMenu/MultiplayerTesting/Transition_Level.uexp" 3479
"C:/Users/ROG Primary/Documents/GitHub/Oops-All-Ruins-/Oops_All_Ruins_U5/Content/ThirdPerson/Blueprints/MainMenu/MultiplayerTesting/Transition_Level.umap" 3480
"../../../Engine/Content/BasicShapes/Plane.ubulk" 3481
"../../../Engine/Content/BasicShapes/Plane.uasset" 3482
"../../../Engine/Content/BasicShapes/Plane.uexp" 3483
"C:/Users/ROG Primary/Documents/GitHub/Oops-All-Ruins-/Oops_All_Ruins_U5/Content/ThirdPerson/Blueprints/MainMenu/MultiplayerTesting/MainMenu_Level.uexp" 3484
"C:/Users/ROG Primary/Documents/GitHub/Oops-All-Ruins-/Oops_All_Ruins_U5/Content/ThirdPerson/Blueprints/MainMenu/MultiplayerTesting/MainMenu_Level.umap" 3485
"C:/Users/ROG Primary/Documents/GitHub/Oops-All-Ruins-/Oops_All_Ruins_U5/Content/ThirdPerson/Blueprints/MainMenu/MultiplayerTesting/Gameplay_Level_2.uexp" 3486
"C:/Users/ROG Primary/Documents/GitHub/Oops-All-Ruins-/Oops_All_Ruins_U5/Content/ThirdPerson/Blueprints/MainMenu/MultiplayerTesting/Gameplay_Level_2.umap" 3487
"C:/Users/ROG Primary/Documents/GitHub/Oops-All-Ruins-/Oops_All_Ruins_U5/Content/Blueprints/TransitionPlayers.uasset" 3488
"C:/Users/ROG Primary/Documents/GitHub/Oops-All-Ruins-/Oops_All_Ruins_U5/Content/Blueprints/TransitionPlayers.uexp" 3489
"C:/Users/ROG Primary/Documents/GitHub/Oops-All-Ruins-/Oops_All_Ruins_U5/Content/ThirdPerson/Blueprints/MainMenu/MultiplayerTesting/Gameplay_Level.uexp" 3490
"C:/Users/ROG Primary/Documents/GitHub/Oops-All-Ruins-/Oops_All_Ruins_U5/Content/ThirdPerson/Blueprints/MainMenu/MultiplayerTesting/Gameplay_Level.umap" 3491
"../../../Engine/Content/Maps/Templates/HLODs/HLODLayer_Instanced.uasset" 3492
"../../../Engine/Content/Maps/Templates/HLODs/HLODLayer_Instanced.uexp" 3493
"C:/Users/ROG Primary/Documents/GitHub/Oops-All-Ruins-/Oops_All_Ruins_U5/Content/ThirdPerson/Blueprints/BP_ThirdPersonGameMode.uasset" 3494
"C:/Users/ROG Primary/Documents/GitHub/Oops-All-Ruins-/Oops_All_Ruins_U5/Content/ThirdPerson/Blueprints/BP_ThirdPersonGameMode.uexp" 3495
"C:/Users/ROG Primary/Documents/GitHub/Oops-All-Ruins-/Oops_All_Ruins_U5/Content/ThirdPerson/Maps/ThirdPersonMap.uexp" 3496
"C:/Users/ROG Primary/Documents/GitHub/Oops-All-Ruins-/Oops_All_Ruins_U5/Content/ThirdPerson/Maps/ThirdPersonMap.umap" 3497
"C:/Users/ROG Primary/Documents/GitHub/Oops-All-Ruins-/Oops_All_Ruins_U5/Content/Traps_BP/Bumper_Square.uasset" 3498
"C:/Users/ROG Primary/Documents/GitHub/Oops-All-Ruins-/Oops_All_Ruins_U5/Content/Traps_BP/Bumper_Square.uexp" 3499
"C:/Users/ROG Primary/Documents/GitHub/Oops-All-Ruins-/Oops_All_Ruins_U5/Content/Traps_BP/Traps_TestWorld.uexp" 3500
"C:/Users/ROG Primary/Documents/GitHub/Oops-All-Ruins-/Oops_All_Ruins_U5/Content/Traps_BP/Traps_TestWorld.umap" 3501
